ISO-10303-21;
HEADER;
FILE_DESCRIPTION (( 'STEP AP214' ),
    '1' );
FILE_NAME ('UAVfixedwing.STEP',
    '2026-04-26T23:48:15',
    ( '' ),
    ( '' ),
    'SwSTEP 2.0',
    'SolidWorks 2025',
    '' );
FILE_SCHEMA (( 'AUTOMOTIVE_DESIGN' ));
ENDSEC;

DATA;
#1 = CARTESIAN_POINT ( 'NONE',  ( -27.72979151140174636, -20.05141955264236486, -66.04108473522127554 ) ) ;
#2 = CARTESIAN_POINT ( 'NONE',  ( -113.0855737256022593, 15.79006852969917141, -75.87711859152153693 ) ) ;
#3 = CARTESIAN_POINT ( 'NONE',  ( -84.22018758910203928, 37.68831941793372664, -282.4444033077361382 ) ) ;
#4 = CARTESIAN_POINT ( 'NONE',  ( -130.0000000000000000, 12.33730565282916736, -60.03019703697202658 ) ) ;
#5 = CARTESIAN_POINT ( 'NONE',  ( 3.816391647148975608E-14, 0.4772935712295018895, -490.0343201291303217 ) ) ;
#6 = CARTESIAN_POINT ( 'NONE',  ( -130.0000000000000000, 29.50475757100197427, -221.1089375331781923 ) ) ;
#7 = CARTESIAN_POINT ( 'NONE',  ( -85.08939338710949585, -6.278138582881114260, 4.571201068461799188 ) ) ;
#8 = CARTESIAN_POINT ( 'NONE',  ( 130.0000000000000568, -8.842984877391282694, -131.0336439933634836 ) ) ;
#9 = EDGE_LOOP ( 'NONE', ( #3811, #2391, #3324, #1509, #611 ) ) ;
#10 = CARTESIAN_POINT ( 'NONE',  ( -43.32592431391209686, 50.52517096545192032, -219.6475662096051451 ) ) ;
#11 = CARTESIAN_POINT ( 'NONE',  ( 29.16458642436693438, 5.627395255965647713, 45.88694503641148970 ) ) ;
#12 = CARTESIAN_POINT ( 'NONE',  ( 82.63843806579454565, -19.57399829827458504, -292.9531578364684492 ) ) ;
#13 = ORIENTED_EDGE ( 'NONE', *, *, #1563, .T. ) ;
#14 = CARTESIAN_POINT ( 'NONE',  ( -130.0000000000000000, -2.248562945857999651, 38.19824749573304956 ) ) ;
#15 = CARTESIAN_POINT ( 'NONE',  ( 17.36862387483456160, 21.47786106175372467, 44.38994822148659836 ) ) ;
#16 = CARTESIAN_POINT ( 'NONE',  ( 25.00000000000000711, -7.963224597458864906, 49.99999999999999289 ) ) ;
#17 = CARTESIAN_POINT ( 'NONE',  ( 3.805888839102576268E-14, -1.176558342809159496, -489.3942138521862830 ) ) ;
#18 = CARTESIAN_POINT ( 'NONE',  ( -130.0000000000000000, -8.858791613414220834, -136.8386127027485486 ) ) ;
#19 = CARTESIAN_POINT ( 'NONE',  ( 18.77166878604508327, -31.89388769295167236, -79.07525579545819028 ) ) ;
#20 = EDGE_CURVE ( 'NONE', #3751, #3985, #238, .T. ) ;
#21 = CARTESIAN_POINT ( 'NONE',  ( 87.24071310142551283, 19.46438975023102458, -74.57926606674077163 ) ) ;
#22 = CARTESIAN_POINT ( 'NONE',  ( 66.29333395737111800, 39.83695611934888348, -337.0665616022423023 ) ) ;
#23 = CARTESIAN_POINT ( 'NONE',  ( -130.0000000000000000, 6.134888764953447371, -27.53521809429033951 ) ) ;
#24 = CARTESIAN_POINT ( 'NONE',  ( 82.05234005417585763, 0.000000000000000000, -360.0395846282601724 ) ) ;
#25 = CARTESIAN_POINT ( 'NONE',  ( -130.0000000000002274, -4.746166961278781571, -291.7730153911001594 ) ) ;
#26 = CARTESIAN_POINT ( 'NONE',  ( 17.91173803401282072, -26.33242441464018313, 0.1158109771483190054 ) ) ;
#27 = CARTESIAN_POINT ( 'NONE',  ( -130.0000000000000000, -8.827573527550557131, -125.5579161920519482 ) ) ;
#28 = EDGE_LOOP ( 'NONE', ( #3830, #1092 ) ) ;
#29 = CARTESIAN_POINT ( 'NONE',  ( -86.42030349058323679, 38.69913480230881220, -225.8962651379048907 ) ) ;
#30 = CARTESIAN_POINT ( 'NONE',  ( 68.36331668829066643, 4.995903715146151391, 17.66947913346035648 ) ) ;
#31 = CARTESIAN_POINT ( 'NONE',  ( 52.01654815208741667, -27.98698977326282744, -365.2951777063166787 ) ) ;
#32 = VERTEX_POINT ( 'NONE', #3725 ) ;
#33 = CARTESIAN_POINT ( 'NONE',  ( -130.0000000000000284, 22.68471038850063337, -111.6819989605793495 ) ) ;
#34 = CARTESIAN_POINT ( 'NONE',  ( -649.9999999999998863, -4.597332125566650163, 25.50455934244075351 ) ) ;
#35 = B_SPLINE_SURFACE_WITH_KNOTS ( 'NONE', 2, 1, ( 
 ( #3953, #613 ),
 ( #2273, #1943 ),
 ( #3012, #16 ) ),
 .UNSPECIFIED., .F., .F., .F.,
 ( 3, 3 ),
 ( 2, 2 ),
 ( 0.000000000000000000, 1.000000000000000000 ),
 ( 0.000000000000000000, 1.000000000000000000 ),
 .UNSPECIFIED. ) ;
#36 = CARTESIAN_POINT ( 'NONE',  ( 3.784883223009775696E-14, -3.456738276830789047, -486.9917455309287107 ) ) ;
#37 = CARTESIAN_POINT ( 'NONE',  ( 650.0000000000010232, 11.28702252924378158, 10.45691933972043053 ) ) ;
#38 = AXIS2_PLACEMENT_3D ( 'NONE', #1587, #1228, #322 ) ;
#39 = CARTESIAN_POINT ( 'NONE',  ( 28.43932802720837572, -21.69076064088256217, -86.11291380750701308 ) ) ;
#40 = VECTOR ( 'NONE', #2452, 1000.000000000000000 ) ;
#41 = CARTESIAN_POINT ( 'NONE',  ( -3.389746483310181992E-15, 34.55885484876584002, -18.44617447548495903 ) ) ;
#42 = CARTESIAN_POINT ( 'NONE',  ( 67.00957589741584286, -23.96331257416339611, -352.6347910808244137 ) ) ;
#43 = CARTESIAN_POINT ( 'NONE',  ( -130.0000000000000284, 10.60182682749741367, -51.57299232516278664 ) ) ;
#44 = CARTESIAN_POINT ( 'NONE',  ( 68.52599975600139715, 5.622232951107379861, -401.6413586237812865 ) ) ;
#45 = ADVANCED_FACE ( 'NONE', ( #1023 ), #1701, .F. ) ;
#46 = CARTESIAN_POINT ( 'NONE',  ( -130.0000000000002274, -5.462221746353456808, -13.30970990249177177 ) ) ;
#47 = CARTESIAN_POINT ( 'NONE',  ( 18.27381414013165895, -28.94894036041053553, -33.19961299005289135 ) ) ;
#48 = CARTESIAN_POINT ( 'NONE',  ( -20.47644378568800505, -35.96142880512098827, -236.3613790257592200 ) ) ;
#49 = ORIENTED_EDGE ( 'NONE', *, *, #1998, .F. ) ;
#50 = CARTESIAN_POINT ( 'NONE',  ( 1.372193374551968127E-15, 57.69710170183925158, -248.2548182525073912 ) ) ;
#51 = CARTESIAN_POINT ( 'NONE',  ( -22.45082487981147068, 30.89879171255308776, -430.3384506465460504 ) ) ;
#52 = CARTESIAN_POINT ( 'NONE',  ( 33.70943553642353407, 4.501811712923554865, 41.68778476032915137 ) ) ;
#53 = CARTESIAN_POINT ( 'NONE',  ( -22.42260285607684622, -31.40572607218976131, -415.4297286365040804 ) ) ;
#54 = ORIENTED_EDGE ( 'NONE', *, *, #690, .F. ) ;
#55 = CARTESIAN_POINT ( 'NONE',  ( -56.45459054861326820, 2.784827751966000076, 44.84357899504083633 ) ) ;
#56 = CARTESIAN_POINT ( 'NONE',  ( 130.0000000000000000, -8.636946443903715576, -98.70053680507895422 ) ) ;
#57 = CARTESIAN_POINT ( 'NONE',  ( -34.76930233734207576, -5.010148385799993775, 40.74911202448561909 ) ) ;
#58 = CARTESIAN_POINT ( 'NONE',  ( -23.11658205947123790, -3.377324404751231857, -473.8203039757480042 ) ) ;
#59 = CARTESIAN_POINT ( 'NONE',  ( 130.0000000000002842, 29.22274893821157704, -174.4446042271080159 ) ) ;
#60 = CARTESIAN_POINT ( 'NONE',  ( 84.66314028775057920, -13.00328485886918983, -46.71835147150773793 ) ) ;
#61 = CARTESIAN_POINT ( 'NONE',  ( 57.40473419934998844, 16.20209049083674913, -38.56044577818489216 ) ) ;
#62 = CARTESIAN_POINT ( 'NONE',  ( -52.79524063604506523, -25.78335871790001477, -384.0015899028329045 ) ) ;
#63 = CARTESIAN_POINT ( 'NONE',  ( -129.9999999999999716, 27.13759066306853285, -144.2985924359503827 ) ) ;
#64 = CARTESIAN_POINT ( 'NONE',  ( 55.06986716225834044, 7.017135725799755086, -428.8565611493819461 ) ) ;
#65 = CARTESIAN_POINT ( 'NONE',  ( -650.0000000000000000, 4.281287769626501285E-16, -2.043143630665324562 ) ) ;
#66 = CARTESIAN_POINT ( 'NONE',  ( 58.06146891514744368, -9.575182865561657763, -11.22588248838313341 ) ) ;
#67 = CARTESIAN_POINT ( 'NONE',  ( 83.33109935225316178, -18.69332281119313421, -208.6651900414107672 ) ) ;
#68 = CARTESIAN_POINT ( 'NONE',  ( -650.0000000000001137, -4.864542218301404652, 45.45790700926104222 ) ) ;
#69 = CARTESIAN_POINT ( 'NONE',  ( -130.0000000000000000, 27.96611919047557393, -153.8309076102011375 ) ) ;
#70 = CARTESIAN_POINT ( 'NONE',  ( -41.11688514427155638, 23.56921655863129317, -424.9502341287882814 ) ) ;
#71 = CARTESIAN_POINT ( 'NONE',  ( -52.37399383370836858, 4.459492412662107164, 27.18631164136655087 ) ) ;
#72 = CARTESIAN_POINT ( 'NONE',  ( -649.9999999999998863, 3.861569357340815412, -2.008862218929602594 ) ) ;
#73 = CARTESIAN_POINT ( 'NONE',  ( -129.9999999999997158, -8.714370557380773263, -241.1138923804288936 ) ) ;
#74 = ORIENTED_EDGE ( 'NONE', *, *, #2028, .T. ) ;
#75 = CARTESIAN_POINT ( 'NONE',  ( -129.9999999999999432, -8.962138142817751785, -186.0429968193882075 ) ) ;
#76 = CARTESIAN_POINT ( 'NONE',  ( 655.0000000000000000, -1.591052431238389575, -0.6894684822842815919 ) ) ;
#77 = CARTESIAN_POINT ( 'NONE',  ( -31.07197696430952760, -5.526429166822403261, 44.09389621951265070 ) ) ;
#78 = CARTESIAN_POINT ( 'NONE',  ( 23.02606303294160384, -9.377677660412183869, -466.6843019584693479 ) ) ;
#79 = CARTESIAN_POINT ( 'NONE',  ( 129.9999999999996021, 29.53048330092007845, -184.2695958552479567 ) ) ;
#80 = CARTESIAN_POINT ( 'NONE',  ( 84.60097837742742399, -13.44024415296499342, -54.32477773899250906 ) ) ;
#81 = CARTESIAN_POINT ( 'NONE',  ( 37.62424105001960584, 18.64573790942590392, -38.77216701617089001 ) ) ;
#82 = CARTESIAN_POINT ( 'NONE',  ( -82.45195233482483843, -17.89728439743727861, -315.2673881199036714 ) ) ;
#83 = CARTESIAN_POINT ( 'NONE',  ( -655.0000000000000000, -2.500000000000002220, 159.9568563693341616 ) ) ;
#84 = CARTESIAN_POINT ( 'NONE',  ( 98.82358448512077587, 6.880466078463505220, -322.2426959278193976 ) ) ;
#85 = CARTESIAN_POINT ( 'NONE',  ( 130.0000000000000000, -8.827546663810474925, -125.5584806646063925 ) ) ;
#86 = CARTESIAN_POINT ( 'NONE',  ( 58.15599117200217449, -9.951449574462422731, -14.81273803401897560 ) ) ;
#87 = CARTESIAN_POINT ( 'NONE',  ( 83.54422590193271958, -18.24263467213026146, -182.7595725640882165 ) ) ;
#88 = CARTESIAN_POINT ( 'NONE',  ( -650.0000000000014779, -4.812373855825597957, 58.19650882194468267 ) ) ;
#89 = CARTESIAN_POINT ( 'NONE',  ( -15.44451961389083294, 48.28140527475908783, -155.7322022348776329 ) ) ;
#90 = CARTESIAN_POINT ( 'NONE',  ( 99.70353070487281855, 19.72473326337964394, -304.2691618177775581 ) ) ;
#91 =( NAMED_UNIT ( * ) PLANE_ANGLE_UNIT ( ) SI_UNIT ( $, .RADIAN. ) );
#92 = CARTESIAN_POINT ( 'NONE',  ( -129.9999999999996021, 29.53048330092007845, -184.2695958552479567 ) ) ;
#93 = CARTESIAN_POINT ( 'NONE',  ( 30.70984487778978078, -25.89146639246150627, -150.3329242406224466 ) ) ;
#94 = APPLICATION_CONTEXT ( 'automotive_design' ) ;
#95 = EDGE_LOOP ( 'NONE', ( #2665, #2990 ) ) ;
#96 = CARTESIAN_POINT ( 'NONE',  ( -130.0000000000000284, -8.900322406769193506, -33.09251925987894083 ) ) ;
#97 = CARTESIAN_POINT ( 'NONE',  ( -650.0000000000005684, -5.199055558446036507, 137.2234973597448686 ) ) ;
#98 = EDGE_CURVE ( 'NONE', #1722, #3160, #3379, .T. ) ;
#99 = CARTESIAN_POINT ( 'NONE',  ( -85.14267502452939596, -5.762139538812617090, 10.93381451310369457 ) ) ;
#100 = CARTESIAN_POINT ( 'NONE',  ( -57.71699703378662605, -5.713929374422821894, 23.75464319044052885 ) ) ;
#101 = CARTESIAN_POINT ( 'NONE',  ( 41.49479991805119283, -6.129216990765920414, -450.2336900137941598 ) ) ;
#102 = CARTESIAN_POINT ( 'NONE',  ( 649.9999999999997726, 15.17323348003776218, 76.25120314933374743 ) ) ;
#103 = CARTESIAN_POINT ( 'NONE',  ( 130.0000000000001705, -8.618084490537786024, -29.18891330999865019 ) ) ;
#104 = CARTESIAN_POINT ( 'NONE',  ( -86.51770418284132802, 11.73214574743225747, -38.11549806834143084 ) ) ;
#105 = CARTESIAN_POINT ( 'NONE',  ( 82.37202987869527249, -16.32414893592689609, -324.6801315818371449 ) ) ;
#106 = CARTESIAN_POINT ( 'NONE',  ( 650.0000000000000000, -2.292790190944015816, -0.5835869346341980846 ) ) ;
#107 = CARTESIAN_POINT ( 'NONE',  ( 98.78267209995050280, 4.179979625739249194, -323.5179843934276960 ) ) ;
#108 = VECTOR ( 'NONE', #1445, 1000.000000000000000 ) ;
#109 = CARTESIAN_POINT ( 'NONE',  ( -130.0000000000000000, -8.897948674849653017, -145.5572777520328600 ) ) ;
#110 = CARTESIAN_POINT ( 'NONE',  ( -26.45262578294964229, -16.50940066627888925, -29.98518485321814708 ) ) ;
#111 = CARTESIAN_POINT ( 'NONE',  ( -129.9999999999998295, -8.912370615828148601, -158.4916961485056675 ) ) ;
#112 = VECTOR ( 'NONE', #2733, 1000.000000000000000 ) ;
#113 = CARTESIAN_POINT ( 'NONE',  ( 130.0000000000002274, 27.81548047147463265, -240.6849628390662588 ) ) ;
#114 = CARTESIAN_POINT ( 'NONE',  ( 58.79340568888877527, 39.58196494557356004, -155.2690865559888209 ) ) ;
#115 = CARTESIAN_POINT ( 'NONE',  ( -40.45892415471661963, 32.29138752680019309, -407.9880403108609244 ) ) ;
#116 = CARTESIAN_POINT ( 'NONE',  ( -57.60690415037910128, 4.699784258231098910, 23.80573168153624053 ) ) ;
#117 = CARTESIAN_POINT ( 'NONE',  ( -130.0000000000003126, 28.53670825889099660, -233.3912633006074202 ) ) ;
#118 = CARTESIAN_POINT ( 'NONE',  ( 19.72211856460709356, -35.44162190801292667, -166.7404053090434104 ) ) ;
#119 = ORIENTED_EDGE ( 'NONE', *, *, #2769, .F. ) ;
#120 = LINE ( 'NONE', #1793, #2208 ) ;
#121 = CARTESIAN_POINT ( 'NONE',  ( -129.9999999999998295, -9.128745563420039844, -44.13071501631942795 ) ) ;
#122 = EDGE_CURVE ( 'NONE', #1624, #1199, #4004, .T. ) ;
#123 = CARTESIAN_POINT ( 'NONE',  ( -112.8082244689595655, -3.952259226561839256, 2.473336621974606242 ) ) ;
#124 = CARTESIAN_POINT ( 'NONE',  ( -130.0000000000000000, -3.365902336598347588, -8.221635166732246702 ) ) ;
#125 = CARTESIAN_POINT ( 'NONE',  ( 130.0000000000000000, 2.499999999999996003, 1.252022385781562428E-14 ) ) ;
#126 = B_SPLINE_CURVE_WITH_KNOTS ( 'NONE', 3,
 ( #3994, #635, #697, #2650, #2339, #18, #366 ),
 .UNSPECIFIED., .F., .F.,
 ( 4, 1, 1, 1, 4 ),
 ( 0.4931484220302213561, 0.5000000000000000000, 0.5156250000000000000, 0.5312499999999998890, 0.5326316384920344316 ),
 .UNSPECIFIED. ) ;
#127 = CARTESIAN_POINT ( 'NONE',  ( 1.280139518775461569E-14, -39.21123652048677144, -129.3890024494296824 ) ) ;
#128 = CARTESIAN_POINT ( 'NONE',  ( 113.0330343408853793, 10.63025850739938960, -50.42548765202110417 ) ) ;
#129 = CARTESIAN_POINT ( 'NONE',  ( 52.58758930698981260, -26.60092791101100929, -379.0598699003507477 ) ) ;
#130 = CARTESIAN_POINT ( 'NONE',  ( -129.9999999999999716, 25.72768720712064194, -131.9344950520102770 ) ) ;
#131 = CARTESIAN_POINT ( 'NONE',  ( -82.06923052729432300, 5.589443021596804506, -357.1320457089696561 ) ) ;
#132 = CARTESIAN_POINT ( 'NONE',  ( -130.0000000000000000, 29.64889676611488056, -202.8005194195359309 ) ) ;
#133 = CARTESIAN_POINT ( 'NONE',  ( -18.13803560033716167, -28.02856569000475417, -20.70036826849003830 ) ) ;
#134 = CARTESIAN_POINT ( 'NONE',  ( -83.54422590193271958, -18.24263467213027923, -182.7595725640882449 ) ) ;
#135 = CARTESIAN_POINT ( 'NONE',  ( 649.9999999999994316, -4.097599610241743129, 149.8836976994703605 ) ) ;
#136 = CARTESIAN_POINT ( 'NONE',  ( 15.75351395013365341, 51.63973612213925435, -186.1579916207835481 ) ) ;
#137 = CARTESIAN_POINT ( 'NONE',  ( -130.0000000000000000, 19.37906185719236873, -281.6197276976475337 ) ) ;
#138 = CARTESIAN_POINT ( 'NONE',  ( -28.30175202223577458, 5.958310199790225248, 46.71740768327047988 ) ) ;
#139 = CARTESIAN_POINT ( 'NONE',  ( -650.0000000000000000, 0.4789065826735508513, -2.258818635179239642 ) ) ;
#140 = CARTESIAN_POINT ( 'NONE',  ( -29.85840105882165929, -24.58766378838551248, -126.2512008345747461 ) ) ;
#141 = ORIENTED_EDGE ( 'NONE', *, *, #470, .T. ) ;
#142 = CARTESIAN_POINT ( 'NONE',  ( -130.0000000000000000, -8.902509471626409265, -33.16141492150789816 ) ) ;
#143 = CARTESIAN_POINT ( 'NONE',  ( -77.42609632416123588, -5.951199175503780303, 13.35814754268803561 ) ) ;
#144 = CARTESIAN_POINT ( 'NONE',  ( -650.0000000000000000, -4.806817352304094904, 142.9051601418954647 ) ) ;
#145 = CARTESIAN_POINT ( 'NONE',  ( -129.9999999999999716, -8.952400793083540975, -165.1257925479468724 ) ) ;
#146 = CARTESIAN_POINT ( 'NONE',  ( 59.85739179539133659, -17.00668772437760268, -79.68096188991867734 ) ) ;
#147 = CARTESIAN_POINT ( 'NONE',  ( 112.9162801526249780, 2.803254711480913208, 13.10353735537445630 ) ) ;
#148 = CARTESIAN_POINT ( 'NONE',  ( -82.29210742256519495, -14.02280707277352256, -333.9575325073533349 ) ) ;
#149 = CARTESIAN_POINT ( 'NONE',  ( -130.0000000000000000, 24.72327737326612507, -124.5404638503961507 ) ) ;
#150 = CARTESIAN_POINT ( 'NONE',  ( -23.07682102747422093, 11.15770543525477088, -463.5353416358710206 ) ) ;
#151 = CARTESIAN_POINT ( 'NONE',  ( -650.0000000000001137, 5.928726354756717498, -0.3183855007678863536 ) ) ;
#152 = EDGE_CURVE ( 'NONE', #2065, #2439, #4148, .T. ) ;
#153 = CARTESIAN_POINT ( 'NONE',  ( -130.0000000000002274, -3.842864017270769317, -7.552068200721771873 ) ) ;
#154 = CARTESIAN_POINT ( 'NONE',  ( -35.81850779159774589, -29.47914433134784318, -294.8182671855768717 ) ) ;
#155 = CARTESIAN_POINT ( 'NONE',  ( 649.9999999999998863, -5.533856192504184257, 127.0536829631036539 ) ) ;
#156 = CARTESIAN_POINT ( 'NONE',  ( -29.43035237904955181, 46.16808157600610230, -155.6302560836844862 ) ) ;
#157 = CARTESIAN_POINT ( 'NONE',  ( -52.95699902677077375, 36.83338997432355200, -377.2738785496925402 ) ) ;
#158 = CARTESIAN_POINT ( 'NONE',  ( -31.83520433494323143, 4.858760024276770118, 43.38476609931243644 ) ) ;
#159 = CARTESIAN_POINT ( 'NONE',  ( -129.9999999999997726, 27.58533458697480256, -243.1739019695494903 ) ) ;
#160 = CARTESIAN_POINT ( 'NONE',  ( -84.18360555097136455, -15.97901650311758814, -105.1567381373450729 ) ) ;
#161 = VERTEX_POINT ( 'NONE', #745 ) ;
#162 = CARTESIAN_POINT ( 'NONE',  ( 130.0000000000000000, 0.000000000000000000, 0.000000000000000000 ) ) ;
#163 = PLANE ( 'NONE',  #2350 ) ;
#164 = CARTESIAN_POINT ( 'NONE',  ( -130.0000000000000000, -2.567429080092167304, -0.8241723184514615497 ) ) ;
#165 = CARTESIAN_POINT ( 'NONE',  ( -130.0000000000000284, -8.971960000679002789, -184.5519964778645772 ) ) ;
#166 = CARTESIAN_POINT ( 'NONE',  ( -60.23548082281106986, -18.07253506511487728, -94.14271319523732018 ) ) ;
#167 = CARTESIAN_POINT ( 'NONE',  ( 56.54823451419068903, 4.901140870030670449, 21.84683745691987156 ) ) ;
#168 = CARTESIAN_POINT ( 'NONE',  ( 22.75450595335245296, -22.70225052921858122, -444.3140168284093079 ) ) ;
#169 = CARTESIAN_POINT ( 'NONE',  ( -390.0000000000000000, -2.499999999999998224, 79.97842818466708081 ) ) ;
#170 = CARTESIAN_POINT ( 'NONE',  ( -82.11852687421230712, 10.62097141246509580, -352.3723991406212122 ) ) ;
#171 = DIRECTION ( 'NONE',  ( -1.000000000000000000, 0.000000000000000000, 0.000000000000000000 ) ) ;
#172 = CARTESIAN_POINT ( 'NONE',  ( 18.31907365339656479, -29.24622154529801676, -37.36701690678611243 ) ) ;
#173 = CARTESIAN_POINT ( 'NONE',  ( -102.9551419753288570, -12.94907718989871626, -214.5363734931402178 ) ) ;
#174 = CARTESIAN_POINT ( 'NONE',  ( 649.9999999999996589, -3.391231781106678334, 154.9273879537303173 ) ) ;
#175 = CARTESIAN_POINT ( 'NONE',  ( 129.9999999999999147, 25.10352321246280383, -126.8746438913306349 ) ) ;
#176 = ADVANCED_FACE ( 'NONE', ( #2081 ), #3686, .F. ) ;
#177 = CARTESIAN_POINT ( 'NONE',  ( -40.20191991939218923, 34.93980697548758485, -402.0072237351532749 ) ) ;
#178 = CARTESIAN_POINT ( 'NONE',  ( -130.0000000000000568, 20.61441769890724629, -100.2907879440224832 ) ) ;
#179 = PLANE ( 'NONE',  #2630 ) ;
#180 = CARTESIAN_POINT ( 'NONE',  ( 24.70243571062658816, -11.11743946804281080, 19.32022447719909763 ) ) ;
#181 = CARTESIAN_POINT ( 'NONE',  ( 19.63159953807739555, -35.30427952862920193, -158.3891153869809330 ) ) ;
#182 = ORIENTED_EDGE ( 'NONE', *, *, #2906, .T. ) ;
#183 = CARTESIAN_POINT ( 'NONE',  ( 35.60448345171174367, 54.73869411906264304, -309.7911355899312298 ) ) ;
#184 = CARTESIAN_POINT ( 'NONE',  ( -650.0000000000004547, -4.846196733684288382, 40.23939878427281513 ) ) ;
#185 = COLOUR_RGB ( '',0.7921568627450980005, 0.8196078431372548767, 0.9333333333333333481 ) ;
#186 = CARTESIAN_POINT ( 'NONE',  ( -23.61447971972302895, -6.929827187435410707, 50.00000000000000000 ) ) ;
#187 = PLANE ( 'NONE',  #3332 ) ;
#188 = CARTESIAN_POINT ( 'NONE',  ( -650.0000000000001137, -4.908659876761084284, 141.6540361906459680 ) ) ;
#189 = CARTESIAN_POINT ( 'NONE',  ( -41.42633037026076437, -19.71992186875078445, -103.6102347587582386 ) ) ;
#190 = CARTESIAN_POINT ( 'NONE',  ( 85.56637665838903217, 3.785238571287586673, 23.57626379095957958 ) ) ;
#191 = CARTESIAN_POINT ( 'NONE',  ( 2.807418015366253340E-14, -25.28837119847084836, -452.7880347249048896 ) ) ;
#192 = CARTESIAN_POINT ( 'NONE',  ( -649.9999999999997726, -3.386479293603499752, 7.645870484556512636 ) ) ;
#193 = CARTESIAN_POINT ( 'NONE',  ( 54.89190442953980664, 13.58377042742991136, -420.5356756215089149 ) ) ;
#194 = CARTESIAN_POINT ( 'NONE',  ( -655.0000000000000000, 97.50000000000000000, 209.9568563693341332 ) ) ;
#195 = CARTESIAN_POINT ( 'NONE',  ( 58.62860245627715727, -12.35159313387499225, -32.73463185853761104 ) ) ;
#196 = CARTESIAN_POINT ( 'NONE',  ( -130.0000000000000000, -8.969439648781900587, -191.5559549086620166 ) ) ;
#197 = CARTESIAN_POINT ( 'NONE',  ( 649.9999999999995453, -3.765477387668767939, 152.4071652299781476 ) ) ;
#198 = CARTESIAN_POINT ( 'NONE',  ( 3.381721104118232040E-15, 45.48275745365604195, -120.1911734201497097 ) ) ;
#199 = CARTESIAN_POINT ( 'NONE',  ( 21.67716146932551879, 42.64267860922159059, -400.7374691718561621 ) ) ;
#200 = CARTESIAN_POINT ( 'NONE',  ( -129.9999999999999716, 17.96430116555042034, -86.93234018614111847 ) ) ;
#201 = CARTESIAN_POINT ( 'NONE',  ( 655.0000000000000000, -5.030492278198098077, 44.20262323450449315 ) ) ;
#202 = CARTESIAN_POINT ( 'NONE',  ( -650.0000000000007958, -4.278691733862537205, 17.44671888143255600 ) ) ;
#203 = CARTESIAN_POINT ( 'NONE',  ( 17.77595949421826305, -25.18724309314758614, 12.59575291572994260 ) ) ;
#204 = CARTESIAN_POINT ( 'NONE',  ( -129.9999999999999716, -8.796421522528001802, -114.6158842408099474 ) ) ;
#205 = ORIENTED_EDGE ( 'NONE', *, *, #1533, .F. ) ;
#206 = CARTESIAN_POINT ( 'NONE',  ( 1.393199791643873198E-14, 56.94459337536881094, -339.3123843867554683 ) ) ;
#207 = CARTESIAN_POINT ( 'NONE',  ( -130.0000000000000284, -8.822286845675304079, -119.1508120200742553 ) ) ;
#208 = CARTESIAN_POINT ( 'NONE',  ( -129.9999999999997158, -8.962669560104119526, -219.1040026951096422 ) ) ;
#209 = CARTESIAN_POINT ( 'NONE',  ( -650.0000000000003411, 15.93427308426123545, 44.46099126754911879 ) ) ;
#210 = DIRECTION ( 'NONE',  ( 1.000000000000000000, 0.000000000000000000, 0.000000000000000000 ) ) ;
#211 = CARTESIAN_POINT ( 'NONE',  ( -130.0000000000000000, -8.972107036572163352, -184.8413882378952735 ) ) ;
#212 = CARTESIAN_POINT ( 'NONE',  ( 129.9999999999997442, -8.683634037142885731, -59.76477958570140459 ) ) ;
#213 = CARTESIAN_POINT ( 'NONE',  ( 85.83528523863439830, 5.650544383224509914, 0.7094352908934605795 ) ) ;
#214 = CARTESIAN_POINT ( 'NONE',  ( 53.57393312000301933, -21.03959952987081294, -402.1966798015034215 ) ) ;
#215 = LINE ( 'NONE', #169, #2355 ) ;
#216 = CARTESIAN_POINT ( 'NONE',  ( 129.9999999999997158, 12.04035037609875225, -295.5486950974458296 ) ) ;
#217 = CARTESIAN_POINT ( 'NONE',  ( 130.0000000000000000, 26.32950652909596911, -108.2495061304323372 ) ) ;
#218 = CARTESIAN_POINT ( 'NONE',  ( 110.2412218389143845, -7.963821586285014575, -20.21495462972408319 ) ) ;
#219 = CARTESIAN_POINT ( 'NONE',  ( 2.161671335344735722E-14, -37.18018022625175689, -343.4094375646327535 ) ) ;
#220 = CARTESIAN_POINT ( 'NONE',  ( 129.9999999999998295, -7.726485661604798771, -267.4955365454599132 ) ) ;
#221 = CARTESIAN_POINT ( 'NONE',  ( -58.58327776612966176, 33.12858360961116233, -109.2836251245891930 ) ) ;
#222 = CARTESIAN_POINT ( 'NONE',  ( 53.34892174155453404, 33.89889772054742423, -384.4535776702522298 ) ) ;
#223 = CARTESIAN_POINT ( 'NONE',  ( 650.0000000000000000, -4.458943618638788742, 74.54809306092938925 ) ) ;
#224 = CARTESIAN_POINT ( 'NONE',  ( -129.9999999999998010, -8.882651744563025531, -106.9879989833264347 ) ) ;
#225 = CARTESIAN_POINT ( 'NONE',  ( 129.9999999999999432, -2.108989117702084304, 28.01494470505285150 ) ) ;
#226 = CARTESIAN_POINT ( 'NONE',  ( 1.484768260848180270E-14, -39.92947316324656271, -180.7528779447496277 ) ) ;
#227 = VERTEX_POINT ( 'NONE', #415 ) ;
#228 = CARTESIAN_POINT ( 'NONE',  ( 63.67342255746775948, 47.99466698883680493, -284.5193945208199580 ) ) ;
#229 = CARTESIAN_POINT ( 'NONE',  ( -129.9999999999999716, -9.051987499066653342, -88.65745116595803665 ) ) ;
#230 = CARTESIAN_POINT ( 'NONE',  ( -51.39359416492110455, -28.40714021070237649, -350.0536760169222816 ) ) ;
#231 = EDGE_LOOP ( 'NONE', ( #2311, #532, #380, #3280 ) ) ;
#232 = CARTESIAN_POINT ( 'NONE',  ( -35.19679049859818321, -2.571938710113033544, 50.00000000000000000 ) ) ;
#233 = CARTESIAN_POINT ( 'NONE',  ( -130.0000000000000000, 7.963224597458997245, -1.126675055215588883E-15 ) ) ;
#234 = EDGE_CURVE ( 'NONE', #833, #1769, #1968, .T. ) ;
#235 = FACE_OUTER_BOUND ( 'NONE', #4008, .T. ) ;
#236 = CARTESIAN_POINT ( 'NONE',  ( -84.29016882581100845, -15.42528616637112826, -92.20948180454212206 ) ) ;
#237 = CARTESIAN_POINT ( 'NONE',  ( 35.43603442313731477, 5.589233427167980217, 21.02915513195576835 ) ) ;
#238 = B_SPLINE_CURVE_WITH_KNOTS ( 'NONE', 3,
 ( #3705, #767, #2433, #4044, #1065, #357, #1086, #2102, #2020, #3765 ),
 .UNSPECIFIED., .F., .F.,
 ( 4, 1, 1, 1, 1, 1, 1, 4 ),
 ( 0.000000000000000000, 0.04439672623128410045, 0.1055674303164610972, 0.1545344229380065659, 0.2942112193946346821, 0.5193243751567255817, 0.5827852728133232629, 0.8626312156191613401 ),
 .UNSPECIFIED. ) ;
#239 = CARTESIAN_POINT ( 'NONE',  ( -40.50144879592174618, -20.93480692745367122, -425.2393153756673314 ) ) ;
#240 = CARTESIAN_POINT ( 'NONE',  ( -649.9999999999997726, -1.591052431238389575, -0.6894684822842815919 ) ) ;
#241 = CARTESIAN_POINT ( 'NONE',  ( -41.56683097561661810, 13.71763477626736893, -440.3123827226658022 ) ) ;
#242 = CARTESIAN_POINT ( 'NONE',  ( 25.00000000000000711, 7.868799009346824747, 49.99999999999999289 ) ) ;
#243 = CARTESIAN_POINT ( 'NONE',  ( 1.295539931984207397E-15, -35.47993755581572373, -43.84126219397933966 ) ) ;
#244 = CARTESIAN_POINT ( 'NONE',  ( 102.7343516764321549, -12.98532051877094950, -220.4362421397067919 ) ) ;
#245 = CARTESIAN_POINT ( 'NONE',  ( 650.0000000000003411, -4.502784281943032596, 22.53906048993645683 ) ) ;
#246 = CARTESIAN_POINT ( 'NONE',  ( -29.43035237904955181, 44.93235744177405877, -144.5063613873019222 ) ) ;
#247 = CARTESIAN_POINT ( 'NONE',  ( 3.048471577168226920E-14, 39.63519789342993960, -422.0442568967891930 ) ) ;
#248 =( NAMED_UNIT ( * ) SI_UNIT ( $, .STERADIAN. ) SOLID_ANGLE_UNIT ( ) );
#249 = CARTESIAN_POINT ( 'NONE',  ( 650.0000000000000000, -4.647574224469146031, 23.64293699311642882 ) ) ;
#250 = CARTESIAN_POINT ( 'NONE',  ( -649.9999999999992042, -3.313647973744899833, 7.312483577800199974 ) ) ;
#251 = CARTESIAN_POINT ( 'NONE',  ( 57.17926118450113648, -5.943290446670076221, 22.20185019023405459 ) ) ;
#252 = CARTESIAN_POINT ( 'NONE',  ( 83.97047900129194886, -16.79488673947565758, -131.0188381542773470 ) ) ;
#253 = EDGE_LOOP ( 'NONE', ( #1353, #1027, #1812, #396 ) ) ;
#254 = CARTESIAN_POINT ( 'NONE',  ( 1.378334363419560542E-14, 58.76149846569693835, -301.2685249819390947 ) ) ;
#255 = CARTESIAN_POINT ( 'NONE',  ( -130.0000000000000000, -8.932593653934542743, -101.2729738523592005 ) ) ;
#256 = CARTESIAN_POINT ( 'NONE',  ( 130.0000000000000000, -2.248562945857996098, 38.19824749573305667 ) ) ;
#257 = VECTOR ( 'NONE', #2316, 1000.000000000000000 ) ;
#258 = CARTESIAN_POINT ( 'NONE',  ( 2.823700271932096571E-14, -36.66714239768332106, -386.3586717489175726 ) ) ;
#259 = EDGE_LOOP ( 'NONE', ( #361, #3365 ) ) ;
#260 = CARTESIAN_POINT ( 'NONE',  ( -35.30061616312589479, -2.963221087734647874, 47.42309232253972340 ) ) ;
#261 = CARTESIAN_POINT ( 'NONE',  ( 650.0000000000000000, -5.621079369299994966, 113.7089570969025516 ) ) ;
#262 = CARTESIAN_POINT ( 'NONE',  ( 25.80651512145435333, -7.336738203764447519, 49.17948075463719704 ) ) ;
#263 = B_SPLINE_CURVE_WITH_KNOTS ( 'NONE', 3,
 ( #2037, #1366, #354, #1346, #2696, #2308, #3061, #393, #1040, #1719, #1661, #1995, #981 ),
 .UNSPECIFIED., .F., .F.,
 ( 4, 1, 1, 1, 1, 1, 2, 1, 1, 4 ),
 ( 0.3460937789542734011, 0.3479717457943767300, 0.3796055408665928166, 0.4112393359388088476, 0.4428731310110249342, 0.4745069260832409652, 0.5061407211554570518, 0.5370069260832409652, 0.5678731310110248787, 0.5779085404619643818 ),
 .UNSPECIFIED. ) ;
#264 = CARTESIAN_POINT ( 'NONE',  ( -130.0000000000000284, 22.95649315866636186, -113.2749514258614454 ) ) ;
#265 = CARTESIAN_POINT ( 'NONE',  ( -41.06907800856711077, -13.54089056644985689, -439.7354703126754885 ) ) ;
#266 = CARTESIAN_POINT ( 'NONE',  ( -655.0000000000000000, -3.386479293603499752, 7.645870484556512636 ) ) ;
#267 = CARTESIAN_POINT ( 'NONE',  ( -99.53262251520965265, 18.50128778569870747, -306.9133637896863434 ) ) ;
#268 = CARTESIAN_POINT ( 'NONE',  ( 17.36862387483456160, 21.02767035150206709, 50.00000000000000000 ) ) ;
#269 = CARTESIAN_POINT ( 'NONE',  ( 58.91216922684183999, -13.85096083265498379, -43.51123144621347194 ) ) ;
#270 = CARTESIAN_POINT ( 'NONE',  ( 2.319565485704897357E-14, -37.98989362658586089, -317.7116803944190906 ) ) ;
#271 = CARTESIAN_POINT ( 'NONE',  ( 649.9999999999990905, -4.948506200794915877, 93.87757884291788457 ) ) ;
#272 = CARTESIAN_POINT ( 'NONE',  ( -58.77513369560539047, 37.32000968353177228, -135.2038831273690960 ) ) ;
#273 = CARTESIAN_POINT ( 'NONE',  ( 102.6947539625688393, 29.05256320844204865, -271.3751283969725137 ) ) ;
#274 = FILL_AREA_STYLE_COLOUR ( '', #4300 ) ;
#275 = CARTESIAN_POINT ( 'NONE',  ( -129.9999999999998863, 23.42133304454373643, -115.8740697258308074 ) ) ;
#276 = CARTESIAN_POINT ( 'NONE',  ( -649.9999999999994316, -4.711045251446504878, 73.47616753905022335 ) ) ;
#277 = CARTESIAN_POINT ( 'NONE',  ( -129.9999999999998295, -2.252047288942995440, 5.784738842302980188 ) ) ;
#278 = CARTESIAN_POINT ( 'NONE',  ( 106.9293673554664252, -11.88372921892786671, -108.6664066069126307 ) ) ;
#279 = ORIENTED_EDGE ( 'NONE', *, *, #2769, .T. ) ;
#280 = CARTESIAN_POINT ( 'NONE',  ( -129.9999999999998010, 28.28313595318190821, -235.9130565648079880 ) ) ;
#281 = CARTESIAN_POINT ( 'NONE',  ( -130.0000000000000000, -9.136104780880016207, -79.55421055287189347 ) ) ;
#282 = CARTESIAN_POINT ( 'NONE',  ( 2.634649727096896787E-14, -36.92546611743959772, -360.5904836397126587 ) ) ;
#283 = CARTESIAN_POINT ( 'NONE',  ( -24.99999999999999289, -7.963224597458962606, 50.00000000000000000 ) ) ;
#284 = CARTESIAN_POINT ( 'NONE',  ( 655.0000000000000000, -5.621079369299994966, 113.7089570969025516 ) ) ;
#285 = CARTESIAN_POINT ( 'NONE',  ( -82.21218496643558638, -10.75503399734141752, -343.0357974548273319 ) ) ;
#286 = CARTESIAN_POINT ( 'NONE',  ( 650.0000000000001137, 13.16191641041160487, 18.15197784032036310 ) ) ;
#287 = CARTESIAN_POINT ( 'NONE',  ( 84.74306274388034410, -12.15802227044957462, -36.96882399970302657 ) ) ;
#288 = CARTESIAN_POINT ( 'NONE',  ( 82.95812789031414525, -19.12049167838011599, -254.0560155160416684 ) ) ;
#289 = CARTESIAN_POINT ( 'NONE',  ( 649.9999999999998863, -2.903855320502511272, 4.794019675608078401 ) ) ;
#290 = CARTESIAN_POINT ( 'NONE',  ( 39.79494202388710988, 31.26133676777553205, -84.38326598372027831 ) ) ;
#291 = CARTESIAN_POINT ( 'NONE',  ( 83.95177344912136164, 36.63767031856065159, -289.3904915578293640 ) ) ;
#292 = CARTESIAN_POINT ( 'NONE',  ( -130.0000000000000284, 8.283663792893317890, -39.66851552232013489 ) ) ;
#293 = CARTESIAN_POINT ( 'NONE',  ( 3.642453431430305033E-14, 1.429174226328229436, -488.9163810409903022 ) ) ;
#294 = EDGE_CURVE ( 'NONE', #3398, #558, #1604, .T. ) ;
#295 = CARTESIAN_POINT ( 'NONE',  ( -130.0000000000000568, -7.990924838750976811, -262.6130056043820673 ) ) ;
#296 = CARTESIAN_POINT ( 'NONE',  ( 111.3451733333971134, -3.774305596251253281, 8.505320038101631397 ) ) ;
#297 = CARTESIAN_POINT ( 'NONE',  ( -31.84510330308040693, -26.99907559784917765, -182.4454083874035462 ) ) ;
#298 = ORIENTED_EDGE ( 'NONE', *, *, #2745, .F. ) ;
#299 = CARTESIAN_POINT ( 'NONE',  ( -86.75178761973982944, 38.09424380001721744, -216.6107514165740326 ) ) ;
#300 = CARTESIAN_POINT ( 'NONE',  ( -130.0000000000000000, -9.052369502075363172, -88.61811654199388499 ) ) ;
#301 = CARTESIAN_POINT ( 'NONE',  ( -50.45916318417159374, -27.84349656168193476, -326.9341929722833697 ) ) ;
#302 = CARTESIAN_POINT ( 'NONE',  ( -35.81974448576444559, -4.818705222055575277, 34.58230435449674900 ) ) ;
#303 = FACE_OUTER_BOUND ( 'NONE', #1048, .T. ) ;
#304 = CARTESIAN_POINT ( 'NONE',  ( 43.36665410117242203, -4.917292667527465966, 33.65022883449525182 ) ) ;
#305 = CARTESIAN_POINT ( 'NONE',  ( -82.18554414772548000, -9.473971601100943829, -346.0378849852216376 ) ) ;
#306 = CARTESIAN_POINT ( 'NONE',  ( 650.0000000000009095, 14.28798642130621666, 24.24135809520705465 ) ) ;
#307 = CARTESIAN_POINT ( 'NONE',  ( -84.76970356259029415, -11.71545964084385361, -33.74138706407815391 ) ) ;
#308 = CARTESIAN_POINT ( 'NONE',  ( 650.0000000000006821, -4.714429045158213150, 30.17288296115925661 ) ) ;
#309 = CARTESIAN_POINT ( 'NONE',  ( -27.59585348357846257, 31.30126620303329332, -72.56770707167524392 ) ) ;
#310 = CARTESIAN_POINT ( 'NONE',  ( -83.69215977274647855, 35.32888629944427095, -296.2487987127296378 ) ) ;
#311 = CARTESIAN_POINT ( 'NONE',  ( -130.0000000000000568, 3.568702465205733976, -10.22162528919298374 ) ) ;
#312 = CARTESIAN_POINT ( 'NONE',  ( 82.05234005417581500, 0.4568495041261245726, -359.8792378617987993 ) ) ;
#313 = CARTESIAN_POINT ( 'NONE',  ( -655.0000000000000000, 97.50000000000000000, 209.9568563693341332 ) ) ;
#314 = CARTESIAN_POINT ( 'NONE',  ( -129.9999999999999432, -2.147176546234868866, 11.09329296796010489 ) ) ;
#315 = CARTESIAN_POINT ( 'NONE',  ( -105.3102384968919267, -12.47559466740440648, -151.6900144888319062 ) ) ;
#316 = ADVANCED_FACE ( 'NONE', ( #3871 ), #3833, .T. ) ;
#317 = ORIENTED_EDGE ( 'NONE', *, *, #736, .F. ) ;
#318 = CARTESIAN_POINT ( 'NONE',  ( 61.87915854279973615, 48.00818461823255490, -248.6537584076021119 ) ) ;
#319 = CARTESIAN_POINT ( 'NONE',  ( 120.0687229478346723, 3.023694095346360911, 0.9761522294656720389 ) ) ;
#320 = CARTESIAN_POINT ( 'NONE',  ( -82.53187479095457491, -18.93073198621160813, -305.7611980626072068 ) ) ;
#321 = ORIENTED_EDGE ( 'NONE', *, *, #1105, .T. ) ;
#322 = DIRECTION ( 'NONE',  ( 0.000000000000000000, 0.000000000000000000, -1.000000000000000000 ) ) ;
#323 = CARTESIAN_POINT ( 'NONE',  ( 55.61930100533774635, -5.626259429042216098, 25.05019060338832304 ) ) ;
#324 = CLOSED_SHELL ( 'NONE', ( #1371, #1917, #4028, #666, #3733, #2964, #557, #1505, #3232, #1052, #3972, #3659, #45, #3787, #176, #1317, #1853, #3470, #1718, #1129, #1394, #1888, #2451, #2673, #897, #1823, #3144 ) ) ;
#325 = CARTESIAN_POINT ( 'NONE',  ( 82.23882578514552222, -11.95238837303772428, -340.0288739400240274 ) ) ;
#326 = CARTESIAN_POINT ( 'NONE',  ( 650.0000000000000000, 16.61642253788177115, 54.98053558237530325 ) ) ;
#327 = AXIS2_PLACEMENT_3D ( 'NONE', #3244, #1257, #617 ) ;
#328 = LINE ( 'NONE', #716, #2914 ) ;
#329 = CARTESIAN_POINT ( 'NONE',  ( -27.30406960191773180, -18.97233440959294981, -54.00751260500789641 ) ) ;
#330 = CARTESIAN_POINT ( 'NONE',  ( -113.1097585217412558, 18.31431718493058014, -88.47011272462140141 ) ) ;
#331 = CARTESIAN_POINT ( 'NONE',  ( -65.03163037733580154, 45.35640457051650287, -311.3520529387767510 ) ) ;
#332 = CARTESIAN_POINT ( 'NONE',  ( -130.0000000000000000, 8.163148745700725684, -39.02170693068453744 ) ) ;
#333 = CARTESIAN_POINT ( 'NONE',  ( -82.05234005417580079, 0.000000000000000000, -360.0395846282602292 ) ) ;
#334 = CARTESIAN_POINT ( 'NONE',  ( -649.9999999999997726, -2.241123147502864565, 0.9852166963758295370 ) ) ;
#335 = CARTESIAN_POINT ( 'NONE',  ( 18.00225706054252939, -27.04039437277675617, -8.208062713345947614 ) ) ;
#336 = CARTESIAN_POINT ( 'NONE',  ( -106.0462061598803558, -12.18845263009598767, -132.1224529721137344 ) ) ;
#337 = ORIENTED_EDGE ( 'NONE', *, *, #2244, .F. ) ;
#338 = CARTESIAN_POINT ( 'NONE',  ( 32.11947587358794465, 54.20060065255493953, -240.4442608720366934 ) ) ;
#339 = CARTESIAN_POINT ( 'NONE',  ( -655.0000000000000000, -2.500000000000002220, 159.9568563693341616 ) ) ;
#340 = B_SPLINE_CURVE_WITH_KNOTS ( 'NONE', 3,
 ( #3089, #1480, #830, #748, #2127, #770, #3463, #3421, #2106, #3441, #600, #3874 ),
 .UNSPECIFIED., .F., .F.,
 ( 4, 1, 1, 1, 1, 1, 1, 1, 1, 4 ),
 ( 0.6344884771975972670, 0.6604717457943767300, 0.6913379507221606435, 0.7222041556499445569, 0.7530703605777284704, 0.7839365655055123838, 0.8148027704332962973, 0.8456689753610802107, 0.8611020778249722785, 0.8721192968697444314 ),
 .UNSPECIFIED. ) ;
#341 = EDGE_CURVE ( 'NONE', #1911, #4201, #2174, .T. ) ;
#342 = CARTESIAN_POINT ( 'NONE',  ( 38.65665385482442673, -30.48322099496803261, -375.1808823335234138 ) ) ;
#343 = ORIENTED_EDGE ( 'NONE', *, *, #341, .T. ) ;
#344 = CARTESIAN_POINT ( 'NONE',  ( 35.19679049859815478, 2.960458454887675117, 44.60899079200733297 ) ) ;
#345 = CARTESIAN_POINT ( 'NONE',  ( 39.46034337863339658, -4.824170214050838013, 36.75304054326124970 ) ) ;
#346 = EDGE_CURVE ( 'NONE', #582, #1071, #4097, .T. ) ;
#347 = CARTESIAN_POINT ( 'NONE',  ( -22.93554400641183832, -14.54947926884373466, -459.3746340636670311 ) ) ;
#348 = CARTESIAN_POINT ( 'NONE',  ( 649.9999999999998863, 2.682245518332176726, -2.448125827867271731 ) ) ;
#349 = CARTESIAN_POINT ( 'NONE',  ( -84.71642192517028036, -12.50394264480716622, -40.21009214159066403 ) ) ;
#350 = CARTESIAN_POINT ( 'NONE',  ( -15.88796551778020039, 39.00111823953402279, -83.68534053842078890 ) ) ;
#351 = CARTESIAN_POINT ( 'NONE',  ( 51.89880769685472472, 42.86610492473261047, -359.1287108086575017 ) ) ;
#352 = CARTESIAN_POINT ( 'NONE',  ( -129.9999999999999716, 8.134597534231136962, -38.86817866424309642 ) ) ;
#353 = CARTESIAN_POINT ( 'NONE',  ( 98.76012629629450146, 0.4457122049340403458, -323.8793693256812389 ) ) ;
#354 = CARTESIAN_POINT ( 'NONE',  ( -130.0000000000000568, 29.67031860442866886, -199.1519130361807299 ) ) ;
#355 = CARTESIAN_POINT ( 'NONE',  ( -25.88499657030433809, -14.87580720088088881, -13.98113659469692038 ) ) ;
#356 = CARTESIAN_POINT ( 'NONE',  ( 20.26523272378536689, -35.74030521284663564, -216.8631062878078808 ) ) ;
#357 = CARTESIAN_POINT ( 'NONE',  ( 130.0000000000000000, 30.78506574819514796, -194.4024094288105005 ) ) ;
#358 = CARTESIAN_POINT ( 'NONE',  ( 86.16068981420851003, 39.07732738104327552, -232.9049184822279699 ) ) ;
#359 = CARTESIAN_POINT ( 'NONE',  ( 130.0000000000000284, 2.500244765859712004, 3.286243849200294609E-08 ) ) ;
#360 = CARTESIAN_POINT ( 'NONE',  ( -52.01654815208740246, -27.98698977326282034, -365.2951777063168493 ) ) ;
#361 = ORIENTED_EDGE ( 'NONE', *, *, #1563, .F. ) ;
#362 = CARTESIAN_POINT ( 'NONE',  ( 23.61447971972303961, 6.929827187435400049, 50.00000000000000000 ) ) ;
#363 = CARTESIAN_POINT ( 'NONE',  ( -649.9999999999998863, -5.533856192504184257, 127.0536829631036539 ) ) ;
#364 = EDGE_CURVE ( 'NONE', #2596, #2044, #2069, .T. ) ;
#365 = CARTESIAN_POINT ( 'NONE',  ( 23.07132254620646705, -6.486384796685789489, -470.2756389943610884 ) ) ;
#366 = CARTESIAN_POINT ( 'NONE',  ( -130.0000000000000000, -8.859097232325479965, -137.0002639088358478 ) ) ;
#367 = DIRECTION ( 'NONE',  ( 1.000000000000000000, 0.000000000000000000, 0.000000000000000000 ) ) ;
#368 = CARTESIAN_POINT ( 'NONE',  ( 3.341827352711392038E-15, -37.91648300329922705, -95.16128086919088958 ) ) ;
#369 = CARTESIAN_POINT ( 'NONE',  ( -87.46142108709834417, 22.00902388953211286, -86.72003543282642113 ) ) ;
#370 = CARTESIAN_POINT ( 'NONE',  ( 130.0000000000002558, -8.255546336050509026, -256.6935163816517047 ) ) ;
#371 = CARTESIAN_POINT ( 'NONE',  ( -130.0000000000000000, 9.078212989074428307, -43.85697309192473625 ) ) ;
#372 = CARTESIAN_POINT ( 'NONE',  ( -41.77039472249250451, 2.839401144428657542, -453.9054452005691473 ) ) ;
#373 = CARTESIAN_POINT ( 'NONE',  ( -130.0000000000000000, 16.38521706740847961, -292.0777583804543838 ) ) ;
#374 = CARTESIAN_POINT ( 'NONE',  ( 4.134818401153822568E-15, -35.01244850341909398, -35.29140212065393456 ) ) ;
#375 = CARTESIAN_POINT ( 'NONE',  ( 83.70407081419247675, -17.66612538604200822, -163.3421934594140623 ) ) ;
#376 = CARTESIAN_POINT ( 'NONE',  ( 655.0000000000000000, 97.50000000000000000, 149.9568563693341332 ) ) ;
#377 = CARTESIAN_POINT ( 'NONE',  ( 107.9737714039025320, 32.04092734635850093, -225.9767285651317650 ) ) ;
#378 = CARTESIAN_POINT ( 'NONE',  ( -650.0000000000000000, -4.717262615735997144, 72.70854621470378731 ) ) ;
#379 = CARTESIAN_POINT ( 'NONE',  ( -100.5632470706165691, -12.31848596491259151, -278.2714313593775159 ) ) ;
#380 = ORIENTED_EDGE ( 'NONE', *, *, #815, .T. ) ;
#381 = CARTESIAN_POINT ( 'NONE',  ( -130.0000000000000000, 2.426920770987667453, 46.24849529766871825 ) ) ;
#382 = CARTESIAN_POINT ( 'NONE',  ( -650.0000000000000000, -4.513852952645343031, 22.81279988664856617 ) ) ;
#383 = CARTESIAN_POINT ( 'NONE',  ( -130.0000000000000000, -8.266812941568893791, -24.74607960313421273 ) ) ;
#384 = CARTESIAN_POINT ( 'NONE',  ( -54.97557959112701553, -3.121912859513960026, -433.0313002435734120 ) ) ;
#385 = CARTESIAN_POINT ( 'NONE',  ( 130.0000000000002842, 24.90757869473691244, -125.5707334394893167 ) ) ;
#386 = B_SPLINE_CURVE_WITH_KNOTS ( 'NONE', 3,
 ( #986, #3343, #2022, #3363 ),
 .UNSPECIFIED., .F., .F.,
 ( 4, 4 ),
 ( 0.8625891552511146809, 0.8626312153117657866 ),
 .UNSPECIFIED. ) ;
#387 = CARTESIAN_POINT ( 'NONE',  ( 7.285660815073816076E-15, -37.14491758052059822, -78.05248180659430091 ) ) ;
#388 = AXIS2_PLACEMENT_3D ( 'NONE', #2337, #4012, #1293 ) ;
#389 = CARTESIAN_POINT ( 'NONE',  ( 86.76124402910164690, 14.22936532465980974, -50.28599204849829363 ) ) ;
#390 = CARTESIAN_POINT ( 'NONE',  ( -52.95097913283674984, -25.06739219233059046, -387.6873396238961504 ) ) ;
#391 = DIRECTION ( 'NONE',  ( -0.000000000000000000, -0.8944271909999158554, -0.4472135954999578167 ) ) ;
#392 = CARTESIAN_POINT ( 'NONE',  ( 41.74389822645696313, 5.649143476110674911, -450.7088159330207873 ) ) ;
#393 = CARTESIAN_POINT ( 'NONE',  ( -130.0000000000000000, 27.96611919047557393, -153.8309076102011375 ) ) ;
#394 = CARTESIAN_POINT ( 'NONE',  ( 111.0139878850526856, -4.190323019539875737, -0.1008199370201572492 ) ) ;
#395 = CARTESIAN_POINT ( 'NONE',  ( -129.9999999999999716, -8.951228854442623728, -178.6926872030599327 ) ) ;
#396 = ORIENTED_EDGE ( 'NONE', *, *, #346, .T. ) ;
#397 = CARTESIAN_POINT ( 'NONE',  ( -42.42620608171296226, 48.84822276117633777, -201.3182806796655484 ) ) ;
#398 = CARTESIAN_POINT ( 'NONE',  ( -67.78914967477864195, 26.09464956330409535, -372.0732784782159683 ) ) ;
#399 = CARTESIAN_POINT ( 'NONE',  ( 48.27119259061045398, 4.240141436570867839, 30.02600973905212811 ) ) ;
#400 = CARTESIAN_POINT ( 'NONE',  ( -649.9999999999996589, 13.67963031588050349, 20.74987795324516071 ) ) ;
#401 = CARTESIAN_POINT ( 'NONE',  ( -100.7472389863630582, -12.62376513868383299, -273.4062813140581056 ) ) ;
#402 = ORIENTED_EDGE ( 'NONE', *, *, #1181, .F. ) ;
#403 = CARTESIAN_POINT ( 'NONE',  ( -112.8907054256731612, 2.484245916792443332, 50.00000000000000000 ) ) ;
#404 = CARTESIAN_POINT ( 'NONE',  ( -650.0000000000000000, -4.806817352304094904, 142.9051601418954647 ) ) ;
#405 = CARTESIAN_POINT ( 'NONE',  ( 130.0000000000000000, -0.7725814987683823354, -299.5081903596102961 ) ) ;
#406 = CARTESIAN_POINT ( 'NONE',  ( 68.52193200709490384, -1.047251233556474093, -405.5232985243455914 ) ) ;
#407 = CARTESIAN_POINT ( 'NONE',  ( 129.9999999999996874, 29.15646893076548096, -223.5977964423110507 ) ) ;
#408 = CARTESIAN_POINT ( 'NONE',  ( -28.20281585527286694, -21.15288519677896062, -79.42237830994885428 ) ) ;
#409 = CARTESIAN_POINT ( 'NONE',  ( 16.58695651882612054, 32.04279746520527539, -38.97073485498252410 ) ) ;
#410 = CARTESIAN_POINT ( 'NONE',  ( 2.744401167087853833E-14, -28.24945247422357752, -444.8026860535003379 ) ) ;
#411 = CARTESIAN_POINT ( 'NONE',  ( -130.0000000000000000, 26.55868488639945113, -138.9479005086597567 ) ) ;
#412 = CARTESIAN_POINT ( 'NONE',  ( 3.442834235542068771E-14, 8.903697624468412286, -479.5138490688571551 ) ) ;
#413 = CARTESIAN_POINT ( 'NONE',  ( 3.504649918369823946E-15, -34.50736810361397033, -26.74425287563053644 ) ) ;
#414 = CARTESIAN_POINT ( 'NONE',  ( -83.43766262709286252, -18.53641860840528821, -195.7127711351943447 ) ) ;
#415 = CARTESIAN_POINT ( 'NONE',  ( -130.0000000000000000, 24.48513641704478516, -122.9135510181347115 ) ) ;
#416 = CARTESIAN_POINT ( 'NONE',  ( -41.28111014982321336, 45.02872661764961038, -166.6098233513071705 ) ) ;
#417 = EDGE_CURVE ( 'NONE', #3010, #833, #3951, .T. ) ;
#418 = CARTESIAN_POINT ( 'NONE',  ( -54.03819451603276747, 27.39973846827592752, -398.1693435159784258 ) ) ;
#419 = CARTESIAN_POINT ( 'NONE',  ( -51.33799484574795002, 4.405451956193832785, 27.88618290615817941 ) ) ;
#420 = CARTESIAN_POINT ( 'NONE',  ( -130.0000000000001421, 7.158957483477921713, -299.9327764534615426 ) ) ;
#421 = CARTESIAN_POINT ( 'NONE',  ( 61.18070339136068725, -20.25945195414112021, -130.2583216891593736 ) ) ;
#422 = EDGE_LOOP ( 'NONE', ( #729, #3528, #2268, #3792, #3064, #926, #1935, #1985, #3255, #2737, #2898, #646, #1651, #119, #664, #4295 ) ) ;
#423 = CARTESIAN_POINT ( 'NONE',  ( -130.0000000000000000, -8.814559833487191298, -30.91989590518868170 ) ) ;
#424 = CARTESIAN_POINT ( 'NONE',  ( -130.0000000000002274, -9.057702365172687564, -39.74436102413292815 ) ) ;
#425 = CARTESIAN_POINT ( 'NONE',  ( 111.6763587817422803, -3.423352756031830868, 17.09563831399864497 ) ) ;
#426 = CARTESIAN_POINT ( 'NONE',  ( -32.44951436761741803, -5.285378450459911726, 42.82756083561533700 ) ) ;
#427 = CARTESIAN_POINT ( 'NONE',  ( 129.9999999999998863, -2.288837961156001910, -298.1656410028315349 ) ) ;
#428 = CARTESIAN_POINT ( 'NONE',  ( 650.0000000000003411, 13.46684377102566188, 92.03609250868841229 ) ) ;
#429 = CARTESIAN_POINT ( 'NONE',  ( 27.87169881456309284, -20.38803838213788211, -70.05504660310928955 ) ) ;
#430 = CARTESIAN_POINT ( 'NONE',  ( -16.89793235396891902, 28.91791695795118144, -18.30641268631522323 ) ) ;
#431 = CARTESIAN_POINT ( 'NONE',  ( -39.79191228011514170, -26.78636108957781303, -406.4304887080489834 ) ) ;
#432 = CARTESIAN_POINT ( 'NONE',  ( 650.0000000000000000, -4.919946131704839409, 55.73511145143537959 ) ) ;
#433 = CARTESIAN_POINT ( 'NONE',  ( 98.76972201028925724, 2.762796979819557297, -323.8373626216260845 ) ) ;
#434 = CARTESIAN_POINT ( 'NONE',  ( -650.0000000000000000, 13.24729296927947431, 18.60895225942335784 ) ) ;
#435 = CARTESIAN_POINT ( 'NONE',  ( 85.00947093097992990, -7.060171578226743350, -4.989084788579475571 ) ) ;
#436 = CARTESIAN_POINT ( 'NONE',  ( 33.83180554733908707, -28.90580319143324317, -238.6653816037316744 ) ) ;
#437 = CARTESIAN_POINT ( 'NONE',  ( -649.9999999999987494, -4.847413472381434829, 53.10225853387641592 ) ) ;
#438 = CARTESIAN_POINT ( 'NONE',  ( 87.52036144132388529, 35.87260592540251025, -191.4673459156063018 ) ) ;
#439 = CARTESIAN_POINT ( 'NONE',  ( -99.70353070487288960, 19.72473326337962973, -304.2691618177787518 ) ) ;
#440 = CARTESIAN_POINT ( 'NONE',  ( 650.0000000000000000, -4.717634318646522829, 78.57223393979150217 ) ) ;
#441 = CARTESIAN_POINT ( 'NONE',  ( -130.0000000000002842, 29.22274893821157704, -174.4446042271080159 ) ) ;
#442 = CARTESIAN_POINT ( 'NONE',  ( 9.013343697767380035E-15, -39.94332358311139330, -172.1904974555171179 ) ) ;
#443 = EDGE_LOOP ( 'NONE', ( #2618, #2705 ) ) ;
#444 = CARTESIAN_POINT ( 'NONE',  ( -129.9999999999999716, -8.962571280606219659, -35.39280221054876563 ) ) ;
#445 = CARTESIAN_POINT ( 'NONE',  ( -130.0000000000002274, -5.462221746353456808, -13.30970990249177177 ) ) ;
#446 = CARTESIAN_POINT ( 'NONE',  ( -68.51300885849920519, -6.002392257933802711, 17.59244270808114763 ) ) ;
#447 = CARTESIAN_POINT ( 'NONE',  ( -41.63670722121241852, -3.216447729779960518, -453.6274791830538220 ) ) ;
#448 = CARTESIAN_POINT ( 'NONE',  ( 649.9999999999992042, 14.89092891359504023, 28.60060489153833174 ) ) ;
#449 = CARTESIAN_POINT ( 'NONE',  ( 28.20281585527288470, -21.15288519677896417, -79.42237830994882586 ) ) ;
#450 = CARTESIAN_POINT ( 'NONE',  ( 86.28177495677745412, 9.442894528639333984, -25.91124085873825322 ) ) ;
#451 = CARTESIAN_POINT ( 'NONE',  ( 82.42531151611518681, -17.44100863308000626, -318.4167542937397002 ) ) ;
#452 = CARTESIAN_POINT ( 'NONE',  ( -130.0000000000000000, 28.05935278258188603, -154.9907918986008895 ) ) ;
#453 = CARTESIAN_POINT ( 'NONE',  ( 23.14014484771603719, 5.657482225837294543, -470.6591264156313059 ) ) ;
#454 = LINE ( 'NONE', #804, #2488 ) ;
#455 = CARTESIAN_POINT ( 'NONE',  ( 129.9999999999997726, -2.252047288942991887, 5.784738842302963313 ) ) ;
#456 = CARTESIAN_POINT ( 'NONE',  ( 2.409015368931378303E-14, -38.41509321249664310, -306.3065385641012881 ) ) ;
#457 = VECTOR ( 'NONE', #1670, 1000.000000000000000 ) ;
#458 = CARTESIAN_POINT ( 'NONE',  ( 129.9999999999999432, -7.914310677877572253, -22.17356211210612571 ) ) ;
#459 = CARTESIAN_POINT ( 'NONE',  ( -130.0000000000000000, 28.52692049201314717, -161.2797449782888748 ) ) ;
#460 = CARTESIAN_POINT ( 'NONE',  ( -22.74827903124037221, 23.97537907323497919, -443.6559190965918447 ) ) ;
#461 = CARTESIAN_POINT ( 'NONE',  ( -95.80795688140348432, 4.411938350198601810, 6.600562611666569879 ) ) ;
#462 = CARTESIAN_POINT ( 'NONE',  ( -649.9999999999997726, 15.94960066095438300, 60.37307887283198227 ) ) ;
#463 =( GEOMETRIC_REPRESENTATION_CONTEXT ( 3 ) GLOBAL_UNCERTAINTY_ASSIGNED_CONTEXT ( ( #1050 ) ) GLOBAL_UNIT_ASSIGNED_CONTEXT ( ( #2362, #3696, #2996 ) ) REPRESENTATION_CONTEXT ( 'NONE', 'WORKASPACE' ) );
#464 = B_SPLINE_CURVE_WITH_KNOTS ( 'NONE', 3,
 ( #2726, #3095, #3772, #4052, #56, #1051, #3447, #1730, #2067, #3732, #775, #2441, #731 ),
 .UNSPECIFIED., .F., .F.,
 ( 4, 1, 1, 1, 1, 1, 1, 1, 1, 1, 4 ),
 ( 0.000000000000000000, 0.07849048165555250200, 0.1257738752950267047, 0.4342717073836632746, 0.4926896054752946119, 0.6713906272002603259, 0.8120745432707875411, 0.8868479384872488547, 0.9302443695780578947, 0.9570642371581885577, 1.000000000000000000 ),
 .UNSPECIFIED. ) ;
#465 = CARTESIAN_POINT ( 'NONE',  ( -19.36004245848819849, -34.57714965334573520, -133.3381781667180803 ) ) ;
#466 = EDGE_LOOP ( 'NONE', ( #3072, #3467 ) ) ;
#467 = CARTESIAN_POINT ( 'NONE',  ( -650.0000000000000000, -4.760486024848496811, 78.56379940855549648 ) ) ;
#468 = CARTESIAN_POINT ( 'NONE',  ( -58.78356800581742903, -5.755848607460796629, 23.10422816782822508 ) ) ;
#469 = CARTESIAN_POINT ( 'NONE',  ( -650.0000000000006821, -4.826714885155049650, 88.77214088405463599 ) ) ;
#470 = EDGE_CURVE ( 'NONE', #1722, #1311, #2962, .T. ) ;
#471 = CARTESIAN_POINT ( 'NONE',  ( 129.9999999999998863, 21.74172647307254636, -106.2070057408723329 ) ) ;
#472 = CARTESIAN_POINT ( 'NONE',  ( 41.73780736384403411, -20.30000708250973318, -111.3090185864885058 ) ) ;
#473 = CARTESIAN_POINT ( 'NONE',  ( 25.97717798757434693, 22.53363865995747162, -38.88004748216674500 ) ) ;
#474 = CARTESIAN_POINT ( 'NONE',  ( -22.66398692682267324, -25.79491710776529345, -436.5834963819364702 ) ) ;
#475 = CARTESIAN_POINT ( 'NONE',  ( -130.0000000000000000, 29.61448213222597303, -189.6959019702964042 ) ) ;
#476 = CARTESIAN_POINT ( 'NONE',  ( 82.05633922318412488, 2.790818044827999334, -358.8718106675853505 ) ) ;
#477 =( NAMED_UNIT ( * ) PLANE_ANGLE_UNIT ( ) SI_UNIT ( $, .RADIAN. ) );
#478 = CARTESIAN_POINT ( 'NONE',  ( -58.43955794256725511, -11.30665033905439820, -25.56683496293479507 ) ) ;
#479 = CARTESIAN_POINT ( 'NONE',  ( -64.58350463813872011, -24.17903299568935438, -260.2326087252082516 ) ) ;
#480 = CARTESIAN_POINT ( 'NONE',  ( 650.0000000000002274, -5.487374858719721082, 129.5990185697785080 ) ) ;
#481 = CARTESIAN_POINT ( 'NONE',  ( 88.01318740325572776, 32.97670928330388307, -164.1157730222336397 ) ) ;
#482 = CARTESIAN_POINT ( 'NONE',  ( 53.63945575403543131, 31.39425490541404429, -390.0381737367579831 ) ) ;
#483 = CARTESIAN_POINT ( 'NONE',  ( -77.25823163316344733, 4.992484928218885898, 13.43190048624816590 ) ) ;
#484 = CARTESIAN_POINT ( 'NONE',  ( -129.9999999999996874, 29.15646893076548096, -223.5977964423110507 ) ) ;
#485 = CARTESIAN_POINT ( 'NONE',  ( 8.227393242608194217E-15, -39.45326092216236447, -137.9478728028161640 ) ) ;
#486 = ORIENTED_EDGE ( 'NONE', *, *, #2104, .F. ) ;
#487 = CARTESIAN_POINT ( 'NONE',  ( -650.0000000000000000, 13.24729296927947431, 18.60895225942335784 ) ) ;
#488 = CARTESIAN_POINT ( 'NONE',  ( -650.0000000000000000, 2.500000000000002220, 159.9568563693341616 ) ) ;
#489 = CARTESIAN_POINT ( 'NONE',  ( 55.13131808791865751, 0.000000000000000000, -436.1643530901230292 ) ) ;
#490 = CARTESIAN_POINT ( 'NONE',  ( -649.9999999999992042, -5.564840829634796648, 121.9583442559295179 ) ) ;
#491 = CARTESIAN_POINT ( 'NONE',  ( -19.08848537889911512, -33.47541700544108778, -108.2914738760102296 ) ) ;
#492 = ADVANCED_FACE ( 'NONE', ( #3508 ), #163, .T. ) ;
#493 = CARTESIAN_POINT ( 'NONE',  ( -130.0000000000001990, 1.908160727949893110, 14.48028393430078964 ) ) ;
#494 = CARTESIAN_POINT ( 'NONE',  ( 67.60821685749712628, -19.05721341495910082, -374.4496315664843564 ) ) ;
#495 = CARTESIAN_POINT ( 'NONE',  ( -17.36862387483457937, -21.02767035150204578, 50.00000000000000711 ) ) ;
#496 = CARTESIAN_POINT ( 'NONE',  ( -99.37689150069054733, 17.15624776465484658, -309.5185520782440562 ) ) ;
#497 = CARTESIAN_POINT ( 'NONE',  ( -650.0000000000009095, 8.331929723570592472, 3.108005690030604562 ) ) ;
#498 = CARTESIAN_POINT ( 'NONE',  ( -110.3516169883630909, -7.217432754508703141, -17.33774844003074023 ) ) ;
#499 = CARTESIAN_POINT ( 'NONE',  ( -49.83620919700537399, -27.27773739793173746, -311.4684344688683382 ) ) ;
#500 = CARTESIAN_POINT ( 'NONE',  ( 129.9999999999998863, -9.231549438147963471, -61.73735447066977144 ) ) ;
#501 = CARTESIAN_POINT ( 'NONE',  ( 29.38491587389856008, 43.66636047217299677, -134.3370584977863018 ) ) ;
#502 = CARTESIAN_POINT ( 'NONE',  ( 38.91915977709837904, 44.46061039699027617, -374.7056311183707749 ) ) ;
#503 = CARTESIAN_POINT ( 'NONE',  ( -39.34938491808091499, 4.012893715426205432, 36.84390218494692704 ) ) ;
#504 = CARTESIAN_POINT ( 'NONE',  ( -650.0000000000000000, 2.500000000000002220, 159.9568563693341616 ) ) ;
#505 = CARTESIAN_POINT ( 'NONE',  ( -57.49433537401770167, -7.296611801283556353, 10.25234707080479879 ) ) ;
#506 = CARTESIAN_POINT ( 'NONE',  ( 84.13032391355169182, -16.21931182171243435, -111.6252676123712320 ) ) ;
#507 = ORIENTED_EDGE ( 'NONE', *, *, #3685, .T. ) ;
#508 = CARTESIAN_POINT ( 'NONE',  ( -19.30318059331348834, 56.77365200982438864, -319.9828767301403332 ) ) ;
#509 = DIRECTION ( 'NONE',  ( 0.000000000000000000, -1.000000000000000000, -1.224646799147353454E-16 ) ) ;
#510 = EDGE_LOOP ( 'NONE', ( #2969, #54 ) ) ;
#511 = CARTESIAN_POINT ( 'NONE',  ( -1.956810265758165826E-15, -28.21716273410900300, 47.16688414472869795 ) ) ;
#512 = PLANE ( 'NONE',  #2483 ) ;
#513 = CARTESIAN_POINT ( 'NONE',  ( -130.0000000000000000, -8.948879726270334345, -163.1082990941110609 ) ) ;
#514 = CARTESIAN_POINT ( 'NONE',  ( 108.2541091488460268, -11.24142933792936283, -73.39818177002554478 ) ) ;
#515 = B_SPLINE_SURFACE_WITH_KNOTS ( 'NONE', 3, 1, ( 
 ( #3851, #4222 ),
 ( #2192, #3524 ),
 ( #527, #1881 ),
 ( #3197, #223 ),
 ( #201, #1906 ),
 ( #1576, #249 ),
 ( #1195, #2217 ),
 ( #553, #3225 ),
 ( #2919, #1550 ),
 ( #1242, #2592 ),
 ( #3921, #922 ),
 ( #2264, #3598 ),
 ( #601, #3336 ) ),
 .UNSPECIFIED., .F., .F., .F.,
 ( 4, 1, 1, 1, 1, 1, 1, 1, 1, 1, 4 ),
 ( 2, 2 ),
 ( 0.000000000000000000, 0.3168749234375783930, 0.5360891197806090247, 0.7210716233239784501, 0.8748528582455298297, 0.9142575676723244671, 0.9375603347243219865, 0.9534890465804235493, 0.9747337880816442368, 0.9873352219761176718, 1.000000000000000000 ),
 ( 0.000000000000000000, 1.000000000000000000 ),
 .UNSPECIFIED. ) ;
#516 = CARTESIAN_POINT ( 'NONE',  ( 85.96212890856116928, 6.647463687006880839, -7.508996696801295556 ) ) ;
#517 = CARTESIAN_POINT ( 'NONE',  ( -22.70924644008758264, -24.32447757594431081, -440.4642541585007507 ) ) ;
#518 = CARTESIAN_POINT ( 'NONE',  ( -655.0000000000000000, -5.030492278198098077, 44.20262323450449315 ) ) ;
#519 = CARTESIAN_POINT ( 'NONE',  ( 54.97753102266123193, 11.02544649462914705, -423.9564019080663115 ) ) ;
#520 = CARTESIAN_POINT ( 'NONE',  ( 21.81811819553026410, 10.98448737539970921, 50.00000000000000000 ) ) ;
#521 = CARTESIAN_POINT ( 'NONE',  ( -38.93451442159573617, -14.07389793573912407, -42.02960235219853047 ) ) ;
#522 = CARTESIAN_POINT ( 'NONE',  ( -48.90177821625599819, -26.83703159906615454, -288.3326006341902144 ) ) ;
#523 = CARTESIAN_POINT ( 'NONE',  ( 650.0000000000001137, -4.861998327739189385, 142.2954560239145962 ) ) ;
#524 = CARTESIAN_POINT ( 'NONE',  ( -8.870465623807332194E-15, 44.07470864904320962, -107.3287740206968834 ) ) ;
#525 = CARTESIAN_POINT ( 'NONE',  ( -22.17645109801051007, 35.82897437696364307, -419.2955131880469253 ) ) ;
#526 = CARTESIAN_POINT ( 'NONE',  ( -130.0000000000000000, 14.95899652189594953, -72.52295221454288310 ) ) ;
#527 = CARTESIAN_POINT ( 'NONE',  ( 655.0000000000000000, -5.621079369299994966, 113.7089570969025516 ) ) ;
#528 = CARTESIAN_POINT ( 'NONE',  ( -650.0000000000005684, -4.799005397446348908, 35.26593837205017934 ) ) ;
#529 = CARTESIAN_POINT ( 'NONE',  ( 36.90991396330541363, -8.273737942604164175, 7.757862649556429346 ) ) ;
#530 = VECTOR ( 'NONE', #1096, 1000.000000000000000 ) ;
#531 = CARTESIAN_POINT ( 'NONE',  ( 31.84510330308042825, -26.99907559784918121, -182.4454083874035177 ) ) ;
#532 = ORIENTED_EDGE ( 'NONE', *, *, #1976, .F. ) ;
#533 = CARTESIAN_POINT ( 'NONE',  ( -130.0000000000000000, 29.40130088607969583, -216.7692339858676007 ) ) ;
#534 = CARTESIAN_POINT ( 'NONE',  ( -130.0000000000000568, -9.199581739418476900, -70.68993657662790042 ) ) ;
#535 = STYLED_ITEM ( 'NONE', ( #1600 ), #2113 ) ;
#536 = CARTESIAN_POINT ( 'NONE',  ( 65.52872720668813145, -24.86233056611989767, -296.4241769065336030 ) ) ;
#537 = VERTEX_POINT ( 'NONE', #3883 ) ;
#538 = CARTESIAN_POINT ( 'NONE',  ( 130.0000000000000000, -2.500000000000000000, 50.00000000000000711 ) ) ;
#539 = LINE ( 'NONE', #1867, #1494 ) ;
#540 = CARTESIAN_POINT ( 'NONE',  ( -650.0000000000001137, -4.823711129586524926, 142.7018118739747194 ) ) ;
#541 = CARTESIAN_POINT ( 'NONE',  ( 41.42633037026072884, -19.71992186875078445, -103.6102347587582244 ) ) ;
#542 = CARTESIAN_POINT ( 'NONE',  ( 129.9999999999998295, 2.808381598554894332, -4.590315932790310249 ) ) ;
#543 = CARTESIAN_POINT ( 'NONE',  ( 82.29210742256530864, -14.02280707277353855, -333.9575325073534486 ) ) ;
#544 = FACE_OUTER_BOUND ( 'NONE', #4250, .T. ) ;
#545 = CARTESIAN_POINT ( 'NONE',  ( -54.53406195082435914, 20.82502631648150171, -409.7379651786067711 ) ) ;
#546 = DIRECTION ( 'NONE',  ( 0.000000000000000000, 0.5399176832049001895, 0.8417178240732775540 ) ) ;
#547 = CARTESIAN_POINT ( 'NONE',  ( 84.82298520000998110, -10.58232429064303481, -27.32605536536407342 ) ) ;
#548 = CARTESIAN_POINT ( 'NONE',  ( -83.01140952773384640, -19.01164003626834287, -247.5628315989144141 ) ) ;
#549 = CARTESIAN_POINT ( 'NONE',  ( -130.0000000000002842, -8.688597549814327081, -65.28164005583776941 ) ) ;
#550 = CARTESIAN_POINT ( 'NONE',  ( -58.69976172331138997, 35.35957661842945754, -121.9522853153860211 ) ) ;
#551 = CARTESIAN_POINT ( 'NONE',  ( -101.0054683813419558, 25.29419842619454428, -287.9884786180824676 ) ) ;
#552 = CARTESIAN_POINT ( 'NONE',  ( -130.0000000000000284, 19.90716540646536714, -96.62592800740578980 ) ) ;
#553 = CARTESIAN_POINT ( 'NONE',  ( 655.0000000000000000, -3.386479293603499752, 7.645870484556512636 ) ) ;
#554 = CARTESIAN_POINT ( 'NONE',  ( -129.9999999999998295, -8.896150347453243512, -228.4772145694080052 ) ) ;
#555 = CARTESIAN_POINT ( 'NONE',  ( -85.19595666194936712, -5.246891428828289072, 17.30881305716387430 ) ) ;
#556 = CARTESIAN_POINT ( 'NONE',  ( 44.22962331250900547, -23.54592514011696025, -172.8834978821476795 ) ) ;
#557 = ADVANCED_FACE ( 'NONE', ( #860 ), #3174, .T. ) ;
#558 = VERTEX_POINT ( 'NONE', #1136 ) ;
#559 = CARTESIAN_POINT ( 'NONE',  ( -48.15168574116193412, 52.38716110589541586, -299.3928058989720284 ) ) ;
#560 = CARTESIAN_POINT ( 'NONE',  ( -130.0000000000000284, -9.209702129562614914, -52.94427067765839467 ) ) ;
#561 = CARTESIAN_POINT ( 'NONE',  ( -82.69171970321463050, -19.67037813925307788, -286.5056454967947843 ) ) ;
#562 = CARTESIAN_POINT ( 'NONE',  ( -650.0000000000001137, 11.76039496753761782, 102.4800601122547761 ) ) ;
#563 = CARTESIAN_POINT ( 'NONE',  ( 650.0000000000000000, -4.647574224469146031, 23.64293699311642882 ) ) ;
#564 = PLANE ( 'NONE',  #1850 ) ;
#565 = CARTESIAN_POINT ( 'NONE',  ( 130.0000000000003411, -8.688597549814343068, -65.28164005583776941 ) ) ;
#566 = CARTESIAN_POINT ( 'NONE',  ( 112.9315693915643237, 3.271860494761664295, 2.662225066842839993 ) ) ;
#567 = CARTESIAN_POINT ( 'NONE',  ( -40.21763418959906033, -23.68350587449330646, -417.7988198852788742 ) ) ;
#568 = CARTESIAN_POINT ( 'NONE',  ( -655.0000000000000000, -2.541022349665869928, 1.707494875082272490 ) ) ;
#569 = CARTESIAN_POINT ( 'NONE',  ( -99.00736027979667142, 12.31289809082699982, -317.0051179705789650 ) ) ;
#570 = CARTESIAN_POINT ( 'NONE',  ( -650.0000000000000000, -4.753873881697753490, 143.5461032416250475 ) ) ;
#571 = CARTESIAN_POINT ( 'NONE',  ( -2.488991261361407090E-15, -35.25034098660178472, -39.56604433199409954 ) ) ;
#572 = CARTESIAN_POINT ( 'NONE',  ( 103.3967225731219344, -12.89687977937472319, -202.7389561466838757 ) ) ;
#573 = CARTESIAN_POINT ( 'NONE',  ( 130.0000000000000568, -8.932631045758538946, -155.3399147263498321 ) ) ;
#574 = CARTESIAN_POINT ( 'NONE',  ( 88.06012320915395719, 32.02152771333007308, -154.7616772671285901 ) ) ;
#575 = CARTESIAN_POINT ( 'NONE',  ( 82.81944713182575413, 27.88446678647465049, -321.5389300179834891 ) ) ;
#576 = CARTESIAN_POINT ( 'NONE',  ( 85.30251993678912470, -4.203002830390148326, 30.15909467815751199 ) ) ;
#577 = CARTESIAN_POINT ( 'NONE',  ( -129.9999999999999716, 19.65076096084851187, -95.31720825137608699 ) ) ;
#578 = DIRECTION ( 'NONE',  ( -1.000000000000000000, 0.000000000000000000, 0.000000000000000000 ) ) ;
#579 = CARTESIAN_POINT ( 'NONE',  ( -130.0000000000001705, -8.934584452919713371, -223.5956290728233569 ) ) ;
#580 = CARTESIAN_POINT ( 'NONE',  ( -129.9999999999998863, -2.085892429219012190, 24.40799800510298212 ) ) ;
#581 = CARTESIAN_POINT ( 'NONE',  ( 62.12592595991004885, -21.62217225244185670, -166.3517065055846729 ) ) ;
#582 = VERTEX_POINT ( 'NONE', #4207 ) ;
#583 = CARTESIAN_POINT ( 'NONE',  ( -19.66493006013432421, 55.89165860721264067, -332.0714297339704899 ) ) ;
#584 = CARTESIAN_POINT ( 'NONE',  ( -129.9999999999999716, -8.964595462496106393, -97.73325297473296303 ) ) ;
#585 = EDGE_CURVE ( 'NONE', #227, #537, #3832, .T. ) ;
#586 = CARTESIAN_POINT ( 'NONE',  ( -82.90484625289410303, -19.26559670996887874, -260.5553436258633724 ) ) ;
#587 = CARTESIAN_POINT ( 'NONE',  ( -112.8907054256731612, -2.484245916792440223, 50.00000000000000000 ) ) ;
#588 = CARTESIAN_POINT ( 'NONE',  ( -68.17336506924222306, -7.963224597458962606, 6.076983575326065257 ) ) ;
#589 = CARTESIAN_POINT ( 'NONE',  ( -650.0000000000002274, -5.363893026498584682, 108.6901182839984443 ) ) ;
#590 = CARTESIAN_POINT ( 'NONE',  ( -23.61447971972302895, 6.929827187435414260, 50.00000000000000000 ) ) ;
#591 = CARTESIAN_POINT ( 'NONE',  ( 54.50836410075236671, -10.71435960687660405, -423.1025413025575972 ) ) ;
#592 = CARTESIAN_POINT ( 'NONE',  ( -655.0000000000000000, -2.500000000000001776, 159.9568563693341332 ) ) ;
#593 = CARTESIAN_POINT ( 'NONE',  ( 41.37012098904874335, 18.77349537141260072, -432.8322663152580958 ) ) ;
#594 = CARTESIAN_POINT ( 'NONE',  ( -24.22979730690076750, 8.514086436644804579, 50.00000000000000000 ) ) ;
#595 = CARTESIAN_POINT ( 'NONE',  ( -59.00669148369679817, -14.27438782722031618, -47.11582393645124256 ) ) ;
#596 = CARTESIAN_POINT ( 'NONE',  ( -83.11797280257363241, -18.86948612478278520, -234.5865437540716414 ) ) ;
#597 = CARTESIAN_POINT ( 'NONE',  ( 650.0000000000004547, -4.847149732450782622, 40.36156808454201439 ) ) ;
#598 = CARTESIAN_POINT ( 'NONE',  ( 0.000000000000000000, 48.18501878458910426, -144.3562469229343321 ) ) ;
#599 = CARTESIAN_POINT ( 'NONE',  ( -102.6947539625686829, 29.05256320844217299, -271.3751283969729116 ) ) ;
#600 = CARTESIAN_POINT ( 'NONE',  ( -130.0000000000001137, 2.598624729128223620, -1.537990209829155797 ) ) ;
#601 = CARTESIAN_POINT ( 'NONE',  ( 655.0000000000000000, -1.753317928467107566E-16, -2.043143630665322785 ) ) ;
#602 = CARTESIAN_POINT ( 'NONE',  ( -130.0000000000001990, -8.827566275945528673, -116.4045283153397179 ) ) ;
#603 = CARTESIAN_POINT ( 'NONE',  ( 37.22139095688856258, -9.175384349456590982, 0.1068931800872032212 ) ) ;
#604 = CARTESIAN_POINT ( 'NONE',  ( 19.99367564419622667, -35.60627712439331560, -191.7979959036224784 ) ) ;
#605 = EDGE_LOOP ( 'NONE', ( #3158, #2376, #2396, #2928 ) ) ;
#606 = CARTESIAN_POINT ( 'NONE',  ( -85.05623163166502820, 39.40474512403518759, -261.2595084211866379 ) ) ;
#607 = CARTESIAN_POINT ( 'NONE',  ( -130.0000000000000000, -9.138101824656347461, -79.31792675829110806 ) ) ;
#608 = AXIS2_PLACEMENT_3D ( 'NONE', #1610, #2296, #3261 ) ;
#609 = CARTESIAN_POINT ( 'NONE',  ( 65.71777172039816151, -25.11866588452383198, -303.6802684763661659 ) ) ;
#610 = VECTOR ( 'NONE', #2099, 1000.000000000000000 ) ;
#611 = ORIENTED_EDGE ( 'NONE', *, *, #763, .F. ) ;
#612 = CARTESIAN_POINT ( 'NONE',  ( 650.0000000000000000, 97.50000000000000000, 149.9568563693341332 ) ) ;
#613 = CARTESIAN_POINT ( 'NONE',  ( 130.0000000000000000, -7.963224597458864906, -3.296749183304677888E-14 ) ) ;
#614 = EDGE_CURVE ( 'NONE', #4315, #3398, #1061, .T. ) ;
#615 = CARTESIAN_POINT ( 'NONE',  ( 22.93554400641189517, -14.54947926884373643, -459.3746340636669174 ) ) ;
#616 = CARTESIAN_POINT ( 'NONE',  ( 650.0000000000000000, 15.32227741421964851, 27.81744798420655940 ) ) ;
#617 = DIRECTION ( 'NONE',  ( 0.000000000000000000, -0.5399176832049001895, -0.8417178240732775540 ) ) ;
#618 = CARTESIAN_POINT ( 'NONE',  ( -18.59063073298568369, -30.90801721511361322, -62.38428834101772935 ) ) ;
#619 = CARTESIAN_POINT ( 'NONE',  ( 130.0000000000002842, -8.983714939288097057, -208.0892126253125127 ) ) ;
#620 = CARTESIAN_POINT ( 'NONE',  ( 649.9999999999986358, -5.241968532099956057, 104.0931849191162542 ) ) ;
#621 = CARTESIAN_POINT ( 'NONE',  ( 58.43253382154158970, 30.64869326938080007, -97.05648910841230759 ) ) ;
#622 = CARTESIAN_POINT ( 'NONE',  ( -130.0000000000000568, 27.25663114647636931, -245.4585676214795456 ) ) ;
#623 = CARTESIAN_POINT ( 'NONE',  ( 55.12202589855312596, 2.832319540852155537, -433.3962956916694225 ) ) ;
#624 = CARTESIAN_POINT ( 'NONE',  ( -130.0000000000000853, -8.851880601643273394, -135.7508865295435214 ) ) ;
#625 = CARTESIAN_POINT ( 'NONE',  ( -111.3451733333973124, -3.774305596251243511, 8.505320038101631397 ) ) ;
#626 = CARTESIAN_POINT ( 'NONE',  ( 129.9999999999998863, -8.751703067729051710, -98.20774864606175925 ) ) ;
#627 = ORIENTED_EDGE ( 'NONE', *, *, #1669, .T. ) ;
#628 = CARTESIAN_POINT ( 'NONE',  ( -17.88444440312536088, 57.43268088913669800, -272.0275094311149928 ) ) ;
#629 = CARTESIAN_POINT ( 'NONE',  ( -130.0000000000000000, -9.233445590714458362, -60.14203828821952413 ) ) ;
#630 = CARTESIAN_POINT ( 'NONE',  ( -65.71777172039804782, -25.11866588452381421, -303.6802684763660523 ) ) ;
#631 = CARTESIAN_POINT ( 'NONE',  ( -112.4491248278800839, -2.787625938371386169, 37.59541636104014373 ) ) ;
#632 = CARTESIAN_POINT ( 'NONE',  ( -650.0000000000000000, -4.847696029533452133, 36.85061321073548868 ) ) ;
#633 = CARTESIAN_POINT ( 'NONE',  ( 84.50852985290713093, -5.735387582984778021, 10.51607463615144944 ) ) ;
#634 = CARTESIAN_POINT ( 'NONE',  ( -22.98080351967666601, -12.06179479130502585, -463.0495281425541521 ) ) ;
#635 = CARTESIAN_POINT ( 'NONE',  ( -130.0000000000000000, -8.823009026228989526, -123.9583907266598430 ) ) ;
#636 = EDGE_CURVE ( 'NONE', #1980, #1860, #539, .T. ) ;
#637 = CARTESIAN_POINT ( 'NONE',  ( -130.0000000000001421, -8.618084490537793130, -29.18891330999869993 ) ) ;
#638 = CARTESIAN_POINT ( 'NONE',  ( 650.0000000000009095, -5.092040414051684394, 98.98529310080689925 ) ) ;
#639 = CARTESIAN_POINT ( 'NONE',  ( 113.0597210124870742, 13.18823321994319286, -63.18582986375037791 ) ) ;
#640 = CARTESIAN_POINT ( 'NONE',  ( 21.05540457322712555, 48.62428390960236868, -378.9628344772331729 ) ) ;
#641 = CARTESIAN_POINT ( 'NONE',  ( -130.0000000000000000, 11.93096186099811895, -58.06822612789466120 ) ) ;
#642 = CARTESIAN_POINT ( 'NONE',  ( -55.13131808791861488, 0.000000000000000000, -436.1643530901230292 ) ) ;
#643 = CARTESIAN_POINT ( 'NONE',  ( -129.9999999999998579, -6.805084976091719362, -17.74748512309149007 ) ) ;
#644 = CARTESIAN_POINT ( 'NONE',  ( -25.45927466082040169, -13.59912291856480415, -1.989063030190326931 ) ) ;
#645 = CARTESIAN_POINT ( 'NONE',  ( 32.98036172837111479, -28.03563875324978838, -214.5698394939951186 ) ) ;
#646 = ORIENTED_EDGE ( 'NONE', *, *, #3685, .F. ) ;
#647 = CARTESIAN_POINT ( 'NONE',  ( -86.16068981420849582, 39.07732738104316894, -232.9049184822280836 ) ) ;
#648 = CARTESIAN_POINT ( 'NONE',  ( 650.0000000000000000, -2.500000000000002220, 159.9568563693341616 ) ) ;
#649 = CARTESIAN_POINT ( 'NONE',  ( 100.9680292852601724, -12.88335452443369888, -267.5560193417571213 ) ) ;
#650 = ORIENTED_EDGE ( 'NONE', *, *, #294, .T. ) ;
#651 = CARTESIAN_POINT ( 'NONE',  ( -1.536697943902166613E-15, -28.85756799900269343, 41.49788380232480023 ) ) ;
#652 = CARTESIAN_POINT ( 'NONE',  ( -650.0000000000000000, -4.773023895105373171, 31.17063111081814597 ) ) ;
#653 = CARTESIAN_POINT ( 'NONE',  ( 655.0000000000000000, -4.647574224469146031, 23.64293699311642882 ) ) ;
#654 = CARTESIAN_POINT ( 'NONE',  ( -54.66410259754391632, -8.417290489558494571, -426.4749541125507335 ) ) ;
#655 = CARTESIAN_POINT ( 'NONE',  ( 129.9999999999999432, 12.64006352261357335, -294.7579124108774522 ) ) ;
#656 = CARTESIAN_POINT ( 'NONE',  ( 6.025323849505818831E-15, -36.33700195518911613, -60.94589551650992121 ) ) ;
#657 = CARTESIAN_POINT ( 'NONE',  ( 130.0000000000000000, 21.05445657587274511, -102.3228319050275559 ) ) ;
#658 = CARTESIAN_POINT ( 'NONE',  ( 83.69215977274660645, 35.32888629944434911, -296.2487987127292399 ) ) ;
#659 = CARTESIAN_POINT ( 'NONE',  ( -129.9999999999999716, 11.81214915056134451, -57.49319751598506656 ) ) ;
#660 = CARTESIAN_POINT ( 'NONE',  ( 23.16184157273616862, 0.4762541185127061594, -476.7718506923187078 ) ) ;
#661 = CARTESIAN_POINT ( 'NONE',  ( -650.0000000000004547, -1.080672878120673586, -1.205472915149355284 ) ) ;
#662 = CARTESIAN_POINT ( 'NONE',  ( 85.06275256839984422, -6.537187833149373795, 1.388853795260960533 ) ) ;
#663 = CARTESIAN_POINT ( 'NONE',  ( -20.35575175031505069, -35.83283072592525542, -225.2197100895720610 ) ) ;
#664 = ORIENTED_EDGE ( 'NONE', *, *, #1772, .F. ) ;
#665 = CARTESIAN_POINT ( 'NONE',  ( 108.6178115317453745, 31.91028914825416862, -220.2718044181735024 ) ) ;
#666 = ADVANCED_FACE ( 'NONE', ( #3561 ), #187, .F. ) ;
#667 = CARTESIAN_POINT ( 'NONE',  ( 88.76999543498803291, 4.693909357296290885, 8.953001072156169471 ) ) ;
#668 = CARTESIAN_POINT ( 'NONE',  ( 66.66299428894772916, -25.19572868361311890, -339.6899544459924982 ) ) ;
#669 = ORIENTED_EDGE ( 'NONE', *, *, #2424, .T. ) ;
#670 = CARTESIAN_POINT ( 'NONE',  ( -56.83267957603303699, -4.354770121436809305, 35.41908118011521367 ) ) ;
#671 = CARTESIAN_POINT ( 'NONE',  ( -649.9999999999998863, -4.856782457194425362, 42.54297756800176700 ) ) ;
#672 = AXIS2_PLACEMENT_3D ( 'NONE', #708, #3648, #3987 ) ;
#673 = CARTESIAN_POINT ( 'NONE',  ( -649.9999999999992042, 15.74137991173299866, 39.15978337159904754 ) ) ;
#674 = CARTESIAN_POINT ( 'NONE',  ( 64.15349388912341055, -5.939639512761889506, 19.91486538195727718 ) ) ;
#675 = CARTESIAN_POINT ( 'NONE',  ( 3.453868754716094799E-14, -17.45255712461064590, -468.3684782282655306 ) ) ;
#676 = CARTESIAN_POINT ( 'NONE',  ( 650.0000000000000000, 2.500000000000002220, 159.9568563693341616 ) ) ;
#677 = CARTESIAN_POINT ( 'NONE',  ( -23.16184157273610822, 0.000000000000000000, -477.3061618411491054 ) ) ;
#678 = B_SPLINE_CURVE_WITH_KNOTS ( 'NONE', 3,
 ( #34, #382, #1750, #2046, #2766 ),
 .UNSPECIFIED., .F., .F.,
 ( 4, 1, 4 ),
 ( 0.8253253999130488738, 0.8748528582455298297, 0.8748530096813359469 ),
 .UNSPECIFIED. ) ;
#679 = CARTESIAN_POINT ( 'NONE',  ( -2.333209288986217527E-15, -36.54180815719377762, -65.22246746884104596 ) ) ;
#680 = CARTESIAN_POINT ( 'NONE',  ( -40.25008900227874875, 34.15025918869585553, -96.18081777513017983 ) ) ;
#681 = CARTESIAN_POINT ( 'NONE',  ( 130.0000000000000568, 26.59756553718651872, -250.2367939123425344 ) ) ;
#682 = CARTESIAN_POINT ( 'NONE',  ( -130.0000000000000284, 12.79071602506445693, -62.20792637308626638 ) ) ;
#683 = CARTESIAN_POINT ( 'NONE',  ( 130.0000000000000000, -3.246889241610710819E-16, -300.0000000000000000 ) ) ;
#684 = CARTESIAN_POINT ( 'NONE',  ( -129.9999999999999432, -5.269223751827237123, -288.0750537208728588 ) ) ;
#685 = CARTESIAN_POINT ( 'NONE',  ( -18.04751657380743524, -27.37914817265681933, -12.37126645282749315 ) ) ;
#686 = CARTESIAN_POINT ( 'NONE',  ( -130.0000000000000284, -8.863031659475456792, -138.3411656570547734 ) ) ;
#687 = ORIENTED_EDGE ( 'NONE', *, *, #636, .T. ) ;
#688 = CARTESIAN_POINT ( 'NONE',  ( -61.45739927241960743, 47.60954180007204428, -239.8747946100879460 ) ) ;
#689 = CARTESIAN_POINT ( 'NONE',  ( -649.9999999999998863, -4.717236727391197704, 72.72280693406710839 ) ) ;
#690 = EDGE_CURVE ( 'NONE', #558, #2065, #1842, .T. ) ;
#691 = CARTESIAN_POINT ( 'NONE',  ( -66.66299428894772916, -25.19572868361310825, -339.6899544459927256 ) ) ;
#692 = ORIENTED_EDGE ( 'NONE', *, *, #2047, .F. ) ;
#693 = CARTESIAN_POINT ( 'NONE',  ( 85.40908321162899597, -3.110514653220959769, 43.27724903315682781 ) ) ;
#694 = CARTESIAN_POINT ( 'NONE',  ( -2.191006541059311129E-15, 28.34994448665622002, 44.33906500667214345 ) ) ;
#695 = FACE_OUTER_BOUND ( 'NONE', #1154, .T. ) ;
#696 = CARTESIAN_POINT ( 'NONE',  ( -129.9999999999998863, -2.288837961156006351, -298.1656410028315349 ) ) ;
#697 = CARTESIAN_POINT ( 'NONE',  ( -130.0000000000000000, -8.830458013442996190, -126.5827881050870758 ) ) ;
#698 = CARTESIAN_POINT ( 'NONE',  ( -59.66834728168148416, -16.44803464664455106, -72.44541819171935515 ) ) ;
#699 = CARTESIAN_POINT ( 'NONE',  ( -87.24071310142571178, 19.46438975023106366, -74.57926606674088532 ) ) ;
#700 = CARTESIAN_POINT ( 'NONE',  ( -130.0000000000002842, -7.651761118944095053, -268.6236447355282166 ) ) ;
#701 = CARTESIAN_POINT ( 'NONE',  ( -130.0000000000000284, 12.00660210828511154, -58.43410274952583450 ) ) ;
#702 = CARTESIAN_POINT ( 'NONE',  ( -98.76012629629451567, 0.000000000000000000, -323.8250788347021398 ) ) ;
#703 = CARTESIAN_POINT ( 'NONE',  ( -130.0000000000001990, -3.375845381239666487, -296.3963405723307574 ) ) ;
#704 = CARTESIAN_POINT ( 'NONE',  ( 130.0000000000002274, -2.706334651207087383, -2.234107168969337920 ) ) ;
#705 = CARTESIAN_POINT ( 'NONE',  ( 129.9999999999998863, -8.796421522528008907, -114.6158842408098764 ) ) ;
#706 = DIRECTION ( 'NONE',  ( 0.000000000000000000, 0.000000000000000000, -1.000000000000000000 ) ) ;
#707 = CARTESIAN_POINT ( 'NONE',  ( -32.80080088453597398, 54.85754365198814497, -254.5817577290333986 ) ) ;
#708 = CARTESIAN_POINT ( 'NONE',  ( -130.0000000000000000, 2.500000000000000444, 0.000000000000000000 ) ) ;
#709 = CARTESIAN_POINT ( 'NONE',  ( 101.1888195841563487, -13.05334773424596406, -261.6916295647217225 ) ) ;
#710 = EDGE_LOOP ( 'NONE', ( #1440, #1416, #2295, #3533 ) ) ;
#711 = CARTESIAN_POINT ( 'NONE',  ( -130.0000000000000000, 24.21058772231727119, -121.0575040251704593 ) ) ;
#712 = CARTESIAN_POINT ( 'NONE',  ( -129.9999999999998863, -9.172537655763422393, -75.07248482007921098 ) ) ;
#713 = CARTESIAN_POINT ( 'NONE',  ( 649.9999999999994316, -4.711045251446504878, 73.47616753905022335 ) ) ;
#714 = CARTESIAN_POINT ( 'NONE',  ( -82.05234005417580079, 0.000000000000000000, -360.0395846282602292 ) ) ;
#715 = CARTESIAN_POINT ( 'NONE',  ( 130.0000000000003126, 28.53670825889099660, -233.3912633006074202 ) ) ;
#716 = CARTESIAN_POINT ( 'NONE',  ( 650.0000000000000000, 0.000000000000000000, 159.9568563693341616 ) ) ;
#717 = CARTESIAN_POINT ( 'NONE',  ( -59.29025825426171536, -15.29585937707641108, -57.96363485251093550 ) ) ;
#718 = CARTESIAN_POINT ( 'NONE',  ( -37.62424105001966268, 18.64573790942531772, -38.77216701617092554 ) ) ;
#719 = CARTESIAN_POINT ( 'NONE',  ( 82.48747342643844149, -18.42194169817256366, -311.0543385301426156 ) ) ;
#720 = CARTESIAN_POINT ( 'NONE',  ( -130.0000000000000000, 29.64889676611488056, -202.8005194195359309 ) ) ;
#721 = CARTESIAN_POINT ( 'NONE',  ( -129.9999999999996874, 8.475152473550412680, -299.0843855603413317 ) ) ;
#722 = CARTESIAN_POINT ( 'NONE',  ( 85.03611174968956732, -6.799387909141765718, -1.796878221648859908 ) ) ;
#723 = CARTESIAN_POINT ( 'NONE',  ( -104.9422546653976696, -12.61663047441843233, -161.4913219210940269 ) ) ;
#724 = CARTESIAN_POINT ( 'NONE',  ( -650.0000000000005684, -4.863142927703095530, 48.85613131265898090 ) ) ;
#725 = CARTESIAN_POINT ( 'NONE',  ( -111.8802443104896440, 30.12856999167514971, -185.9611612682654425 ) ) ;
#726 = CARTESIAN_POINT ( 'NONE',  ( -82.69440721142474615, 26.20145695832310295, -325.7614173343952189 ) ) ;
#727 = CARTESIAN_POINT ( 'NONE',  ( -649.9999999999998863, -4.597332125566650163, 25.50455934244075351 ) ) ;
#728 = CARTESIAN_POINT ( 'NONE',  ( 66.85203880265736132, -24.65588873672240666, -346.7768514082104048 ) ) ;
#729 = ORIENTED_EDGE ( 'NONE', *, *, #3609, .F. ) ;
#730 = CARTESIAN_POINT ( 'NONE',  ( 112.8907054256731186, 2.513498496742664567, 45.88503378368368146 ) ) ;
#731 = CARTESIAN_POINT ( 'NONE',  ( 130.0000000000000000, 0.000000000000000000, -300.0000000000000000 ) ) ;
#732 = CARTESIAN_POINT ( 'NONE',  ( -105.5220297220770931, -4.527202825065914205, 4.056696125728961100 ) ) ;
#733 = CARTESIAN_POINT ( 'NONE',  ( 23.16184157273617217, 0.000000000000000000, -477.3061618411490485 ) ) ;
#734 = CARTESIAN_POINT ( 'NONE',  ( 649.9999999999998863, 10.45232203570203566, 109.4196346987202304 ) ) ;
#735 = CARTESIAN_POINT ( 'NONE',  ( -84.60097837742728188, -13.44024415296497743, -54.32477773899255169 ) ) ;
#736 = EDGE_CURVE ( 'NONE', #4201, #3010, #2064, .T. ) ;
#737 = STYLED_ITEM ( 'NONE', ( #3789 ), #2098 ) ;
#738 = CARTESIAN_POINT ( 'NONE',  ( 57.02673233829973753, 11.25643755636368049, -17.06176427628258097 ) ) ;
#739 = CARTESIAN_POINT ( 'NONE',  ( 130.0000000000001705, -7.961312433944458533, -263.1139331291097960 ) ) ;
#740 = CARTESIAN_POINT ( 'NONE',  ( 650.0000000000000000, -4.362243472353805274, 17.91884645166653556 ) ) ;
#741 = CARTESIAN_POINT ( 'NONE',  ( -68.48538010875695647, 8.760088470378043723, -398.3058887246926361 ) ) ;
#742 = FACE_OUTER_BOUND ( 'NONE', #3202, .T. ) ;
#743 = CARTESIAN_POINT ( 'NONE',  ( -26.16881117662697775, -15.68922092877264518, -21.98219654019770886 ) ) ;
#744 = CARTESIAN_POINT ( 'NONE',  ( 35.44008831650088354, -29.47509441825918586, -284.1207937606198470 ) ) ;
#745 = CARTESIAN_POINT ( 'NONE',  ( 655.0000000000000000, -1.753317928467107566E-16, -2.043143630665322785 ) ) ;
#746 = CARTESIAN_POINT ( 'NONE',  ( -87.52036144132385687, 35.87260592540239657, -191.4673459156065007 ) ) ;
#747 = CARTESIAN_POINT ( 'NONE',  ( 67.91469454233877912, 24.17993380472805853, -375.6645556888650503 ) ) ;
#748 = CARTESIAN_POINT ( 'NONE',  ( -130.0000000000003695, 15.69234925796481761, -76.74483299742665565 ) ) ;
#749 = DIRECTION ( 'NONE',  ( 0.000000000000000000, -0.000000000000000000, -1.000000000000000000 ) ) ;
#750 = CARTESIAN_POINT ( 'NONE',  ( 107.8125285510529494, -11.48950329748627119, -85.17662335882408797 ) ) ;
#751 = ORIENTED_EDGE ( 'NONE', *, *, #3863, .T. ) ;
#752 = B_SPLINE_CURVE_WITH_KNOTS ( 'NONE', 3,
 ( #814, #4157, #1155, #1484, #795, #1134, #2088, #4094, #4179, #3425, #1813, #3468, #423, #2462, #3507, #2482, #2132, #1749, #3094, #96, #1417, #142, #2153, #2764, #2809, #3812, #2440, #3771, #2504, #3446, #444, #3831, #2828, #3159, #3180, #1835, #1464, #4116, #1441, #2788, #1115, #2247, #560, #3881, #2549, #1225, #629, #3530, #882, #2223, #1270, #2270, #1937, #534, #3558, #3604, #1887, #3282, #2876, #607, #2620, #2576, #2293, #2948, #281, #1556, #1862, #4228, #2598, #3231, #3630, #2900, #928, #4275, #300, #229, #2925, #3906, #3928, #3949, #949, #906, #3581, #584, #1913, #1608, #3257, #1959, #4252, #255, #3303, #1626, #2967, #1583, #4292, #2198, #1249, #2528, #3857, #857, #3204, #207, #1531 ),
 .UNSPECIFIED., .F., .F.,
 ( 4, 1, 2, 2, 1, 1, 1, 1, 2, 2, 1, 1, 1, 1, 2, 2, 1, 1, 1, 1, 2, 2, 1, 1, 1, 1, 1, 1, 1, 1, 2, 2, 1, 1, 1, 1, 1, 1, 1, 2, 2, 1, 1, 1, 1, 1, 1, 1, 1, 2, 2, 1, 1, 1, 1, 1, 2, 2, 1, 1, 1, 1, 1, 1, 2, 2, 1, 1, 1, 1, 1, 1, 1, 1, 2, 2, 1, 1, 1, 1, 4 ),
 ( 0.08753280491844270261, 0.09284033521707239778, 0.09350377650440110100, 0.09383549714806542486, 0.09416721779172976259, 0.09549410036638705801, 0.09814786551570159334, 0.1087629261129598457, 0.1090946467566241418, 0.1094263674002884379, 0.1100898086876170440, 0.1114166912622742422, 0.1140704564115886388, 0.1167242215609030215, 0.1170559422045672759, 0.1172218025263994101, 0.1173876628482315304, 0.1180511041355600532, 0.1193779867102170711, 0.1246855170088451703, 0.1248513773306773322, 0.1250172376525094942, 0.1253489582961738458, 0.1260123995835025212, 0.1273392821581598722, 0.1299930473074746295, 0.1724532896965109974, 0.1830683502937700546, 0.1857221154430848120, 0.1870489980177422185, 0.1873807186614065978, 0.1875465789832387875, 0.1877124393050709772, 0.1883758805923998469, 0.1936834108910304719, 0.2149135320855532216, 0.2361436532800759713, 0.2467587138773374156, 0.2494124790266527836, 0.2497441996703172740, 0.2500759203139817366, 0.2507393616013108284, 0.2520662441759691230, 0.2573737744746021905, 0.2786038956691350155, 0.2799307782437931991, 0.2805942195311224019, 0.2809259401747870033, 0.2810918004966193040, 0.2811747306575353988, 0.2812576608184514937, 0.2839114259677641972, 0.2892189562663897706, 0.2998340168636408065, 0.3104490774608917869, 0.3117759600355481386, 0.3124394013228763978, 0.3125223314837924926, 0.3126052616447084764, 0.3127711219665406661, 0.3131028426102049900, 0.3157566077595187481, 0.3210641380581462645, 0.3422942592526563299, 0.3436211418273131812, 0.3437870021491451489, 0.3439528624709770055, 0.3442845831146407187, 0.3449480244019683672, 0.3476017895512786282, 0.3529093198498992612, 0.3635243804471406381, 0.3741394410443820151, 0.3748028823317096636, 0.3749687426535414092, 0.3751346029753732658, 0.3754663236190370901, 0.3767932061936921651, 0.3794469713430026481, 0.3847545016416232810, 0.4272147440305901211 ),
 .UNSPECIFIED. ) ;
#753 = PLANE ( 'NONE',  #2281 ) ;
#754 = CARTESIAN_POINT ( 'NONE',  ( -650.0000000000001137, -4.861998327739189385, 142.2954560239145962 ) ) ;
#755 = CARTESIAN_POINT ( 'NONE',  ( -49.39262041628530397, -5.264510716775717469, 29.21473205709983034 ) ) ;
#756 = CARTESIAN_POINT ( 'NONE',  ( 98.98091659519114671, -4.148380300040939161, -319.2836873276930305 ) ) ;
#757 = CARTESIAN_POINT ( 'NONE',  ( -130.0000000000000284, -8.876453218296063596, -140.6821646530260352 ) ) ;
#758 = CARTESIAN_POINT ( 'NONE',  ( -40.49189938951143830, -17.82969634051369212, -80.50718520805699541 ) ) ;
#759 = CARTESIAN_POINT ( 'NONE',  ( -86.09785163538286668, 7.784572706206915882, -15.70269121155181580 ) ) ;
#760 = CARTESIAN_POINT ( 'NONE',  ( 67.41917234378722412, -21.05248919651008777, -367.6481238632346731 ) ) ;
#761 = CARTESIAN_POINT ( 'NONE',  ( -130.0000000000000000, 24.60575521538838828, -123.7295380952774195 ) ) ;
#762 = CARTESIAN_POINT ( 'NONE',  ( -82.07878728074170738, 6.927734484477572785, -356.0629164991872813 ) ) ;
#763 = EDGE_CURVE ( 'NONE', #2044, #4201, #2854, .T. ) ;
#764 = CARTESIAN_POINT ( 'NONE',  ( -650.0000000000000000, 13.21608358676689399, 18.45704909866479682 ) ) ;
#765 = CARTESIAN_POINT ( 'NONE',  ( 110.7931975861561540, -4.680471015844012150, -5.864452678836940436 ) ) ;
#766 = CARTESIAN_POINT ( 'NONE',  ( 2.303987288467378598E-14, -38.93571914010519208, -292.0583978091165704 ) ) ;
#767 = CARTESIAN_POINT ( 'NONE',  ( 130.0000000000000000, 5.849075671452507841, -302.6341217922894771 ) ) ;
#768 = CARTESIAN_POINT ( 'NONE',  ( -113.0627442173484951, 28.23956809636666065, -162.4132835725649215 ) ) ;
#769 = CARTESIAN_POINT ( 'NONE',  ( 82.60585254639013897, 24.86380163762508033, -328.8964210929731848 ) ) ;
#770 = CARTESIAN_POINT ( 'NONE',  ( -130.0000000000003411, 9.957517720760241886, -50.52059790055235311 ) ) ;
#771 = CARTESIAN_POINT ( 'NONE',  ( -129.9999999999997158, 15.44109293396661009, -290.4404288899661424 ) ) ;
#772 = CARTESIAN_POINT ( 'NONE',  ( 19.45056148501798887, -34.86875675457437751, -141.6880242222370612 ) ) ;
#773 = EDGE_LOOP ( 'NONE', ( #687, #3404, #2827, #182 ) ) ;
#774 = CARTESIAN_POINT ( 'NONE',  ( -650.0000000000001137, -4.659953725117603085, 27.76819940368679340 ) ) ;
#775 = CARTESIAN_POINT ( 'NONE',  ( 130.0000000000000000, -4.857089824740739914, -289.6324985175646702 ) ) ;
#776 = CARTESIAN_POINT ( 'NONE',  ( -17.71561347653181429, -24.64609715577509164, 18.14044501352655203 ) ) ;
#777 = CARTESIAN_POINT ( 'NONE',  ( 650.0000000000009095, -1.781733952097899421, -0.1716014499094611068 ) ) ;
#778 = CARTESIAN_POINT ( 'NONE',  ( -23.07132254620640310, -6.486384796685788601, -470.2756389943610884 ) ) ;
#779 = CARTESIAN_POINT ( 'NONE',  ( -130.0000000000000284, -8.886776427302750747, -142.9113176217025796 ) ) ;
#780 = CARTESIAN_POINT ( 'NONE',  ( 59.19573599740678560, -14.98563904127141200, -54.34385689970739008 ) ) ;
#781 = CARTESIAN_POINT ( 'NONE',  ( -57.40473419935006660, 16.20209049083673492, -38.56044577818484242 ) ) ;
#782 = CARTESIAN_POINT ( 'NONE',  ( 39.93381958327645265, -25.87779199418168830, -410.2453920240461684 ) ) ;
#783 = CARTESIAN_POINT ( 'NONE',  ( -130.0000000000000568, 29.65954502275207005, -195.8938837971660121 ) ) ;
#784 = CARTESIAN_POINT ( 'NONE',  ( -41.75930152281903673, 4.249854264173532847, -452.3272825828423720 ) ) ;
#785 = CARTESIAN_POINT ( 'NONE',  ( -649.9999999999992042, 11.95939115341128733, 12.99954277660988211 ) ) ;
#786 = CARTESIAN_POINT ( 'NONE',  ( 18.18329511360194672, -28.34086849555446719, -24.86621100967233033 ) ) ;
#787 = CARTESIAN_POINT ( 'NONE',  ( -20.80834688296361179, -36.09794146653771207, -266.9837445716716502 ) ) ;
#788 = PRODUCT_RELATED_PRODUCT_CATEGORY ( 'part', '', ( #3114 ) ) ;
#789 = CARTESIAN_POINT ( 'NONE',  ( 130.0000000000000000, -2.592327358967860818, -1.473838639193226108 ) ) ;
#790 = CARTESIAN_POINT ( 'NONE',  ( 59.67028371996152458, 44.28089031241239582, -197.6840656238142628 ) ) ;
#791 = CARTESIAN_POINT ( 'NONE',  ( -130.0000000000000000, 20.90640642982211972, -276.7507542457527734 ) ) ;
#792 = CARTESIAN_POINT ( 'NONE',  ( -130.0000000000001421, 24.38542342131251672, -262.5472814712239824 ) ) ;
#793 = CARTESIAN_POINT ( 'NONE',  ( -42.67223834459331044, -21.83185130990355916, -134.4010986437144766 ) ) ;
#794 = ORIENTED_EDGE ( 'NONE', *, *, #2298, .F. ) ;
#795 = CARTESIAN_POINT ( 'NONE',  ( -130.0000000000000284, -8.487143112874337092, -26.53741212886577827 ) ) ;
#796 = CARTESIAN_POINT ( 'NONE',  ( 129.9999999999998863, -5.042459518949001129, -289.7166316952883562 ) ) ;
#797 = CARTESIAN_POINT ( 'NONE',  ( -650.0000000000000000, -2.541022349665869928, 1.707494875082272490 ) ) ;
#798 = CARTESIAN_POINT ( 'NONE',  ( 650.0000000000011369, 6.585861870703388021, 128.4612624807222119 ) ) ;
#799 = CARTESIAN_POINT ( 'NONE',  ( 84.39673210065085129, -14.79446772209985106, -79.24436901717014337 ) ) ;
#800 = CARTESIAN_POINT ( 'NONE',  ( 38.18442194650174315, 21.82223171763120462, -50.10680979399253232 ) ) ;
#801 = CARTESIAN_POINT ( 'NONE',  ( -53.72967161679448367, -19.70302209195554966, -405.7570952812981773 ) ) ;
#802 = CARTESIAN_POINT ( 'NONE',  ( -130.0000000000000000, 29.65139927208803883, -194.4429823395662140 ) ) ;
#803 = CARTESIAN_POINT ( 'NONE',  ( 98.86064758673970232, 8.524190181780610942, -321.0625751292551513 ) ) ;
#804 = CARTESIAN_POINT ( 'NONE',  ( -655.0000000000000000, 97.50000000000000000, 149.9568563693341332 ) ) ;
#805 = CARTESIAN_POINT ( 'NONE',  ( 18.36433316666137827, -29.53841288442552937, -41.53495367173139385 ) ) ;
#806 = CARTESIAN_POINT ( 'NONE',  ( -103.6911096383172435, -12.86798644753511667, -194.8762565138875686 ) ) ;
#807 = CARTESIAN_POINT ( 'NONE',  ( -130.0000000000000568, -8.725480861709433711, -87.25724410483984173 ) ) ;
#808 = CARTESIAN_POINT ( 'NONE',  ( -88.01318740325571355, 32.97670928330384754, -164.1157730222338103 ) ) ;
#809 = CARTESIAN_POINT ( 'NONE',  ( 99.88895619249986169, 20.83962600760230899, -301.5952276023777472 ) ) ;
#810 = CARTESIAN_POINT ( 'NONE',  ( -64.00021768482331197, 4.917531763681783907, 20.00043616572103744 ) ) ;
#811 = CARTESIAN_POINT ( 'NONE',  ( -130.0000000000000000, 25.34401647608088126, -257.7296603254208662 ) ) ;
#812 = CARTESIAN_POINT ( 'NONE',  ( -30.14221566514445172, -25.06876954674919489, -134.2784028681036261 ) ) ;
#813 = ORIENTED_EDGE ( 'NONE', *, *, #2880, .F. ) ;
#814 = CARTESIAN_POINT ( 'NONE',  ( -129.9999999999999432, -8.268814937514772367, -24.76157651710975927 ) ) ;
#815 = EDGE_CURVE ( 'NONE', #32, #2986, #2155, .T. ) ;
#816 = CARTESIAN_POINT ( 'NONE',  ( -649.9999999999998863, 13.39476535306870986, 19.32210941576063234 ) ) ;
#817 = CARTESIAN_POINT ( 'NONE',  ( -649.9999999999990905, -4.948506200794915877, 93.87757884291788457 ) ) ;
#818 = CARTESIAN_POINT ( 'NONE',  ( 130.0000000000000000, -2.499971983464750913, -1.126675055215588883E-15 ) ) ;
#819 = CARTESIAN_POINT ( 'NONE',  ( 29.00695723985376162, -22.93024942018039880, -102.1690249707703373 ) ) ;
#820 = CARTESIAN_POINT ( 'NONE',  ( -85.69575720171457078, 4.667699657968578109, 11.03771016291171669 ) ) ;
#821 = CARTESIAN_POINT ( 'NONE',  ( 53.72967161679452630, -19.70302209195556031, -405.7570952812982341 ) ) ;
#822 = LINE ( 'NONE', #1255, #3813 ) ;
#823 = CARTESIAN_POINT ( 'NONE',  ( 82.15537881556168998, 12.81256257353291694, -349.6583148749461998 ) ) ;
#824 = CARTESIAN_POINT ( 'NONE',  ( -130.0000000000000000, -4.857101121140517286, -289.6325387871469843 ) ) ;
#825 = CARTESIAN_POINT ( 'NONE',  ( -18.31907365339658611, -29.24622154529799900, -37.36701690678611243 ) ) ;
#826 = CARTESIAN_POINT ( 'NONE',  ( -64.01637109700909889, -23.99047485638564936, -238.5710538739063793 ) ) ;
#827 = CARTESIAN_POINT ( 'NONE',  ( -130.0000000000000568, -8.781052871370601309, -109.1472738373411175 ) ) ;
#828 = CARTESIAN_POINT ( 'NONE',  ( -88.03982822196562097, 30.11095943224716720, -136.4218838744619973 ) ) ;
#829 = CARTESIAN_POINT ( 'NONE',  ( -101.5333701254752583, 26.72497523522238794, -282.4847821156906775 ) ) ;
#830 = CARTESIAN_POINT ( 'NONE',  ( -129.9999999999997726, 18.34496915929545580, -88.95937585809762993 ) ) ;
#831 = CARTESIAN_POINT ( 'NONE',  ( -129.9999999999998295, 8.031820731602595131, -38.82555696443397153 ) ) ;
#832 = CARTESIAN_POINT ( 'NONE',  ( 42.04928435742696990, -20.84822422735819458, -119.0069814513393140 ) ) ;
#833 = VERTEX_POINT ( 'NONE', #2507 ) ;
#834 = CARTESIAN_POINT ( 'NONE',  ( -649.9999999999996589, -4.827271496911833992, 37.81328553501260359 ) ) ;
#835 = ORIENTED_EDGE ( 'NONE', *, *, #763, .T. ) ;
#836 = CARTESIAN_POINT ( 'NONE',  ( -649.9999999999995453, 15.52870060534777963, 70.96613810038741121 ) ) ;
#837 = DIRECTION ( 'NONE',  ( 1.000000000000000000, 0.000000000000000000, 0.000000000000000000 ) ) ;
#838 = CARTESIAN_POINT ( 'NONE',  ( -130.0000000000000000, -8.972571905024798511, -185.7605516362114031 ) ) ;
#839 = CARTESIAN_POINT ( 'NONE',  ( 60.04643630910129559, -17.54959225663569811, -86.91323456153850202 ) ) ;
#840 = CARTESIAN_POINT ( 'NONE',  ( -35.43603442313730767, 5.589233427167928703, 21.02915513195576125 ) ) ;
#841 = CARTESIAN_POINT ( 'NONE',  ( -40.35954149276048497, -22.38236380668986314, -421.5340334446124189 ) ) ;
#842 = CARTESIAN_POINT ( 'NONE',  ( -649.9999999999997726, -5.030492278198098077, 44.20262323450449315 ) ) ;
#843 = CARTESIAN_POINT ( 'NONE',  ( -41.37012098904865809, 18.77349537141258651, -432.8322663152580958 ) ) ;
#844 = CARTESIAN_POINT ( 'NONE',  ( -2.191006541059311129E-15, 27.88542771651254526, 49.99999999999999289 ) ) ;
#845 = CARTESIAN_POINT ( 'NONE',  ( 38.62303742801255879, -13.12498704900039570, -34.36306510763608202 ) ) ;
#846 = CARTESIAN_POINT ( 'NONE',  ( 21.26094201561220487, -35.18811960386589988, -308.6911143850331314 ) ) ;
#847 = CARTESIAN_POINT ( 'NONE',  ( 650.0000000000004547, -5.417466416099039783, 132.1425275383831490 ) ) ;
#848 = CARTESIAN_POINT ( 'NONE',  ( -15.45955167842945599, 45.80796252130915747, -134.0924053175154427 ) ) ;
#849 = CARTESIAN_POINT ( 'NONE',  ( -82.98812268427255390, 29.83191992728355046, -316.1897331857114182 ) ) ;
#850 = CARTESIAN_POINT ( 'NONE',  ( -130.0000000000000568, 15.97147259268124841, -77.33644842870725711 ) ) ;
#851 = CARTESIAN_POINT ( 'NONE',  ( -650.0000000000000000, -4.717634318646522829, 78.57223393979150217 ) ) ;
#852 = CARTESIAN_POINT ( 'NONE',  ( -650.0000000000006821, -4.826714885155049650, 88.77214088405463599 ) ) ;
#853 = CARTESIAN_POINT ( 'NONE',  ( 85.19595666194933870, -5.246891428828289072, 17.30881305716385654 ) ) ;
#854 = CARTESIAN_POINT ( 'NONE',  ( -106.9293673554664537, -11.88372921892783829, -108.6664066069127443 ) ) ;
#855 = ORIENTED_EDGE ( 'NONE', *, *, #1772, .T. ) ;
#856 = CARTESIAN_POINT ( 'NONE',  ( 2.428612866367530248E-14, 57.87069157613069592, -326.6284302688930552 ) ) ;
#857 = CARTESIAN_POINT ( 'NONE',  ( -129.9999999999999716, -8.874401057197783160, -108.7885638346511001 ) ) ;
#858 = CARTESIAN_POINT ( 'NONE',  ( -17.64018095442369471, -23.93747334672861271, 25.06957817786936715 ) ) ;
#859 = ORIENTED_EDGE ( 'NONE', *, *, #1594, .F. ) ;
#860 = FACE_OUTER_BOUND ( 'NONE', #3879, .T. ) ;
#861 = CARTESIAN_POINT ( 'NONE',  ( -650.0000000000000000, -2.811275179089735676, 4.409359795621303313 ) ) ;
#862 = CARTESIAN_POINT ( 'NONE',  ( -649.9999999999996589, -5.527026919631540025, 116.8581362576329212 ) ) ;
#863 = CARTESIAN_POINT ( 'NONE',  ( 84.50329537549082204, -14.10568525061566980, -66.25607237700097585 ) ) ;
#864 = B_SPLINE_SURFACE_WITH_KNOTS ( 'NONE', 3, 3, ( 
 ( #943, #702, #333, #980, #642, #2635, #1283, #4307, #3701, #2286, #3962, #963, #24, #999, #683 ),
 ( #2307, #2346, #1975, #3357, #1620, #3681, #1345, #5, #660, #3315, #2981, #2036, #312, #353, #3020 ),
 ( #3658, #2677, #2694, #3375, #1303, #2959, #4022, #293, #4286, #3624, #1677, #4000, #1019, #3297, #2367 ),
 ( #2326, #3981, #3040, #1994, #1660, #372, #3001, #1263, #2614, #3943, #623, #1953, #476, #433, #2056 ),
 ( #1385, #3082, #3761, #3434, #2387, #784, #3456, #3741, #3721, #1123, #2142, #3105, #2429, #107, #3128 ),
 ( #1060, #1717, #131, #3394, #3060, #4040, #2121, #1431, #453, #392, #1782, #44, #1083, #1738, #1801 ),
 ( #2734, #1452, #762, #4060, #1365, #3414, #2777, #4105, #2714, #1760, #64, #2797, #2406, #84, #2097 ),
 ( #721, #4125, #2470, #741, #2077, #3801, #3478, #412, #1406, #2753, #4080, #1103, #1039, #803, #2450 ),
 ( #3781, #2886, #170, #2232, #2560, #2256, #150, #1493, #3189, #2514, #519, #2838, #4214, #1846, #3243 ),
 ( #4166, #569, #3891, #3217, #3515, #241, #2817, #1164, #1873, #2910, #193, #1542, #823, #2207, #216 ),
 ( #2162, #1898, #4145, #3496, #3567, #1567, #3544, #2584, #891, #1517, #2861, #1187, #914, #1211, #4237 ),
 ( #3843, #3168, #4189, #1233, #1143, #843, #2184, #3914, #3590, #593, #2493, #2536, #3148, #3867, #1472 ),
 ( #3821, #496, #1821, #868, #545, #2934, #3615, #1592, #2606, #935, #4261, #2276, #1256, #3935, #1922 ),
 ( #3268, #267, #4132, #2720, #3067, #70, #460, #1436, #1110, #4046, #1391, #2783, #1724, #2457, #2061 ),
 ( #1788, #439, #1088, #1067, #2083, #2476, #2412, #4111, #3462, #3747, #4066, #747, #3134, #90, #1744 ),
 ( #137, #2126, #3420, #398, #418, #2739, #1130, #3046, #1703, #2148, #3400, #3807, #1045, #809, #2435 ),
 ( #3767, #3088, #3484, #1412, #1766, #3788, #51, #2105, #3727, #1458, #2759, #4088, #769, #3440, #2393 ),
 ( #791, #3111, #726, #2804, #1372, #115, #3173, #1500, #2824, #4195, #482, #4244, #2542, #920, #2520 ),
 ( #1828, #3897, #4220, #3920, #1807, #177, #525, #4172, #2190, #2844, #222, #3522, #575, #2215, #1170 ),
 ( #1218, #551, #849, #1904, #157, #3849, #3551, #247, #1854, #3223, #2499, #3873, #1879, #1150, #3827 ),
 ( #1478, #829, #898, #2238, #875, #1240, #2568, #3195, #199, #2868, #3573, #1193, #1548, #2892, #3154 ),
 ( #3249, #1574, #2917, #2590, #2262, #1523, #4151, #2168, #3502, #502, #351, #22, #1017, #2675, #3596 ),
 ( #2305, #599, #310, #1951, #1928, #3960, #2999, #2324, #640, #3313, #3274, #3018, #658, #273, #3295 ),
 ( #1599, #2940, #3622, #1675, #941, #3656, #3679, #1992, #1637, #3334, #2344, #1343, #291, #2284, #681 ),
 ( #622, #4267, #3, #331, #1323, #1262, #3998, #2612, #2979, #961, #3941, #1973, #1618, #997, #4305 ),
 ( #4020, #2633, #1658, #2014, #2957, #3979, #4284, #3355, #1281, #3640, #1301, #2655, #978, #2692, #113 ),
 ( #280, #927, #2597, #3880, #4178, #2222, #583, #206, #1607, #881, #3256, #2269, #2619, #1861, #905 ),
 ( #1912, #3603, #606, #1248, #559, #2246, #508, #856, #3948, #183, #2924, #228, #948, #3557, #2947 ),
 ( #1886, #2292, #1834, #3179, #2850, #2575, #3230, #1555, #4251, #3927, #2527, #1936, #1507, #2899, #4227 ),
 ( #1224, #3203, #3281, #3905, #1530, #1177, #3580, #254, #1582, #3856, #4274, #2197, #1269, #2875, #3529 ),
 ( #533, #4202, #1200, #2548, #1625, #3380, #4027, #1350, #2662, #2966, #985, #3687, #3320, #377, #3986 ),
 ( #1308, #3362, #647, #2701, #3026, #2719, #628, #1981, #3664, #2987, #2331, #318, #358, #665, #3706 ),
 ( #1645, #1024, #29, #688, #2000, #707, #3302, #4312, #2352, #1702, #3342, #2021, #1288, #2682, #1682 ),
 ( #2641, #2372, #299, #3967, #2041, #3045, #4005, #50, #1370, #338, #1665, #3006, #4045, #1044, #3629 ),
 ( #1958, #4291, #968, #2312, #10, #3647, #1330, #1005, #4150, #2758, #1787, #1109, #3766, #2103, #2392 ),
 ( #3786, #725, #746, #1087, #397, #2060, #2411, #3483, #4065, #2456, #2475, #790, #438, #2125, #1128 ),
 ( #3419, #1066, #3806, #1390, #3746, #3399, #3133, #3461, #136, #1477, #3726, #2082, #2434, #1743, #4087 ),
 ( #459, #768, #808, #4110, #416, #4131, #1457, #2803, #3439, #2147, #1723, #3087, #481, #1806, #1765 ),
 ( #69, #1435, #3153, #3065, #2738, #156, #89, #1411, #2822, #3110, #2782, #114, #574, #2541, #1522 ),
 ( #3273, #2567, #2261, #1927, #2939, #246, #1149, #598, #4194, #2498, #2214, #3848, #3826, #2867, #1903 ),
 ( #3872, #874, #828, #272, #3896, #2167, #848, #1192, #3501, #501, #1169, #3595, #2843, #1217, #1239 ),
 ( #1852, #2589, #3549, #550, #1878, #2916, #1573, #198, #4171, #3222, #2189, #1598, #1827, #3172, #175 ),
 ( #1499, #2519, #3521, #221, #3194, #3919, #1547, #524, #2891, #4219, #4243, #896, #2237, #919, #3572 ),
 ( #3248, #3655, #3333, #2283, #680, #3354, #3639, #3621, #996, #3678, #1991, #621, #960, #1950, #657 ),
 ( #3698, #330, #369, #1972, #3997, #1280, #350, #3294, #1657, #2998, #290, #1617, #3017, #940, #2956 ),
 ( #1674, #2, #699, #2013, #1300, #309, #2323, #2033, #1322, #1016, #3372, #1694, #21, #4266, #1261 ),
 ( #2611, #977, #2632, #3940, #1636, #1342, #2674, #2654, #3978, #4283, #3959, #2343, #2304, #639, #2978 ),
 ( #3312, #4304, #2364, #2691, #4019, #3125, #1757, #1080, #3102, #1779, #800, #4057, #389, #128, #2053 ),
 ( #2711, #3778, #104, #781, #718, #2118, #3037, #4077, #409, #473, #81, #61, #3453, #2425, #1382 ),
 ( #2074, #1428, #2774, #3475, #3431, #3391, #1449, #2731, #1735, #3758, #2094, #1036, #450, #2794, #2403 ),
 ( #4102, #2447, #759, #2384, #1057, #3718, #430, #41, #2467, #1100, #1362, #738, #4122, #3738, #1120 ),
 ( #3798, #2139, #4037, #3079, #1714, #3057, #3411, #1403, #2750, #4211, #1514, #2253, #516, #1564, #542 ),
 ( #3911, #1798, #911, #4142, #3864, #3512, #2858, #3493, #1870, #1895, #3214, #4186, #213, #566, #3587 ),
 ( #493, #3240, #820, #1818, #1469, #2557, #1539, #3888, #3818, #888, #3145, #1184, #1843, #147, #3186 ),
 ( #2229, #2533, #3165, #2814, #840, #2883, #1208, #1140, #2204, #2159, #237, #167, #190, #865, #3539 ),
 ( #3564, #2907, #1161, #2490, #4234, #1230, #2581, #1490, #2835, #4163, #2511, #3840, #2181, #2706, #1072 ),
 ( #381, #2007, #4051, #55, #4071, #1919, #3348, #694, #15, #2358, #344, #1707, #3692, #730, #2377 ),
 ( #2026, #403, #3710, #3366, #2743, #590, #2417, #2991, #4031, #362, #1687, #3051, #2397, #1355, #1029 ) ),
 .UNSPECIFIED., .F., .F., .F.,
 ( 4, 1, 1, 1, 1, 1, 1, 1, 1, 1, 1, 1, 1, 1, 1, 1, 1, 1, 1, 1, 1, 1, 1, 1, 1, 1, 1, 1, 1, 1, 1, 1, 1, 1, 1, 1, 1, 2, 1, 1, 1, 1, 1, 1, 1, 1, 1, 1, 1, 1, 1, 1, 1, 1, 4 ),
 ( 4, 1, 1, 1, 1, 1, 1, 1, 1, 1, 1, 1, 4 ),
 ( 0.000000000000000000, 0.003954224384027008217, 0.007908448768054016434, 0.01186267315208102552, 0.01581689753610803287, 0.01977112192013504369, 0.02372534630416205104, 0.03163379507221606574, 0.03954224384027008737, 0.04745069260832410207, 0.05535914137637811677, 0.06326759014443213147, 0.07117603891248615311, 0.07908448768054017475, 0.08699293644859418251, 0.09490138521664820415, 0.1028098339847022119, 0.1107182827527562335, 0.1265351802888642629, 0.1423520778249723062, 0.1581689753610803495, 0.1739858728971883650, 0.1898027704332964083, 0.2056196679694044238, 0.2214365655055124671, 0.2372534630416204826, 0.2530703605777285259, 0.2688872581138365692, 0.2847041556499446124, 0.3005210531860526557, 0.3163379507221606990, 0.3321548482582687423, 0.3479717457943767300, 0.3796055408665928166, 0.4112393359388088476, 0.4428731310110249342, 0.4745069260832409652, 0.5061407211554570518, 0.5370069260832409652, 0.5678731310110248787, 0.5987393359388087921, 0.6296055408665927056, 0.6604717457943767300, 0.6913379507221606435, 0.7222041556499445569, 0.7530703605777284704, 0.7839365655055123838, 0.8148027704332962973, 0.8456689753610802107, 0.8611020778249722785, 0.8765351802888642352, 0.9074013852166481486, 0.9382675901444321731, 0.9691337950722160866, 1.000000000000000000 ),
 ( 0.000000000000000000, 0.1925092555762236979, 0.2887638833643355607, 0.3380068029285605014, 0.3963383804892443019, 0.4247020925899207544, 0.5000000000000000000, 0.5752979074100792456, 0.6036616195107555871, 0.6619931970714391101, 0.7112361166356643283, 0.8074907444237761078, 1.000000000000000000 ),
 .UNSPECIFIED. ) ;
#865 = CARTESIAN_POINT ( 'NONE',  ( 112.9021028583366757, 2.587878216661672948, 25.47573219146364210 ) ) ;
#866 = CARTESIAN_POINT ( 'NONE',  ( 40.50144879592180303, -20.93480692745367833, -425.2393153756673883 ) ) ;
#867 = CARTESIAN_POINT ( 'NONE',  ( -655.0000000000000000, -1.753317928467107566E-16, -2.043143630665322785 ) ) ;
#868 = CARTESIAN_POINT ( 'NONE',  ( -68.13585009195556097, 20.09637958724355400, -382.6500407595100910 ) ) ;
#869 = CARTESIAN_POINT ( 'NONE',  ( -650.0000000000000000, -2.662967972850617038, 159.1197200705490218 ) ) ;
#870 = ADVANCED_FACE ( 'NONE', ( #3836 ), #4119, .F. ) ;
#871 = CARTESIAN_POINT ( 'NONE',  ( 38.93451442159567932, -14.07389793573909920, -42.02960235219854468 ) ) ;
#872 = CARTESIAN_POINT ( 'NONE',  ( 102.9551419753287433, -12.94907718989871270, -214.5363734931401893 ) ) ;
#873 = CARTESIAN_POINT ( 'NONE',  ( -650.0000000000000000, -4.806817352304094904, 142.9051601418954647 ) ) ;
#874 = CARTESIAN_POINT ( 'NONE',  ( -113.1731393667967183, 25.92561076399796249, -137.7620842970318051 ) ) ;
#875 = CARTESIAN_POINT ( 'NONE',  ( -52.44579548574855465, 40.02293621566475679, -368.3471258348545803 ) ) ;
#876 = CARTESIAN_POINT ( 'NONE',  ( -650.0000000000000000, 2.645745404259604694, 156.4114536581937784 ) ) ;
#877 = CARTESIAN_POINT ( 'NONE',  ( -129.9999999999998579, -8.767070839570445528, -238.2370004944188793 ) ) ;
#878 = CARTESIAN_POINT ( 'NONE',  ( 17.82121900748312271, -25.58071289051696340, 8.436521108466349617 ) ) ;
#879 = CARTESIAN_POINT ( 'NONE',  ( -130.0000000000000568, -8.781052871370601309, -109.1472738373411175 ) ) ;
#880 = ORIENTED_EDGE ( 'NONE', *, *, #20, .F. ) ;
#881 = CARTESIAN_POINT ( 'NONE',  ( 36.18330823977370869, 53.93215947993972037, -320.9784757358270326 ) ) ;
#882 = CARTESIAN_POINT ( 'NONE',  ( -130.0000000000000000, -9.209746340311868451, -68.77504361274465339 ) ) ;
#883 = CARTESIAN_POINT ( 'NONE',  ( -101.4096098830532071, -13.14981432882818346, -255.8157059792475820 ) ) ;
#884 = CARTESIAN_POINT ( 'NONE',  ( -649.9999999999992042, 15.74137991173299866, 39.15978337159904754 ) ) ;
#885 = CARTESIAN_POINT ( 'NONE',  ( -130.0000000000000000, 60.00000000000000711, -1.126675055215588883E-15 ) ) ;
#886 = DIRECTION ( 'NONE',  ( 0.000000000000000000, -1.000000000000000000, 0.000000000000000000 ) ) ;
#887 = CARTESIAN_POINT ( 'NONE',  ( 130.0000000000000284, -8.680313720390808285, -48.69445065678279150 ) ) ;
#888 = CARTESIAN_POINT ( 'NONE',  ( 24.13699952895936107, 12.12656910824737722, 7.814767007473145455 ) ) ;
#889 = CARTESIAN_POINT ( 'NONE',  ( -99.53289234243236194, -8.501130305844613488, -305.2024800834336133 ) ) ;
#890 = CARTESIAN_POINT ( 'NONE',  ( -649.9999999999997726, -5.621079369299994966, 113.7089570969025516 ) ) ;
#891 = CARTESIAN_POINT ( 'NONE',  ( 22.97260609318504265, 16.45440596522769638, -455.9302254901400033 ) ) ;
#892 = CARTESIAN_POINT ( 'NONE',  ( -130.0000000000000000, -8.897948674849653017, -145.5572777520328600 ) ) ;
#893 = CARTESIAN_POINT ( 'NONE',  ( -110.1308266894662751, -8.661838947806485223, -23.10485026217554960 ) ) ;
#894 = CARTESIAN_POINT ( 'NONE',  ( 83.01140952773380377, -19.01164003626833932, -247.5628315989144426 ) ) ;
#895 = CARTESIAN_POINT ( 'NONE',  ( 650.0000000000003411, -3.513585314668617343, 8.561481022092237936 ) ) ;
#896 = CARTESIAN_POINT ( 'NONE',  ( 58.58327776612967597, 33.12858360961114101, -109.2836251245891646 ) ) ;
#897 = ADVANCED_FACE ( 'NONE', ( #3509 ), #512, .F. ) ;
#898 = CARTESIAN_POINT ( 'NONE',  ( -83.20813427442065802, 31.92213436596859211, -309.6552963352514780 ) ) ;
#899 = CARTESIAN_POINT ( 'NONE',  ( -130.0000000000000000, 19.93726081382017057, -96.78002302005801027 ) ) ;
#900 = CARTESIAN_POINT ( 'NONE',  ( -650.0000000000000000, -4.760486024848496811, 78.56379940855549648 ) ) ;
#901 = CARTESIAN_POINT ( 'NONE',  ( -650.0000000000007958, -5.381084666389616800, 109.2014273258629800 ) ) ;
#902 = CARTESIAN_POINT ( 'NONE',  ( -17.82121900748313337, -25.58071289051694563, 8.436521108466362051 ) ) ;
#903 = CARTESIAN_POINT ( 'NONE',  ( 20.08419467072592823, -35.63273531930334315, -200.1520968107149656 ) ) ;
#904 = ORIENTED_EDGE ( 'NONE', *, *, #636, .F. ) ;
#905 = CARTESIAN_POINT ( 'NONE',  ( 129.9999999999997442, 28.28313595318190821, -235.9130565648081017 ) ) ;
#906 = CARTESIAN_POINT ( 'NONE',  ( -130.0000000000000000, -8.965130248815688319, -97.67563982340828943 ) ) ;
#907 = CARTESIAN_POINT ( 'NONE',  ( -130.0000000000001990, -8.931957221959114790, -224.6090869753750496 ) ) ;
#908 = CARTESIAN_POINT ( 'NONE',  ( -650.0000000000002274, 16.02560884678971576, 55.07007812713926853 ) ) ;
#909 = CARTESIAN_POINT ( 'NONE',  ( 650.0000000000000000, -3.386479293603499752, 7.645870484556512636 ) ) ;
#910 = LINE ( 'NONE', #3838, #1579 ) ;
#911 = CARTESIAN_POINT ( 'NONE',  ( -85.83528523863407145, 5.650544383224522349, 0.7094352908934526969 ) ) ;
#912 = CARTESIAN_POINT ( 'NONE',  ( 54.04114861037768947, -16.57767568608682396, -412.7846618219547281 ) ) ;
#913 = CARTESIAN_POINT ( 'NONE',  ( -649.9999999999997726, -2.541022349665869928, 1.707494875082272490 ) ) ;
#914 = CARTESIAN_POINT ( 'NONE',  ( 82.19965614807931331, 14.85944190341307980, -346.8513006164876060 ) ) ;
#915 = CARTESIAN_POINT ( 'NONE',  ( -655.0000000000000000, 97.50000000000000000, 149.9568563693341332 ) ) ;
#916 = CARTESIAN_POINT ( 'NONE',  ( 27.58788420824035725, -19.70519898162737604, -62.02818922919046685 ) ) ;
#917 = CARTESIAN_POINT ( 'NONE',  ( -21.53249909520130956, -34.69023552245052855, -333.7602170293390600 ) ) ;
#918 = CARTESIAN_POINT ( 'NONE',  ( 130.0000000000000853, -8.851880601643273394, -135.7508865295435214 ) ) ;
#919 = CARTESIAN_POINT ( 'NONE',  ( 113.1497885291449279, 22.70366338382626736, -113.3336686403448113 ) ) ;
#920 = CARTESIAN_POINT ( 'NONE',  ( 100.3007195529237379, 22.79823883264169382, -296.1849955772265162 ) ) ;
#921 = CARTESIAN_POINT ( 'NONE',  ( -130.0000000000000284, 14.96418167523556519, -72.54756375768732823 ) ) ;
#922 = CARTESIAN_POINT ( 'NONE',  ( 650.0000000000000000, -1.591052431238389575, -0.6894684822842815919 ) ) ;
#923 = CARTESIAN_POINT ( 'NONE',  ( -649.9999999999989768, -4.761637805452401118, 32.71896981570057505 ) ) ;
#924 = CARTESIAN_POINT ( 'NONE',  ( -3.220667527967783850E-15, -31.23325576879176779, 17.36528604906616025 ) ) ;
#925 = CARTESIAN_POINT ( 'NONE',  ( 61.36974790507053967, -20.58577603254434862, -137.4773890027447010 ) ) ;
#926 = ORIENTED_EDGE ( 'NONE', *, *, #152, .T. ) ;
#927 = CARTESIAN_POINT ( 'NONE',  ( -105.2920305437048256, 31.63648050058871775, -248.7887071084183788 ) ) ;
#928 = CARTESIAN_POINT ( 'NONE',  ( -130.0000000000000284, -9.052713898368789813, -88.58265473382540733 ) ) ;
#929 = EDGE_CURVE ( 'NONE', #2718, #3904, #1479, .T. ) ;
#930 = CARTESIAN_POINT ( 'NONE',  ( -82.74500134063433165, -19.65736213692593992, -280.0363943600110019 ) ) ;
#931 = CARTESIAN_POINT ( 'NONE',  ( 130.0000000000000000, -8.996760351543038325, -236.1372794363981598 ) ) ;
#932 = CARTESIAN_POINT ( 'NONE',  ( 655.0000000000000000, -2.500000000000002220, 159.9568563693341616 ) ) ;
#933 = CARTESIAN_POINT ( 'NONE',  ( -99.31210204353578774, -6.973715646598115825, -310.8644249858002695 ) ) ;
#934 = CARTESIAN_POINT ( 'NONE',  ( 130.0000000000000284, 22.15810613845037125, -272.1002921883356294 ) ) ;
#935 = CARTESIAN_POINT ( 'NONE',  ( 41.25028616964531381, 21.20546976193402955, -428.9417267189008953 ) ) ;
#936 = CARTESIAN_POINT ( 'NONE',  ( -649.9999999999997726, -4.623382344216358852, 145.0307507314041402 ) ) ;
#937 = CARTESIAN_POINT ( 'NONE',  ( 18.63589024625052204, -31.16174373216214732, -66.55632674846292218 ) ) ;
#938 = CARTESIAN_POINT ( 'NONE',  ( 129.9999999999998863, -8.981066681479058289, -202.5803577805396003 ) ) ;
#939 = CARTESIAN_POINT ( 'NONE',  ( 129.9999999999998579, -5.645899566791786839, -285.6430362140716852 ) ) ;
#940 = CARTESIAN_POINT ( 'NONE',  ( 113.1097585217415684, 18.31431718493085370, -88.47011272462133036 ) ) ;
#941 = CARTESIAN_POINT ( 'NONE',  ( -50.71792751709345026, 47.46847955267582364, -339.9095039580556090 ) ) ;
#942 = CARTESIAN_POINT ( 'NONE',  ( -130.0000000000000000, 17.98221764115568888, -87.01983190363912968 ) ) ;
#943 = CARTESIAN_POINT ( 'NONE',  ( -130.0000000000000000, 2.339493353699306285E-15, -299.9999999999999432 ) ) ;
#944 = CARTESIAN_POINT ( 'NONE',  ( -130.0000000000000568, -8.932631045758538946, -155.3399147263498321 ) ) ;
#945 = CARTESIAN_POINT ( 'NONE',  ( 1.139757959609017834E-15, -33.96206978529120590, -18.19995505951359149 ) ) ;
#946 = CARTESIAN_POINT ( 'NONE',  ( -84.02376063871167844, -16.62275367782072877, -124.5555804797614741 ) ) ;
#947 = ORIENTED_EDGE ( 'NONE', *, *, #2129, .F. ) ;
#948 = CARTESIAN_POINT ( 'NONE',  ( 85.05623163166505663, 39.40474512403530838, -261.2595084211863536 ) ) ;
#949 = CARTESIAN_POINT ( 'NONE',  ( -130.0000000000000284, -8.973501234453475917, -96.77732315011360242 ) ) ;
#950 = CARTESIAN_POINT ( 'NONE',  ( -82.79828297805437387, -19.56522841561374193, -273.5511742680011480 ) ) ;
#951 = PRESENTATION_LAYER_ASSIGNMENT (  '', '', ( #535 ) ) ;
#952 = CARTESIAN_POINT ( 'NONE',  ( -24.99999999999999289, 7.963224597458997245, 50.00000000000000000 ) ) ;
#953 = EDGE_CURVE ( 'NONE', #1860, #3301, #2278, .T. ) ;
#954 = CARTESIAN_POINT ( 'NONE',  ( 655.0000000000000000, -4.458943618638788742, 74.54809306092938925 ) ) ;
#955 = CARTESIAN_POINT ( 'NONE',  ( 129.9999999999998295, -5.751614552487828824, -284.9906089700021425 ) ) ;
#956 = CARTESIAN_POINT ( 'NONE',  ( 130.0000000000000000, 0.000000000000000000, -300.0000000000000000 ) ) ;
#957 = CARTESIAN_POINT ( 'NONE',  ( 129.9999999999998010, -8.454328201151708910, -26.41239950858796348 ) ) ;
#958 = B_SPLINE_CURVE_WITH_KNOTS ( 'NONE', 3,
 ( #720, #2469, #2796, #783, #2428, #802, #1716, #1737, #3780, #475, #2096, #3455, #4059, #2449, #452, #1384, #1059, #3800, #3059, #3081, #63, #411, #1800, #4079, #1781, #2141, #2816, #3413, #130, #3760, #4124, #1122, #3477, #149, #761, #1471 ),
 .UNSPECIFIED., .F., .F.,
 ( 4, 1, 1, 1, 2, 2, 1, 1, 1, 1, 1, 2, 2, 1, 1, 1, 1, 1, 1, 2, 2, 1, 1, 2, 2, 4 ),
 ( 0.3473263420295961690, 0.3632735373351932973, 0.3712471349879916671, 0.3732405344011913151, 0.3742372341077912501, 0.3752339338143911851, 0.3792207326407901480, 0.4111151232519832388, 0.4749039044743694760, 0.4908510997799659936, 0.4988246974327643635, 0.4998213971393642985, 0.5008180968459642335, 0.5028114962591637704, 0.5067982950855630664, 0.5386926856967594324, 0.5546398810023576154, 0.5586266798287571334, 0.5606200792419567813, 0.5616167789485565498, 0.5626134786551564293, 0.5705870763079567975, 0.5865342716135573120, 0.5905210704399572741, 0.5945078692663574582, 0.6024814669191573824 ),
 .UNSPECIFIED. ) ;
#959 = CARTESIAN_POINT ( 'NONE',  ( 130.0000000000001990, -8.827566275945528673, -116.4045283153397179 ) ) ;
#960 = CARTESIAN_POINT ( 'NONE',  ( 87.65929721218462589, 24.39125529874202059, -98.91280948256259364 ) ) ;
#961 = CARTESIAN_POINT ( 'NONE',  ( 37.32286954127096124, 51.27194152025112572, -343.0701943617569896 ) ) ;
#962 = CARTESIAN_POINT ( 'NONE',  ( -129.9999999999999716, 4.486227425494524468, -16.85862664653735266 ) ) ;
#963 = CARTESIAN_POINT ( 'NONE',  ( 68.55343942604655183, 0.000000000000000000, -406.4608131203299877 ) ) ;
#964 = CARTESIAN_POINT ( 'NONE',  ( -650.0000000000000000, -0.4033536035164437816, -1.786374627026872774 ) ) ;
#965 = CARTESIAN_POINT ( 'NONE',  ( 129.9999999999997726, -2.090777229217033462, 16.39441714236330228 ) ) ;
#966 = CARTESIAN_POINT ( 'NONE',  ( 20.17471369725564756, -35.67227342754340924, -208.5070489351079743 ) ) ;
#967 = ORIENTED_EDGE ( 'NONE', *, *, #2563, .T. ) ;
#968 = CARTESIAN_POINT ( 'NONE',  ( -87.13314104266319760, 37.17907840595430002, -205.1193282791632271 ) ) ;
#969 = DIRECTION ( 'NONE',  ( 1.000000000000000000, 0.000000000000000000, -0.000000000000000000 ) ) ;
#970 = CARTESIAN_POINT ( 'NONE',  ( 130.0000000000002842, -8.587677227883883546, -246.6125214682428748 ) ) ;
#971 = CARTESIAN_POINT ( 'NONE',  ( 130.0000000000000000, -2.567254068182641458, -0.8225506345369978378 ) ) ;
#972 = CARTESIAN_POINT ( 'NONE',  ( 26.64026399838156678, -6.919145004095732077, 48.34620457942242666 ) ) ;
#973 = CARTESIAN_POINT ( 'NONE',  ( -68.26987265548167727, -7.849430579770285021, -397.4335337341315153 ) ) ;
#974 = CARTESIAN_POINT ( 'NONE',  ( 129.9999999999998863, 23.32153925868955824, -267.3469348769523890 ) ) ;
#975 = LINE ( 'NONE', #4035, #4302 ) ;
#976 = CARTESIAN_POINT ( 'NONE',  ( -109.6892460916734535, -10.26076222707690633, -34.85452252435223386 ) ) ;
#977 = CARTESIAN_POINT ( 'NONE',  ( -113.0597210124869321, 13.18823321994292286, -63.18582986375027843 ) ) ;
#978 = CARTESIAN_POINT ( 'NONE',  ( 84.49520207678732220, 38.49112484407203283, -275.4283030045633041 ) ) ;
#979 = CARTESIAN_POINT ( 'NONE',  ( -130.0000000000000568, 11.93280690319541471, -58.07715531988770152 ) ) ;
#980 = CARTESIAN_POINT ( 'NONE',  ( -68.55343942604652341, 0.000000000000000000, -406.4608131203299877 ) ) ;
#981 = CARTESIAN_POINT ( 'NONE',  ( -130.0000000000000000, 24.48513641704478516, -122.9135510181347115 ) ) ;
#982 = CARTESIAN_POINT ( 'NONE',  ( 18.04751657380743168, -27.37914817265682998, -12.37126645282750204 ) ) ;
#983 = CARTESIAN_POINT ( 'NONE',  ( -45.89083394495238366, -25.22489135714545938, -213.9483925661079127 ) ) ;
#984 = EDGE_LOOP ( 'NONE', ( #4177, #1307, #3229, #2484, #2787, #2923 ) ) ;
#985 = CARTESIAN_POINT ( 'NONE',  ( 46.20911228527740633, 52.92155359245175106, -268.6384340310845573 ) ) ;
#986 = CARTESIAN_POINT ( 'NONE',  ( -130.0000000000000000, 2.501211595922931519, -0.01514668761077816138 ) ) ;
#987 = CARTESIAN_POINT ( 'NONE',  ( -129.9999999999996021, -8.425766827518502922, -252.1095536356791627 ) ) ;
#988 = CARTESIAN_POINT ( 'NONE',  ( 35.81974448576442427, -4.818705222055561066, 34.58230435449672768 ) ) ;
#989 = CARTESIAN_POINT ( 'NONE',  ( -650.0000000000000000, 97.50000000000000000, 149.9568563693341332 ) ) ;
#990 = CARTESIAN_POINT ( 'NONE',  ( -650.0000000000000000, -1.753317928467107566E-16, -2.043143630665322785 ) ) ;
#991 = CARTESIAN_POINT ( 'NONE',  ( 37.54153068547532968, -4.833872673565858591, 38.34659459901976675 ) ) ;
#992 = CARTESIAN_POINT ( 'NONE',  ( -22.89028449314697866, -16.85099865912325612, -455.6626773330212927 ) ) ;
#993 = CARTESIAN_POINT ( 'NONE',  ( 25.00000000000000711, -7.868799009346734152, 49.99999999999999289 ) ) ;
#994 = CARTESIAN_POINT ( 'NONE',  ( -41.77861452437377210, 0.000000000000000000, -456.9399091819586829 ) ) ;
#995 = CARTESIAN_POINT ( 'NONE',  ( -84.79634438130010210, -11.17826984454417527, -30.52836189087280161 ) ) ;
#996 = CARTESIAN_POINT ( 'NONE',  ( 15.74140288852863456, 40.71080118470822384, -95.36432943228589920 ) ) ;
#997 = CARTESIAN_POINT ( 'NONE',  ( 103.9617181484887567, 30.66730723011827209, -260.1320086386604657 ) ) ;
#998 = CARTESIAN_POINT ( 'NONE',  ( -130.0000000000000000, 9.929734968230704339, -48.19909139224687067 ) ) ;
#999 = CARTESIAN_POINT ( 'NONE',  ( 98.76012629629452988, 0.000000000000000000, -323.8250788347020261 ) ) ;
#1000 = EDGE_CURVE ( 'NONE', #3709, #3751, #1274, .T. ) ;
#1001 = SURFACE_STYLE_USAGE ( .BOTH. , #3660 ) ;
#1002 = CARTESIAN_POINT ( 'NONE',  ( 57.58885763087250353, -7.688994848719303832, 6.673636992636688525 ) ) ;
#1003 = CARTESIAN_POINT ( 'NONE',  ( 105.8254158609838242, -12.27115312523842050, -137.9891078557831179 ) ) ;
#1004 = ORIENTED_EDGE ( 'NONE', *, *, #98, .F. ) ;
#1005 = CARTESIAN_POINT ( 'NONE',  ( 5.888573049311897535E-15, 56.60678732456896967, -229.0696096498219845 ) ) ;
#1006 = CARTESIAN_POINT ( 'NONE',  ( 52.37464640454683718, 4.459526276270199041, 27.18587015794499706 ) ) ;
#1007 = CARTESIAN_POINT ( 'NONE',  ( -130.0000000000003411, -8.587677227883887099, -246.6125214682435285 ) ) ;
#1008 = VERTEX_POINT ( 'NONE', #4257 ) ;
#1009 = CARTESIAN_POINT ( 'NONE',  ( -130.0000000000000000, -8.859097232325479965, -137.0002639088358478 ) ) ;
#1010 = DIRECTION ( 'NONE',  ( 0.000000000000000000, 0.000000000000000000, 1.000000000000000000 ) ) ;
#1011 =( GEOMETRIC_REPRESENTATION_CONTEXT ( 3 ) GLOBAL_UNCERTAINTY_ASSIGNED_CONTEXT ( ( #2647 ) ) GLOBAL_UNIT_ASSIGNED_CONTEXT ( ( #2436, #91, #2500 ) ) REPRESENTATION_CONTEXT ( 'NONE', 'WORKASPACE' ) );
#1012 = CARTESIAN_POINT ( 'NONE',  ( 41.73131208998673003, -1.103125126099971709, -455.8444007028571718 ) ) ;
#1013 = CARTESIAN_POINT ( 'NONE',  ( 650.0000000000012506, 6.819605414966197543, 0.7794529595290836665 ) ) ;
#1014 = CARTESIAN_POINT ( 'NONE',  ( -390.0000000000000000, -8.766589642335537829E-17, -151.0215718153326634 ) ) ;
#1015 = CARTESIAN_POINT ( 'NONE',  ( -130.0000000000000568, -8.683052096492504646, -43.13809259809601571 ) ) ;
#1016 = CARTESIAN_POINT ( 'NONE',  ( 27.59585348357841639, 31.30126620303327911, -72.56770707167520129 ) ) ;
#1017 = CARTESIAN_POINT ( 'NONE',  ( 83.44354667587899144, 33.75633342961084793, -303.0072434102259535 ) ) ;
#1018 = CARTESIAN_POINT ( 'NONE',  ( -130.0000000000000000, 6.412418073679590158, -29.18422292985630406 ) ) ;
#1019 = CARTESIAN_POINT ( 'NONE',  ( 82.05307342614310073, 1.381230683145029392, -359.5257301031336397 ) ) ;
#1020 = CARTESIAN_POINT ( 'NONE',  ( -130.0000000000000000, 28.37368510575479164, -244.7024903349910403 ) ) ;
#1021 = CARTESIAN_POINT ( 'NONE',  ( -25.60118196398168422, -14.03333168144974508, -5.985423359835382762 ) ) ;
#1022 = CARTESIAN_POINT ( 'NONE',  ( 83.63302863096598116, -17.92730121223860351, -171.9691180322005550 ) ) ;
#1023 = FACE_OUTER_BOUND ( 'NONE', #2040, .T. ) ;
#1024 = CARTESIAN_POINT ( 'NONE',  ( -109.2407355898226911, 31.71876900150766332, -214.5691019438200442 ) ) ;
#1025 = PLANE ( 'NONE',  #672 ) ;
#1026 = CARTESIAN_POINT ( 'NONE',  ( 39.22428306746974158, -29.37166931543716686, -390.9573235214737679 ) ) ;
#1027 = ORIENTED_EDGE ( 'NONE', *, *, #2353, .T. ) ;
#1028 = B_SPLINE_CURVE_WITH_KNOTS ( 'NONE', 3,
 ( #4061, #4106, #1104, #3149, #2407, #824, #2143, #2163 ),
 .UNSPECIFIED., .F., .F.,
 ( 4, 1, 1, 1, 1, 4 ),
 ( 0.7089786728048195208, 0.8334301310438655408, 0.8997063815284283006, 0.9381713024910833809, 0.9619433975866427122, 1.000000000000000000 ),
 .UNSPECIFIED. ) ;
#1029 = CARTESIAN_POINT ( 'NONE',  ( 130.0000000000000000, 2.500000000000000000, 50.00000000000000000 ) ) ;
#1030 = CARTESIAN_POINT ( 'NONE',  ( -129.9999999999999432, -9.201442654543686928, -70.61034222830321028 ) ) ;
#1031 = CARTESIAN_POINT ( 'NONE',  ( 129.9999999999998863, -8.549992367757914380, -247.9882440298360677 ) ) ;
#1032 = CARTESIAN_POINT ( 'NONE',  ( 130.0000000000000000, -0.8716318489841706763, -299.4451336924489055 ) ) ;
#1033 = CARTESIAN_POINT ( 'NONE',  ( 130.0000000000001705, 11.89531695358517283, -58.08191589096109908 ) ) ;
#1034 = CARTESIAN_POINT ( 'NONE',  ( 55.13131808791865751, 0.000000000000000000, -436.1643530901230292 ) ) ;
#1035 = CARTESIAN_POINT ( 'NONE',  ( -84.66314028775047973, -13.00328485886918095, -46.71835147150775214 ) ) ;
#1036 = CARTESIAN_POINT ( 'NONE',  ( 57.19232227743070496, 13.40904037014199623, -26.89156192820667002 ) ) ;
#1037 = CARTESIAN_POINT ( 'NONE',  ( -40.07572688643782044, -24.84606470421112334, -414.0353924586216294 ) ) ;
#1038 = CARTESIAN_POINT ( 'NONE',  ( -129.9999999999999716, 4.870808713585086380, -19.47425508808521855 ) ) ;
#1039 = CARTESIAN_POINT ( 'NONE',  ( 82.09423392779972062, 8.634689852807870381, -354.5033616143025483 ) ) ;
#1040 = CARTESIAN_POINT ( 'NONE',  ( -130.0000000000000000, 27.30580595387993625, -146.2619813051252606 ) ) ;
#1041 = CARTESIAN_POINT ( 'NONE',  ( 58.34503568571206955, -10.81250865411848494, -21.98383471148215307 ) ) ;
#1042 = CARTESIAN_POINT ( 'NONE',  ( -129.9999999999999716, -8.811990408592057733, -120.0857139834571541 ) ) ;
#1043 = CARTESIAN_POINT ( 'NONE',  ( -650.0000000000004547, -4.736136420922410828, 68.13126665782299085 ) ) ;
#1044 = CARTESIAN_POINT ( 'NONE',  ( 110.0361075509837292, 31.39819121378524613, -206.9645464474980940 ) ) ;
#1045 = CARTESIAN_POINT ( 'NONE',  ( 82.52279817110932925, 23.44492277497219490, -331.9973802449050595 ) ) ;
#1046 = CARTESIAN_POINT ( 'NONE',  ( 64.00505270918137057, 4.917661015566223703, 19.99769732068317296 ) ) ;
#1047 = CARTESIAN_POINT ( 'NONE',  ( -22.25665130743903575, -33.46100066870154421, -400.5154660462697507 ) ) ;
#1048 = EDGE_LOOP ( 'NONE', ( #2087, #692, #1329, #835, #1644 ) ) ;
#1049 = CARTESIAN_POINT ( 'NONE',  ( -129.9999999999999432, 21.36944541285503973, -104.2526445563350421 ) ) ;
#1050 = UNCERTAINTY_MEASURE_WITH_UNIT (LENGTH_MEASURE( 1.000000000000000082E-05 ), #2362, 'distance_accuracy_value', 'NONE');
#1051 = CARTESIAN_POINT ( 'NONE',  ( 130.0000000000000000, -8.970621901315370295, -155.8905530973707130 ) ) ;
#1052 = ADVANCED_FACE ( 'NONE', ( #303 ), #2857, .T. ) ;
#1053 = CARTESIAN_POINT ( 'NONE',  ( -650.0000000000000000, 13.24729296927947431, 18.60895225942335784 ) ) ;
#1054 = CARTESIAN_POINT ( 'NONE',  ( -68.36439491233666388, -5.574828729083653123, -400.5648563642435533 ) ) ;
#1055 = CARTESIAN_POINT ( 'NONE',  ( 650.0000000000003411, 15.93427308426123545, 44.46099126754911879 ) ) ;
#1056 = CARTESIAN_POINT ( 'NONE',  ( -59.38478051111658118, -15.58893543045866359, -61.58498116252369670 ) ) ;
#1057 = CARTESIAN_POINT ( 'NONE',  ( -36.65851252535555460, 13.15272778200911397, -17.70511907477476399 ) ) ;
#1058 = CARTESIAN_POINT ( 'NONE',  ( -100.3056583885704782, -11.75008932846719034, -285.0651704083003892 ) ) ;
#1059 = CARTESIAN_POINT ( 'NONE',  ( -130.0000000000000000, 28.03542024387801490, -154.6818734287327288 ) ) ;
#1060 = CARTESIAN_POINT ( 'NONE',  ( -129.9999999999997726, 5.557658819892919766, -300.5229267745248762 ) ) ;
#1061 = B_SPLINE_CURVE_WITH_KNOTS ( 'NONE', 3,
 ( #2226, #3815, #1511, #144 ),
 .UNSPECIFIED., .F., .F.,
 ( 4, 4 ),
 ( 0.000000000000000000, 0.1054934623469556132 ),
 .UNSPECIFIED. ) ;
#1062 = CARTESIAN_POINT ( 'NONE',  ( -650.0000000000000000, 0.4789065826735508513, -2.258818635179239642 ) ) ;
#1063 = CARTESIAN_POINT ( 'NONE',  ( 111.1243830345005819, -4.046170855970604663, 2.775936393797496571 ) ) ;
#1064 = CARTESIAN_POINT ( 'NONE',  ( -64.33144528652550775, -24.09909297551354967, -250.6023872224552065 ) ) ;
#1065 = CARTESIAN_POINT ( 'NONE',  ( 130.0000000000000000, 28.37368510575482006, -244.7024903349910687 ) ) ;
#1066 = CARTESIAN_POINT ( 'NONE',  ( -112.5981906825111594, 29.23533801204672145, -174.3202746206997062 ) ) ;
#1067 = CARTESIAN_POINT ( 'NONE',  ( -67.91469454233877912, 24.17993380472801945, -375.6645556888654482 ) ) ;
#1068 = CARTESIAN_POINT ( 'NONE',  ( -30.93497543336398081, 5.076492250400493234, 44.21723831111286529 ) ) ;
#1069 = CARTESIAN_POINT ( 'NONE',  ( -650.0000000000001137, 13.16191641041160487, 18.15197784032036310 ) ) ;
#1070 = CARTESIAN_POINT ( 'NONE',  ( -19.63159953807737779, -35.30427952862918772, -158.3891153869809614 ) ) ;
#1071 = VERTEX_POINT ( 'NONE', #2250 ) ;
#1072 = CARTESIAN_POINT ( 'NONE',  ( 129.9999999999999432, 2.238403153525233780, 38.60905163973367848 ) ) ;
#1073 = CARTESIAN_POINT ( 'NONE',  ( -649.9999999999995453, -3.765477387668767939, 152.4071652299781476 ) ) ;
#1074 = EDGE_CURVE ( 'NONE', #1624, #1706, #4277, .T. ) ;
#1075 = CARTESIAN_POINT ( 'NONE',  ( -39.50319666038312505, -4.824521653811758348, 36.71819044946951038 ) ) ;
#1076 = CARTESIAN_POINT ( 'NONE',  ( 130.0000000000000853, -3.650685090296932334, -295.8529952554177385 ) ) ;
#1077 = CARTESIAN_POINT ( 'NONE',  ( 129.9999999999998295, 8.031820731602595131, -38.82555696443397153 ) ) ;
#1078 = CARTESIAN_POINT ( 'NONE',  ( -109.5788509422251025, -10.39032038861255103, -37.82925063295416379 ) ) ;
#1079 = VECTOR ( 'NONE', #2055, 1000.000000000000000 ) ;
#1080 = CARTESIAN_POINT ( 'NONE',  ( -1.095503270529654776E-15, 37.92020989126410768, -50.04329788012781677 ) ) ;
#1081 = CARTESIAN_POINT ( 'NONE',  ( 53.26245612641989169, -23.30096041921525085, -394.9918068518917380 ) ) ;
#1082 = CARTESIAN_POINT ( 'NONE',  ( -650.0000000000000000, 97.50000000000000000, 209.9568563693341332 ) ) ;
#1083 = CARTESIAN_POINT ( 'NONE',  ( 82.06923052729430879, 5.589443021596816052, -357.1320457089697697 ) ) ;
#1084 = CARTESIAN_POINT ( 'NONE',  ( -110.7931975861562819, -4.680471015843989946, -5.864452678836941324 ) ) ;
#1085 = CARTESIAN_POINT ( 'NONE',  ( -34.39943475998439482, -29.31380185117033221, -254.7183558595813508 ) ) ;
#1086 = CARTESIAN_POINT ( 'NONE',  ( 130.0000000000000000, 28.04259373272486755, -142.2870298100802131 ) ) ;
#1087 = CARTESIAN_POINT ( 'NONE',  ( -59.67028371996154590, 44.28089031241232476, -197.6840656238144334 ) ) ;
#1088 = CARTESIAN_POINT ( 'NONE',  ( -82.44551910006968853, 21.93523078905354495, -335.0608504508953729 ) ) ;
#1089 = CARTESIAN_POINT ( 'NONE',  ( -29.16827806044530647, 5.626480749455352814, 45.88352490365184622 ) ) ;
#1090 = CARTESIAN_POINT ( 'NONE',  ( -129.9999999999998295, 28.07919121536638940, -154.8332361471734941 ) ) ;
#1091 = CARTESIAN_POINT ( 'NONE',  ( 84.23688718839154888, -15.71328075904287402, -98.68500575272629760 ) ) ;
#1092 = ORIENTED_EDGE ( 'NONE', *, *, #1594, .T. ) ;
#1093 = CARTESIAN_POINT ( 'NONE',  ( -130.0000000000000000, -8.820765118846114916, -123.1584874602542499 ) ) ;
#1094 = CARTESIAN_POINT ( 'NONE',  ( -129.9999999999999432, -9.212277066257792413, -52.91709214158326091 ) ) ;
#1095 = CARTESIAN_POINT ( 'NONE',  ( -57.58885763087258169, -7.688994848719290509, 6.673636992636719611 ) ) ;
#1096 = DIRECTION ( 'NONE',  ( -0.000000000000000000, -1.000000000000000000, -0.000000000000000000 ) ) ;
#1097 = CARTESIAN_POINT ( 'NONE',  ( 130.0000000000000000, -4.464859893029354154, -293.2639325000548070 ) ) ;
#1098 = CARTESIAN_POINT ( 'NONE',  ( 650.0000000000000000, 2.500000000000002220, 159.9568563693341616 ) ) ;
#1099 = CARTESIAN_POINT ( 'NONE',  ( 4.131298104512201790E-15, -37.34158292894900200, -82.32939845865190875 ) ) ;
#1100 = CARTESIAN_POINT ( 'NONE',  ( 25.03721028726332776, 17.42103998781904295, -18.03205412781879602 ) ) ;
#1101 = CARTESIAN_POINT ( 'NONE',  ( -39.93381958327638870, -25.87779199418168830, -410.2453920240463390 ) ) ;
#1102 = CARTESIAN_POINT ( 'NONE',  ( -130.0000000000000000, 2.501211595922931519, -0.01514668761077816138 ) ) ;
#1103 = CARTESIAN_POINT ( 'NONE',  ( 68.48538010875698490, 8.760088470378052605, -398.3058887246921813 ) ) ;
#1104 = CARTESIAN_POINT ( 'NONE',  ( -130.0000000000000000, -8.995776555389079832, -236.1660392943668398 ) ) ;
#1105 = EDGE_CURVE ( 'NONE', #4226, #1911, #2903, .T. ) ;
#1106 = CARTESIAN_POINT ( 'NONE',  ( -85.00947093097992990, -7.060171578226734468, -4.989084788579464913 ) ) ;
#1107 = CARTESIAN_POINT ( 'NONE',  ( -48.17499856456198870, -26.66886573533916405, -270.3746475634189892 ) ) ;
#1108 = CARTESIAN_POINT ( 'NONE',  ( -129.9999999999999716, -8.796421522528001802, -114.6158842408099474 ) ) ;
#1109 = CARTESIAN_POINT ( 'NONE',  ( 60.29934839442675099, 45.86545472418326597, -214.1725746244130448 ) ) ;
#1110 = CARTESIAN_POINT ( 'NONE',  ( 22.74827903124044326, 23.97537907323479800, -443.6559190965919584 ) ) ;
#1111 = PLANE ( 'NONE',  #3674 ) ;
#1112 = CARTESIAN_POINT ( 'NONE',  ( -650.0000000000009095, 8.331929723570592472, 3.108005690030604562 ) ) ;
#1113 = CARTESIAN_POINT ( 'NONE',  ( 2.548836304268962690E-15, -39.80508227630046747, -155.0678501090102941 ) ) ;
#1114 = EDGE_LOOP ( 'NONE', ( #3234, #2623, #751, #141, #1585, #3646, #947, #205, #3424, #337 ) ) ;
#1115 = CARTESIAN_POINT ( 'NONE',  ( -130.0000000000000284, -9.209449165978329077, -52.89935302302642128 ) ) ;
#1116 = CARTESIAN_POINT ( 'NONE',  ( -130.0000000000000000, 60.00000000000000711, -1.126675055215588883E-15 ) ) ;
#1117 = DIRECTION ( 'NONE',  ( 0.000000000000000000, -1.000000000000000000, -0.000000000000000000 ) ) ;
#1118 = CARTESIAN_POINT ( 'NONE',  ( 129.9999999999998295, 28.07919121536638940, -154.8332361471734941 ) ) ;
#1119 = CARTESIAN_POINT ( 'NONE',  ( -59.85739179539130106, -17.00668772437757781, -79.68096188991863471 ) ) ;
#1120 = CARTESIAN_POINT ( 'NONE',  ( 130.0000000000000568, 3.639857225084992098, -13.21975312245822209 ) ) ;
#1121 = CARTESIAN_POINT ( 'NONE',  ( -82.34538905998503822, -15.65060868872521915, -327.7912371820252702 ) ) ;
#1122 = CARTESIAN_POINT ( 'NONE',  ( -130.0000000000000000, 24.95294458260269721, -126.1622240071726111 ) ) ;
#1123 = CARTESIAN_POINT ( 'NONE',  ( 41.75930152281909358, 4.249854264173535512, -452.3272825828421446 ) ) ;
#1124 = CARTESIAN_POINT ( 'NONE',  ( -649.9999999999998863, 4.942687098259074041, -1.273391734905170880 ) ) ;
#1125 = CARTESIAN_POINT ( 'NONE',  ( -26.73644038927235300, -17.34827559005235642, -37.98859564483611706 ) ) ;
#1126 = CARTESIAN_POINT ( 'NONE',  ( 130.0000000000000853, -8.912370615828159259, -158.4916961485056390 ) ) ;
#1127 = CARTESIAN_POINT ( 'NONE',  ( -650.0000000000000000, -5.595454921570465423, 119.9379371067652187 ) ) ;
#1128 = CARTESIAN_POINT ( 'NONE',  ( 130.0000000000000000, 29.47584741036532208, -182.3167206850821458 ) ) ;
#1129 = ADVANCED_FACE ( 'NONE', ( #2272 ), #3285, .F. ) ;
#1130 = CARTESIAN_POINT ( 'NONE',  ( -22.55751271084656295, 28.66330675912332282, -434.8926836827201896 ) ) ;
#1131 = CARTESIAN_POINT ( 'NONE',  ( -130.0000000000001705, 10.98839699396598846, -296.7958708225105511 ) ) ;
#1132 = CARTESIAN_POINT ( 'NONE',  ( 29.85840105882166995, -24.58766378838551958, -126.2512008345747461 ) ) ;
#1133 = ORIENTED_EDGE ( 'NONE', *, *, #4126, .T. ) ;
#1134 = CARTESIAN_POINT ( 'NONE',  ( -130.0000000000000284, -8.490770177858884438, -26.57154539706752061 ) ) ;
#1135 = CARTESIAN_POINT ( 'NONE',  ( 650.0000000000005684, -2.692576727389490721, 3.296069132096445031 ) ) ;
#1136 = CARTESIAN_POINT ( 'NONE',  ( -650.0000000000001137, -5.357401994471258533, 108.4346719681422968 ) ) ;
#1137 = CARTESIAN_POINT ( 'NONE',  ( -130.0000000000000000, 2.499999999999992895, 49.99999999999998579 ) ) ;
#1138 = CARTESIAN_POINT ( 'NONE',  ( 112.2283345289834244, -2.949607665682764779, 31.62284819706658823 ) ) ;
#1139 = CARTESIAN_POINT ( 'NONE',  ( 59.66834728168140600, -16.44803464664457948, -72.44541819171936936 ) ) ;
#1140 = CARTESIAN_POINT ( 'NONE',  ( -3.685572172471212942E-16, 30.59224684047952181, 20.08815631194005036 ) ) ;
#1141 = CARTESIAN_POINT ( 'NONE',  ( 129.9999999999999716, -6.962015074966115158, -276.8622359850392627 ) ) ;
#1142 = CARTESIAN_POINT ( 'NONE',  ( 650.0000000000000000, -2.500000000000002220, 159.9568563693341616 ) ) ;
#1143 = CARTESIAN_POINT ( 'NONE',  ( -54.66953088919511572, 18.48255949274286181, -413.4233036919869164 ) ) ;
#1144 = VECTOR ( 'NONE', #2645, 1000.000000000000227 ) ;
#1145 = DIRECTION ( 'NONE',  ( 1.000000000000000000, -0.000000000000000000, -0.000000000000000000 ) ) ;
#1146 = CARTESIAN_POINT ( 'NONE',  ( 84.87626683742995226, -9.321939340764357596, -20.94332757452324856 ) ) ;
#1147 = CARTESIAN_POINT ( 'NONE',  ( -47.65587024192348764, -26.54784301046928263, -257.5577053290069216 ) ) ;
#1148 = CARTESIAN_POINT ( 'NONE',  ( 650.0000000000003411, -5.474344237618295139, 113.4560862549776061 ) ) ;
#1149 = CARTESIAN_POINT ( 'NONE',  ( -15.44451961389083294, 47.00792278718564887, -144.4068889469215833 ) ) ;
#1150 = CARTESIAN_POINT ( 'NONE',  ( 101.0054683813416716, 25.29419842619445902, -287.9884786180826381 ) ) ;
#1151 = CARTESIAN_POINT ( 'NONE',  ( -27.03136068565795824, 6.576154356949015956, 47.96318015383970135 ) ) ;
#1152 = CARTESIAN_POINT ( 'NONE',  ( -130.0000000000000568, 20.91234560189316127, -276.8142010626806382 ) ) ;
#1153 = CARTESIAN_POINT ( 'NONE',  ( 42.36076135101029649, -21.36072597608932355, -126.7042943280822840 ) ) ;
#1154 = EDGE_LOOP ( 'NONE', ( #1606, #1999, #1396, #2808 ) ) ;
#1155 = CARTESIAN_POINT ( 'NONE',  ( -130.0000000000000000, -8.412011257025117317, -25.84620579942102125 ) ) ;
#1156 = B_SPLINE_CURVE_WITH_KNOTS ( 'NONE', 3,
 ( #1142, #3433, #3740, #432, #3104, #740, #1405, #2752, #106, #1430 ),
 .UNSPECIFIED., .F., .F.,
 ( 4, 1, 1, 1, 1, 1, 1, 4 ),
 ( 0.000000000000000000, 0.4547487555679878835, 0.6601172157674259910, 0.8056274934670603072, 0.8829660962469064733, 0.9278513035653533914, 0.9555912648093650708, 1.000000000000000000 ),
 .UNSPECIFIED. ) ;
#1157 = CARTESIAN_POINT ( 'NONE',  ( -650.0000000000003411, 14.71465987076591553, 81.52619077442777495 ) ) ;
#1158 = CARTESIAN_POINT ( 'NONE',  ( 25.00000000000000711, 60.00000000000000711, 49.99999999999999289 ) ) ;
#1159 = CARTESIAN_POINT ( 'NONE',  ( -650.0000000000005684, -5.199055558446036507, 137.2234973597448686 ) ) ;
#1160 = CARTESIAN_POINT ( 'NONE',  ( -40.80337638309451620, -18.48027822982547264, -88.20947416825988796 ) ) ;
#1161 = CARTESIAN_POINT ( 'NONE',  ( -85.48265983623716124, 3.097821635115738381, 36.41218678035015444 ) ) ;
#1162 = CARTESIAN_POINT ( 'NONE',  ( 67.51369460064208283, -20.11403513808775756, -371.0607586024501074 ) ) ;
#1163 = DIRECTION ( 'NONE',  ( -1.000000000000000000, -0.000000000000000000, -0.000000000000000000 ) ) ;
#1164 = CARTESIAN_POINT ( 'NONE',  ( 2.710103090563815292E-14, 13.89245302659306880, -472.5706112418736211 ) ) ;
#1165 = DIRECTION ( 'NONE',  ( -1.000000000000000000, 0.000000000000000000, 0.000000000000000000 ) ) ;
#1166 = CARTESIAN_POINT ( 'NONE',  ( -58.53408019942205698, -11.82428471191896691, -29.14998647309347035 ) ) ;
#1167 = CARTESIAN_POINT ( 'NONE',  ( 36.95376621688848928, -29.76312341001759165, -326.9713242293815938 ) ) ;
#1168 = CARTESIAN_POINT ( 'NONE',  ( 130.0000000000002274, -5.462221746353456808, -13.30970990249177177 ) ) ;
#1169 = CARTESIAN_POINT ( 'NONE',  ( 41.12537165303162823, 41.35307381164039953, -134.6288590163360368 ) ) ;
#1170 = CARTESIAN_POINT ( 'NONE',  ( 130.0000000000001990, 21.79362625734990644, -273.5009375823357800 ) ) ;
#1171 = CARTESIAN_POINT ( 'NONE',  ( -129.9999999999999716, 20.18046347852873623, -98.02708552136239462 ) ) ;
#1172 = FACE_OUTER_BOUND ( 'NONE', #4136, .T. ) ;
#1173 = CARTESIAN_POINT ( 'NONE',  ( -129.9999999999998863, -8.966549273659961017, -35.35938572255933110 ) ) ;
#1174 = CARTESIAN_POINT ( 'NONE',  ( 24.89164544817504421, -11.76472726249409462, 13.99256276606615756 ) ) ;
#1175 = CARTESIAN_POINT ( 'NONE',  ( 84.07704227613172066, -16.43395265601070321, -118.0913649085803030 ) ) ;
#1176 = ORIENTED_EDGE ( 'NONE', *, *, #3264, .F. ) ;
#1177 = CARTESIAN_POINT ( 'NONE',  ( -34.45135594424428405, 55.45025651354885099, -287.4153457612665648 ) ) ;
#1178 = CARTESIAN_POINT ( 'NONE',  ( -649.9999999999996589, -4.618093703252394100, 26.21230860123765183 ) ) ;
#1179 = CARTESIAN_POINT ( 'NONE',  ( -17.36862387483457937, -21.02767035150204578, 50.00000000000000711 ) ) ;
#1180 = CARTESIAN_POINT ( 'NONE',  ( -650.0000000000000000, -3.385636243444567484, 7.641126880013631606 ) ) ;
#1181 = EDGE_CURVE ( 'NONE', #2439, #2005, #3344, .T. ) ;
#1182 = CARTESIAN_POINT ( 'NONE',  ( -129.9999999999999716, -8.913454331934966390, -149.6409635157598927 ) ) ;
#1183 = CARTESIAN_POINT ( 'NONE',  ( 108.9164800455353941, -10.83008048733097617, -55.66544949645072649 ) ) ;
#1184 = CARTESIAN_POINT ( 'NONE',  ( 56.66471847137223250, 6.562980653062620462, 9.156348144794925759 ) ) ;
#1185 = CARTESIAN_POINT ( 'NONE',  ( 53.88541011358613275, -18.21865034704154240, -409.2871639337055285 ) ) ;
#1186 = LINE ( 'NONE', #867, #1709 ) ;
#1187 = CARTESIAN_POINT ( 'NONE',  ( 68.31411486831328261, 15.66870109114257659, -389.3590863091766323 ) ) ;
#1188 = CARTESIAN_POINT ( 'NONE',  ( -655.0000000000000000, -5.621079369299994966, 113.7089570969025516 ) ) ;
#1189 = CARTESIAN_POINT ( 'NONE',  ( -26.59453308611110600, -16.92823517940552591, -33.98666585040412969 ) ) ;
#1190 = CARTESIAN_POINT ( 'NONE',  ( -36.38613700424308917, -29.53757042316804871, -310.8793183584676285 ) ) ;
#1191 = CARTESIAN_POINT ( 'NONE',  ( 130.0000000000001705, -8.962791443677875947, -97.71797525276708996 ) ) ;
#1192 = CARTESIAN_POINT ( 'NONE',  ( -1.751840714578833033E-15, 47.01505602187130961, -133.9678548759618195 ) ) ;
#1193 = CARTESIAN_POINT ( 'NONE',  ( 66.67577668559736992, 37.33534978029589979, -345.2533853631070428 ) ) ;
#1194 = CARTESIAN_POINT ( 'NONE',  ( -129.9999999999999716, 17.96608654588773746, -86.94105779570635661 ) ) ;
#1195 = CARTESIAN_POINT ( 'NONE',  ( 655.0000000000000000, -3.973513345664787977, 11.88415498105542056 ) ) ;
#1196 = CARTESIAN_POINT ( 'NONE',  ( -649.9999999999990905, -4.948506200794915877, 93.87757884291788457 ) ) ;
#1197 = CARTESIAN_POINT ( 'NONE',  ( -130.0000000000000000, -2.079025656069292793, 19.05298977235494462 ) ) ;
#1198 = CARTESIAN_POINT ( 'NONE',  ( 19.90315661766652156, -35.57364541977928241, -183.4447975929661538 ) ) ;
#1199 = VERTEX_POINT ( 'NONE', #1986 ) ;
#1200 = CARTESIAN_POINT ( 'NONE',  ( -85.89227567422777554, 39.36475970040066841, -239.9562782645446077 ) ) ;
#1201 = PLANE ( 'NONE',  #1425 ) ;
#1202 = CARTESIAN_POINT ( 'NONE',  ( -82.85156461547401818, -19.42492914608131471, -267.0555777454831627 ) ) ;
#1203 = CARTESIAN_POINT ( 'NONE',  ( 17.39879688367780020, -21.38149489717503826, 47.23092665941989310 ) ) ;
#1204 = CARTESIAN_POINT ( 'NONE',  ( -649.9999999999995453, -4.711374604684415601, 74.92343847478005614 ) ) ;
#1205 = CARTESIAN_POINT ( 'NONE',  ( -650.0000000000003411, -5.474344237618295139, 113.4560862549776061 ) ) ;
#1206 = CARTESIAN_POINT ( 'NONE',  ( -18.99796635236937803, -33.04773104409534312, -99.94344299818416744 ) ) ;
#1207 = ADVANCED_FACE ( 'NONE', ( #2624 ), #3632, .T. ) ;
#1208 = CARTESIAN_POINT ( 'NONE',  ( -17.29158454407413004, 23.87162984265194510, 20.26555444640465353 ) ) ;
#1209 = CARTESIAN_POINT ( 'NONE',  ( -22.79976546661727710, -20.92079566923353084, -448.1312923833393711 ) ) ;
#1210 = CARTESIAN_POINT ( 'NONE',  ( -655.0000000000000000, -1.753317928467107566E-16, -2.043143630665322785 ) ) ;
#1211 = CARTESIAN_POINT ( 'NONE',  ( 99.11360050580398706, 14.06620978032648850, -314.5732820365919906 ) ) ;
#1212 = DIRECTION ( 'NONE',  ( 0.000000000000000000, 0.000000000000000000, -1.000000000000000000 ) ) ;
#1213 = CARTESIAN_POINT ( 'NONE',  ( 129.9999999999997158, -6.256553694531414855, -15.53383174865223815 ) ) ;
#1214 = CARTESIAN_POINT ( 'NONE',  ( 65.15063817926836975, -24.46556259194460381, -281.9270126653944999 ) ) ;
#1215 = AXIS2_PLACEMENT_3D ( 'NONE', #1373, #969, #2332 ) ;
#1216 = CARTESIAN_POINT ( 'NONE',  ( 649.9999999999994316, -4.401328376356786087, 19.99354969893450118 ) ) ;
#1217 = CARTESIAN_POINT ( 'NONE',  ( 113.1731393667968320, 25.92561076399808329, -137.7620842970318051 ) ) ;
#1218 = CARTESIAN_POINT ( 'NONE',  ( -130.0000000000001137, 22.81824389086733262, -269.4552283238100472 ) ) ;
#1219 = CARTESIAN_POINT ( 'NONE',  ( -130.0000000000000000, 3.106023750649358650, -6.515892717697534309 ) ) ;
#1220 = CARTESIAN_POINT ( 'NONE',  ( -129.9999999999998295, -8.813235482460147097, -125.9879315028349964 ) ) ;
#1221 = CARTESIAN_POINT ( 'NONE',  ( 36.75417546651380718, -7.809860886421663650, 11.58404561959328838 ) ) ;
#1222 = CARTESIAN_POINT ( 'NONE',  ( -61.93688144620023195, -21.37899710712888179, -159.1326531093270376 ) ) ;
#1223 = ORIENTED_EDGE ( 'NONE', *, *, #3367, .F. ) ;
#1224 = CARTESIAN_POINT ( 'NONE',  ( -130.0000000000001137, 29.21942471381841955, -221.5718249270740046 ) ) ;
#1225 = CARTESIAN_POINT ( 'NONE',  ( -130.0000000000000568, -9.224259523245727621, -55.85659911496060204 ) ) ;
#1226 = CARTESIAN_POINT ( 'NONE',  ( 50.45916318417167901, -27.84349656168193832, -326.9341929722833697 ) ) ;
#1227 = CARTESIAN_POINT ( 'NONE',  ( -85.40908321162886807, -3.110514653220966874, 43.27724903315682070 ) ) ;
#1228 = DIRECTION ( 'NONE',  ( -1.000000000000000000, 0.000000000000000000, 0.000000000000000000 ) ) ;
#1229 = CARTESIAN_POINT ( 'NONE',  ( -130.0000000000000000, -8.971983668931100553, -184.5985247854868305 ) ) ;
#1230 = CARTESIAN_POINT ( 'NONE',  ( -23.65991622487402424, 8.314655361512837572, 34.35694264504663664 ) ) ;
#1231 = CARTESIAN_POINT ( 'NONE',  ( 99.42249719298401089, -7.751653079658634482, -308.0268709887332648 ) ) ;
#1232 = FACE_OUTER_BOUND ( 'NONE', #2723, .T. ) ;
#1233 = CARTESIAN_POINT ( 'NONE',  ( -68.23056721623561316, 17.92552020176965755, -386.0400837861433843 ) ) ;
#1234 = FACE_OUTER_BOUND ( 'NONE', #95, .T. ) ;
#1235 = CARTESIAN_POINT ( 'NONE',  ( -109.7996412411215346, -10.05201979910325782, -31.88974890190735678 ) ) ;
#1236 = CARTESIAN_POINT ( 'NONE',  ( 21.35146104214193130, -34.98860648362985870, -317.0402673897344243 ) ) ;
#1237 = B_SPLINE_CURVE_WITH_KNOTS ( 'NONE', 3,
 ( #932, #3286, #284, #954, #2297, #653, #1442, #1418, #3406, #2398, #76, #4117, #3426 ),
 .UNSPECIFIED., .F., .F.,
 ( 4, 1, 1, 1, 1, 1, 1, 1, 1, 1, 4 ),
 ( 0.000000000000000000, 0.3168749234375783930, 0.5360891197806090247, 0.7210716233239784501, 0.8748528582455298297, 0.9142575676723244671, 0.9375603347243219865, 0.9534890465804235493, 0.9747337880816442368, 0.9873352219761176718, 1.000000000000000000 ),
 .UNSPECIFIED. ) ;
#1238 = CARTESIAN_POINT ( 'NONE',  ( 649.9999999999987494, -4.847413472381434829, 53.10225853387641592 ) ) ;
#1239 = CARTESIAN_POINT ( 'NONE',  ( 130.0000000000000853, 26.55634299231001094, -138.6564886254729743 ) ) ;
#1240 = CARTESIAN_POINT ( 'NONE',  ( -39.40302112336903662, 41.43449761775365658, -384.6709669765952526 ) ) ;
#1241 = CARTESIAN_POINT ( 'NONE',  ( -129.9999999999999716, 19.89685418549894891, -96.57314409485131534 ) ) ;
#1242 = CARTESIAN_POINT ( 'NONE',  ( 655.0000000000000000, -2.541022349665869928, 1.707494875082272490 ) ) ;
#1243 = EDGE_CURVE ( 'NONE', #3301, #1199, #2930, .T. ) ;
#1244 = CARTESIAN_POINT ( 'NONE',  ( -649.9999999999992042, -4.771309895478064611, 63.28938723049040505 ) ) ;
#1245 = CARTESIAN_POINT ( 'NONE',  ( 25.03355275133636937, -12.23895984335719156, 9.997217954230121606 ) ) ;
#1246 = CARTESIAN_POINT ( 'NONE',  ( 84.02376063871173528, -16.62275367782074653, -124.5555804797614172 ) ) ;
#1247 = ORIENTED_EDGE ( 'NONE', *, *, #3066, .T. ) ;
#1248 = CARTESIAN_POINT ( 'NONE',  ( -63.67342255746775948, 47.99466698883674098, -284.5193945208201285 ) ) ;
#1249 = CARTESIAN_POINT ( 'NONE',  ( -130.0000000000000284, -8.886225188422521626, -107.0945837703548733 ) ) ;
#1250 = CARTESIAN_POINT ( 'NONE',  ( 66.09586074781793741, -25.52430595301348859, -318.1643562368404332 ) ) ;
#1251 = CARTESIAN_POINT ( 'NONE',  ( -112.6699151267765870, -2.634010611375048772, 43.70120783784921059 ) ) ;
#1252 = CARTESIAN_POINT ( 'NONE',  ( 655.0000000000000000, 97.50000000000000000, 209.9568563693341332 ) ) ;
#1253 = LINE ( 'NONE', #2603, #3537 ) ;
#1254 = CARTESIAN_POINT ( 'NONE',  ( -82.13226251030563674, -6.655198309409444235, -352.0282562147009457 ) ) ;
#1255 = CARTESIAN_POINT ( 'NONE',  ( 130.0000000000000000, 60.00000000000000711, -1.126675055215588883E-15 ) ) ;
#1256 = CARTESIAN_POINT ( 'NONE',  ( 82.30938692866560302, 18.61574522758517602, -341.0593212823655449 ) ) ;
#1257 = DIRECTION ( 'NONE',  ( 0.000000000000000000, -0.8417178240732775540, 0.5399176832049001895 ) ) ;
#1258 = CARTESIAN_POINT ( 'NONE',  ( -110.0204315400182509, -9.271204354578671314, -26.01120792864552200 ) ) ;
#1259 = CARTESIAN_POINT ( 'NONE',  ( 21.44198006867163286, -34.81638368557118923, -325.3960445811599129 ) ) ;
#1260 = CARTESIAN_POINT ( 'NONE',  ( 650.0000000000014779, -4.812373855825597957, 58.19650882194468267 ) ) ;
#1261 = CARTESIAN_POINT ( 'NONE',  ( 130.0000000000000000, 15.69234925796480340, -76.74483299742651354 ) ) ;
#1262 = CARTESIAN_POINT ( 'NONE',  ( -37.32286954127093992, 51.27194152025110441, -343.0701943617570464 ) ) ;
#1263 = CARTESIAN_POINT ( 'NONE',  ( 2.773017124465618492E-14, 2.848573953791329050, -487.2120541227973263 ) ) ;
#1264 = CARTESIAN_POINT ( 'NONE',  ( -129.9999999999998863, -8.959472574523710264, -218.7139999000703199 ) ) ;
#1265 = CARTESIAN_POINT ( 'NONE',  ( 57.77790214458239149, -8.457354301598179802, -0.4816872581231345651 ) ) ;
#1266 = CARTESIAN_POINT ( 'NONE',  ( 61.93688144620020353, -21.37899710712890666, -159.1326531093270376 ) ) ;
#1267 = ADVANCED_FACE ( 'NONE', ( #3306 ), #2970, .F. ) ;
#1268 = ORIENTED_EDGE ( 'NONE', *, *, #614, .T. ) ;
#1269 = CARTESIAN_POINT ( 'NONE',  ( 85.61726118654269158, 39.53358398064952439, -247.0404146003385222 ) ) ;
#1270 = CARTESIAN_POINT ( 'NONE',  ( -130.0000000000000000, -9.200636588785128467, -70.49858170298722371 ) ) ;
#1271 = CARTESIAN_POINT ( 'NONE',  ( -85.30251993678905365, -4.203002830390155431, 30.15909467815750844 ) ) ;
#1272 = CARTESIAN_POINT ( 'NONE',  ( 51.08211717133794139, -28.32656733292293794, -342.3713845634690642 ) ) ;
#1273 = CARTESIAN_POINT ( 'NONE',  ( 650.0000000000000000, -0.5836569176662512737, -1.677570890800155201 ) ) ;
#1274 = B_SPLINE_CURVE_WITH_KNOTS ( 'NONE', 3,
 ( #2579, #971, #3970, #3952, #2668, #4296, #1942, #931, #2950, #3991, #1964, #1652, #3236 ),
 .UNSPECIFIED., .F., .F.,
 ( 4, 1, 1, 1, 1, 1, 1, 1, 1, 1, 4 ),
 ( 0.1419104028480470681, 0.1491190551468339898, 0.2067882203586834944, 0.2458712149436862449, 0.5327403553453804452, 0.7087333397098962706, 0.8334301310438658739, 0.8997063815284287447, 0.9381713024910838250, 0.9619433975866429343, 1.000000000000000000 ),
 .UNSPECIFIED. ) ;
#1275 = CARTESIAN_POINT ( 'NONE',  ( -650.0000000000000000, 97.50000000000000000, 149.9568563693341332 ) ) ;
#1276 = CARTESIAN_POINT ( 'NONE',  ( -82.23882578514539432, -11.95238837303770829, -340.0288739400239706 ) ) ;
#1277 = CARTESIAN_POINT ( 'NONE',  ( 130.0000000000000000, 25.34401647608088126, -257.7296603254208662 ) ) ;
#1278 = CARTESIAN_POINT ( 'NONE',  ( -129.9999999999998295, -8.158198158922473908, -23.65418080433337877 ) ) ;
#1279 = CARTESIAN_POINT ( 'NONE',  ( 129.9999999999998863, -8.900834993799692896, -145.5633340651522474 ) ) ;
#1280 = CARTESIAN_POINT ( 'NONE',  ( -28.08997547709537201, 34.11200805887129661, -84.00355943250553992 ) ) ;
#1281 = CARTESIAN_POINT ( 'NONE',  ( 20.02385335924572374, 54.65528648363765285, -344.0764304234536439 ) ) ;
#1282 = CARTESIAN_POINT ( 'NONE',  ( -130.0000000000000000, 6.361480070047542235, -28.88274461664245152 ) ) ;
#1283 = CARTESIAN_POINT ( 'NONE',  ( -23.16184157273610822, 0.000000000000000000, -477.3061618411491054 ) ) ;
#1284 = CARTESIAN_POINT ( 'NONE',  ( -650.0000000000000000, -4.712204861126742195, 78.57181924008365570 ) ) ;
#1285 = CARTESIAN_POINT ( 'NONE',  ( -25.31736735765901258, -13.15567646494332088, 2.006661295991059468 ) ) ;
#1286 = CARTESIAN_POINT ( 'NONE',  ( -83.75735245161227738, -17.47196920898721828, -156.8743391221324828 ) ) ;
#1287 = ORIENTED_EDGE ( 'NONE', *, *, #1669, .F. ) ;
#1288 = CARTESIAN_POINT ( 'NONE',  ( 86.42030349058323679, 38.69913480230897562, -225.8962651379048339 ) ) ;
#1289 = DIRECTION ( 'NONE',  ( 0.000000000000000000, 0.4472135954999578722, -0.8944271909999159664 ) ) ;
#1290 = CARTESIAN_POINT ( 'NONE',  ( 37.80521003585645445, -30.46750200921854201, -351.1592219936985089 ) ) ;
#1291 = CARTESIAN_POINT ( 'NONE',  ( 24.18210893236837222, -9.222087938733400492, 33.97951081585919297 ) ) ;
#1292 = CARTESIAN_POINT ( 'NONE',  ( -649.9999999999998863, -4.597332125566650163, 25.50455934244075351 ) ) ;
#1293 = DIRECTION ( 'NONE',  ( 0.000000000000000000, 0.000000000000000000, -1.000000000000000000 ) ) ;
#1294 = CARTESIAN_POINT ( 'NONE',  ( -130.0000000000001137, -2.108989117702083860, 28.01494470505288348 ) ) ;
#1295 = CARTESIAN_POINT ( 'NONE',  ( -40.92717070540578561, -15.64012887598457624, -436.1609267894034474 ) ) ;
#1296 = CARTESIAN_POINT ( 'NONE',  ( -650.0000000000001137, -3.814096539758224491, 11.00555075496571611 ) ) ;
#1297 = CARTESIAN_POINT ( 'NONE',  ( -98.76012629629451567, 0.000000000000000000, -323.8250788347021398 ) ) ;
#1298 = CARTESIAN_POINT ( 'NONE',  ( -39.24599141517892065, -14.97380629904991167, -49.70573601176231904 ) ) ;
#1299 = CARTESIAN_POINT ( 'NONE',  ( 129.9999999999997158, -7.019658709172629685, -276.4299119049625801 ) ) ;
#1300 = CARTESIAN_POINT ( 'NONE',  ( -39.28727808645049890, 28.20311018716523321, -72.84862977773106252 ) ) ;
#1301 = CARTESIAN_POINT ( 'NONE',  ( 49.45525477076859744, 50.61718173937856591, -319.8807598098128437 ) ) ;
#1302 = CARTESIAN_POINT ( 'NONE',  ( -130.0000000000000568, 14.14383505174036237, -68.65360276469323253 ) ) ;
#1303 = CARTESIAN_POINT ( 'NONE',  ( -55.12961407611522446, 1.416118952076760085, -434.8068635496968000 ) ) ;
#1304 = CARTESIAN_POINT ( 'NONE',  ( -130.0000000000000000, 0.000000000000000000, -300.0000000000000000 ) ) ;
#1305 = CARTESIAN_POINT ( 'NONE',  ( -37.53286795047172575, -10.04544005628297398, -7.545823084073883358 ) ) ;
#1306 = CARTESIAN_POINT ( 'NONE',  ( -45.47553128684153023, -24.77008433509945462, -203.6803763013913056 ) ) ;
#1307 = ORIENTED_EDGE ( 'NONE', *, *, #1693, .T. ) ;
#1308 = CARTESIAN_POINT ( 'NONE',  ( -130.0000000000000000, 29.53049614392585909, -211.9476706293738175 ) ) ;
#1309 = CARTESIAN_POINT ( 'NONE',  ( -130.0000000000000000, 2.775557561562891351E-14, -1.126675055215588883E-15 ) ) ;
#1310 = CARTESIAN_POINT ( 'NONE',  ( -82.63843806579443196, -19.57399829827457438, -292.9531578364680513 ) ) ;
#1311 = VERTEX_POINT ( 'NONE', #2761 ) ;
#1312 = CARTESIAN_POINT ( 'NONE',  ( 56.64363506232314194, -3.433833328788573613, 42.68107562927278309 ) ) ;
#1313 = CARTESIAN_POINT ( 'NONE',  ( -129.9999999999998295, -8.912370615828148601, -158.4916961485056675 ) ) ;
#1314 = CARTESIAN_POINT ( 'NONE',  ( 650.0000000000000000, -1.591052431238389575, -0.6894684822842815919 ) ) ;
#1315 = CARTESIAN_POINT ( 'NONE',  ( 31.92728886892644269, -5.358071058252586560, 43.30014504442699064 ) ) ;
#1316 = B_SPLINE_CURVE_WITH_KNOTS ( 'NONE', 3,
 ( #1808, #2169, #1413, #461, #3112, #1460, #483, #3155, #810, #116, #1789, #71, #419, #3503, #4067, #2477, #4112, #503, #1437, #4152, #3135, #158, #1068, #1089, #138, #1151, #2784, #2805, #2084, #4089 ),
 .UNSPECIFIED., .F., .F.,
 ( 4, 2, 2, 2, 2, 2, 2, 2, 2, 2, 2, 2, 2, 2, 4 ),
 ( 0.000000000000000000, 0.02989140591127274413, 0.04483710886690909364, 0.05978281182254544662, 0.07472851477818177879, 0.08220136625599994140, 0.08593779199490901577, 0.08967421773381809014, 0.09714706921163622499, 0.1046199206894543460, 0.1083563464283634065, 0.1120927721672724808, 0.1158291979061815413, 0.1176974107756360854, 0.1195656236450906018 ),
 .UNSPECIFIED. ) ;
#1317 = ADVANCED_FACE ( 'NONE', ( #2128 ), #2510, .F. ) ;
#1318 = CARTESIAN_POINT ( 'NONE',  ( -22.84502497988211900, -18.97255127694109689, -451.9145246691612670 ) ) ;
#1319 = CARTESIAN_POINT ( 'NONE',  ( 130.0000000000000000, 0.000000000000000000, 0.000000000000000000 ) ) ;
#1320 = SHAPE_DEFINITION_REPRESENTATION ( #2972, #1642 ) ;
#1321 = CARTESIAN_POINT ( 'NONE',  ( -18.50011170645598213, -30.38003770698033534, -54.04243595823442092 ) ) ;
#1322 = CARTESIAN_POINT ( 'NONE',  ( 16.05143921963773934, 37.27487268669698750, -72.33234409089502037 ) ) ;
#1323 = CARTESIAN_POINT ( 'NONE',  ( -50.09425919704632690, 49.22162662221922602, -329.9754254884684883 ) ) ;
#1324 = CARTESIAN_POINT ( 'NONE',  ( -129.9999999999999716, 14.48507578446402633, -70.27347407585935457 ) ) ;
#1325 = CARTESIAN_POINT ( 'NONE',  ( -650.0000000000000000, -5.357367962548797991, 108.4333235614310098 ) ) ;
#1326 = PLANE ( 'NONE',  #1776 ) ;
#1327 = CARTESIAN_POINT ( 'NONE',  ( -85.06275256839968790, -6.537187833149373795, 1.388853795260975854 ) ) ;
#1328 = CARTESIAN_POINT ( 'NONE',  ( 62.94511885265301032, -22.83773279935545730, -197.6472801517411426 ) ) ;
#1329 = ORIENTED_EDGE ( 'NONE', *, *, #364, .T. ) ;
#1330 = CARTESIAN_POINT ( 'NONE',  ( -16.63527827550953475, 55.35371524041217839, -226.8271645505520269 ) ) ;
#1331 = CARTESIAN_POINT ( 'NONE',  ( 37.45783436921320941, 4.078261131709065346, 38.41729551164884526 ) ) ;
#1332 = CARTESIAN_POINT ( 'NONE',  ( -22.07561325437960065, -34.48380448570438972, -383.9898988176395846 ) ) ;
#1333 = ORIENTED_EDGE ( 'NONE', *, *, #3390, .F. ) ;
#1334 = CARTESIAN_POINT ( 'NONE',  ( -130.0000000000000000, -8.859097232325479965, -137.0002639088358478 ) ) ;
#1335 = PLANE ( 'NONE',  #388 ) ;
#1336 = B_SPLINE_CURVE_WITH_KNOTS ( 'NONE', 3,
 ( #1729, #711, #3031, #3265, #264, #1589, #4316, #2045, #33, #3384, #1376, #3731, #2724, #1049, #2066 ),
 .UNSPECIFIED., .F., .F.,
 ( 4, 1, 1, 1, 1, 1, 1, 1, 2, 2, 4 ),
 ( 0.000000000000000000, 0.2500000000001206257, 0.3750000000001809664, 0.4375000000002110534, 0.4687500000002269296, 0.4843750000002349232, 0.4921875000002380318, 0.4960937500002395861, 0.4980468750002394751, 0.5000000000002393641, 1.000000000000000000 ),
 .UNSPECIFIED. ) ;
#1337 = CARTESIAN_POINT ( 'NONE',  ( -41.73131208998666608, -1.103125126099972375, -455.8444007028572287 ) ) ;
#1338 = CARTESIAN_POINT ( 'NONE',  ( 650.0000000000000000, -1.753317928467107566E-16, -2.043143630665322785 ) ) ;
#1339 = DIRECTION ( 'NONE',  ( 0.000000000000000000, 0.000000000000000000, 1.000000000000000000 ) ) ;
#1340 = EDGE_CURVE ( 'NONE', #3178, #2718, #2342, .T. ) ;
#1341 = CARTESIAN_POINT ( 'NONE',  ( -59.51081018692326552, -15.97233059439417246, -66.41306629530014050 ) ) ;
#1342 = CARTESIAN_POINT ( 'NONE',  ( -27.06765411119807396, 28.39626285372555969, -61.28367254888641469 ) ) ;
#1343 = CARTESIAN_POINT ( 'NONE',  ( 65.46768657213561937, 43.84880489071596799, -320.0915479621694999 ) ) ;
#1344 = CARTESIAN_POINT ( 'NONE',  ( -130.0000000000000284, 5.742089988161212410, -25.14106714175668245 ) ) ;
#1345 = CARTESIAN_POINT ( 'NONE',  ( -23.16184157273610467, 0.4762541185127062704, -476.7718506923187078 ) ) ;
#1346 = CARTESIAN_POINT ( 'NONE',  ( -130.0000000000000000, 29.65749434793716333, -192.3822924841689996 ) ) ;
#1347 = CARTESIAN_POINT ( 'NONE',  ( 130.0000000000002842, -2.192000006706474657, 8.441906846562853062 ) ) ;
#1348 = CARTESIAN_POINT ( 'NONE',  ( -20.26523272378534557, -35.74030521284661432, -216.8631062878079376 ) ) ;
#1349 = CARTESIAN_POINT ( 'NONE',  ( -130.0000000000000000, -8.897948674849653017, -145.5572777520328600 ) ) ;
#1350 = CARTESIAN_POINT ( 'NONE',  ( 1.377106165646041649E-14, 58.80595024574021323, -288.7218858133339268 ) ) ;
#1351 = CARTESIAN_POINT ( 'NONE',  ( 91.11234801301489483, 4.605246247124568981, 8.150481121088215986 ) ) ;
#1352 = CARTESIAN_POINT ( 'NONE',  ( -52.32802514567030983, -27.38223397387092817, -372.8339054360448586 ) ) ;
#1353 = ORIENTED_EDGE ( 'NONE', *, *, #4293, .T. ) ;
#1354 = CARTESIAN_POINT ( 'NONE',  ( -9.065294611181679902E-16, -29.75281864587877223, 32.98678049892272668 ) ) ;
#1355 = CARTESIAN_POINT ( 'NONE',  ( 112.8907054256731186, 2.484245916792445996, 50.00000000000000711 ) ) ;
#1356 = CARTESIAN_POINT ( 'NONE',  ( -650.0000000000002274, -5.487374858719721082, 129.5990185697785080 ) ) ;
#1357 = AXIS2_PLACEMENT_3D ( 'NONE', #2933, #1872, #4213 ) ;
#1358 = CARTESIAN_POINT ( 'NONE',  ( 54.97557959112704395, -3.121912859513960026, -433.0313002435734688 ) ) ;
#1359 = CARTESIAN_POINT ( 'NONE',  ( 130.0000000000002558, 19.30331294572473055, -93.34393719736358719 ) ) ;
#1360 = CARTESIAN_POINT ( 'NONE',  ( -24.99999999999998579, 7.868799009346817641, 50.00000000000000000 ) ) ;
#1361 = CARTESIAN_POINT ( 'NONE',  ( -18.68114975951541012, -31.41015820229344513, -70.72891816975975132 ) ) ;
#1362 = CARTESIAN_POINT ( 'NONE',  ( 36.65851252535559013, 13.15272778200948167, -17.70511907477471780 ) ) ;
#1363 = CARTESIAN_POINT ( 'NONE',  ( -129.9999999999997726, -7.813551574347395778, -265.8675924140709981 ) ) ;
#1364 = CARTESIAN_POINT ( 'NONE',  ( -130.0000000000000000, 4.875420639794962874, -19.50544702468252112 ) ) ;
#1365 = CARTESIAN_POINT ( 'NONE',  ( -55.06986716225831913, 7.017135725799756862, -428.8565611493818892 ) ) ;
#1366 = CARTESIAN_POINT ( 'NONE',  ( -130.0000000000000284, 29.64989456603942841, -202.6069831776232775 ) ) ;
#1367 = CARTESIAN_POINT ( 'NONE',  ( 26.45262578294965650, -16.50940066627888569, -29.98518485321816129 ) ) ;
#1368 = CARTESIAN_POINT ( 'NONE',  ( 2.120364162487460311E-14, -39.64705236442404868, -243.5663617114946362 ) ) ;
#1369 = DIRECTION ( 'NONE',  ( -1.000000000000000000, 0.000000000000000000, 0.000000000000000000 ) ) ;
#1370 = CARTESIAN_POINT ( 'NONE',  ( 17.12514734516280512, 56.45451312887261253, -245.1994195992503194 ) ) ;
#1371 = ADVANCED_FACE ( 'NONE', ( #2570 ), #179, .F. ) ;
#1372 = CARTESIAN_POINT ( 'NONE',  ( -53.63945575403541710, 31.39425490541418995, -390.0381737367578694 ) ) ;
#1373 = CARTESIAN_POINT ( 'NONE',  ( -650.0000000000000000, -4.717634318646522829, 78.57223393979150217 ) ) ;
#1374 = CARTESIAN_POINT ( 'NONE',  ( 2.665806121571934936E-14, -35.13424817705656267, -411.8403258853124385 ) ) ;
#1375 = EDGE_LOOP ( 'NONE', ( #1686, #794, #1529, #3602, #1506, #3628, #1333, #402, #49, #2416, #1865 ) ) ;
#1376 = CARTESIAN_POINT ( 'NONE',  ( -130.0000000000000568, 22.67160698234077287, -111.6058176821348837 ) ) ;
#1377 = CARTESIAN_POINT ( 'NONE',  ( -130.0000000000000284, -8.546894688083023439, -26.58012579681161469 ) ) ;
#1378 = CARTESIAN_POINT ( 'NONE',  ( -95.92088573460407019, -5.194632887243100683, 6.567684385258787394 ) ) ;
#1379 = CARTESIAN_POINT ( 'NONE',  ( -41.77861452437377210, 0.000000000000000000, -456.9399091819586829 ) ) ;
#1380 = CARTESIAN_POINT ( 'NONE',  ( 130.0000000000001705, 4.722660740073711949, -19.48979771647259440 ) ) ;
#1381 = CARTESIAN_POINT ( 'NONE',  ( 130.0000000000001705, -8.684529234975506995, -31.97769708561189717 ) ) ;
#1382 = CARTESIAN_POINT ( 'NONE',  ( 129.9999999999996021, 7.333531795310627821, -37.30925049152398998 ) ) ;
#1383 = CARTESIAN_POINT ( 'NONE',  ( 67.23012783007735038, -22.60891209572474736, -360.7601540463913921 ) ) ;
#1384 = CARTESIAN_POINT ( 'NONE',  ( -129.9999999999999716, 28.04382312373714470, -154.7900633854991383 ) ) ;
#1385 = CARTESIAN_POINT ( 'NONE',  ( -130.0000000000002274, 4.170298521443407402, -300.7975654869144932 ) ) ;
#1386 = CARTESIAN_POINT ( 'NONE',  ( 390.0000000000000000, 2.499999999999999112, 79.97842818466708081 ) ) ;
#1387 = CARTESIAN_POINT ( 'NONE',  ( 130.0000000000002274, -2.318075879176623388, 3.115798879615278683 ) ) ;
#1388 = CARTESIAN_POINT ( 'NONE',  ( -83.24229662321999967, -18.76786167096073044, -219.4620841399628830 ) ) ;
#1389 = ORIENTED_EDGE ( 'NONE', *, *, #1976, .T. ) ;
#1390 = CARTESIAN_POINT ( 'NONE',  ( -59.18418828969300449, 42.51655208260707752, -181.5976525808375754 ) ) ;
#1391 = CARTESIAN_POINT ( 'NONE',  ( 54.38325690622281172, 23.09304040823920090, -405.9665336906481912 ) ) ;
#1392 = DIRECTION ( 'NONE',  ( 0.000000000000000000, 0.000000000000000000, 1.000000000000000000 ) ) ;
#1393 = CARTESIAN_POINT ( 'NONE',  ( -649.9999999999998863, 2.682245518332176726, -2.448125827867271731 ) ) ;
#1394 = ADVANCED_FACE ( 'NONE', ( #3575 ), #1525, .F. ) ;
#1395 = CARTESIAN_POINT ( 'NONE',  ( -66.47394977523757120, -25.49015573891071185, -332.5530239530737617 ) ) ;
#1396 = ORIENTED_EDGE ( 'NONE', *, *, #3290, .F. ) ;
#1397 = CARTESIAN_POINT ( 'NONE',  ( -130.0000000000000568, -8.974655090435009086, -195.9195730388833567 ) ) ;
#1398 = CARTESIAN_POINT ( 'NONE',  ( -130.0000000000000000, -2.499999999999994227, 1.184918829155061596E-13 ) ) ;
#1399 = CARTESIAN_POINT ( 'NONE',  ( -30.61436029608943343, -5.622607632892558271, 44.52042238370096072 ) ) ;
#1400 = CARTESIAN_POINT ( 'NONE',  ( 54.66410259754395895, -8.417290489558499900, -426.4749541125506767 ) ) ;
#1401 = CARTESIAN_POINT ( 'NONE',  ( 650.0000000000006821, 15.78575302342500031, 65.67272419892275082 ) ) ;
#1402 = CARTESIAN_POINT ( 'NONE',  ( 130.0000000000002558, -8.685826090184468384, -38.49553865317673740 ) ) ;
#1403 = CARTESIAN_POINT ( 'NONE',  ( 3.434675887445998115E-15, 33.74767971463334959, -10.73068164560316795 ) ) ;
#1404 = CARTESIAN_POINT ( 'NONE',  ( -22.52820838702814754, -29.37035862275779508, -424.7704237912561211 ) ) ;
#1405 = CARTESIAN_POINT ( 'NONE',  ( 650.0000000000000000, -3.786272386371877019, 9.747863534831383348 ) ) ;
#1406 = CARTESIAN_POINT ( 'NONE',  ( 23.10802662926701601, 8.887797161680799363, -466.5592957576698723 ) ) ;
#1407 = CARTESIAN_POINT ( 'NONE',  ( -649.9999999999998863, 2.682245518332176726, -2.448125827867271731 ) ) ;
#1408 = CARTESIAN_POINT ( 'NONE',  ( 129.9999999999997726, -2.442947218822550948, 0.4396676552710652164 ) ) ;
#1409 = CARTESIAN_POINT ( 'NONE',  ( -63.63828206958923062, -23.75752170406945396, -224.1342377076924208 ) ) ;
#1410 = CARTESIAN_POINT ( 'NONE',  ( -130.0000000000001421, -8.618084490537793130, -29.18891330999869993 ) ) ;
#1411 = CARTESIAN_POINT ( 'NONE',  ( 0.000000000000000000, 49.47793821740309284, -155.7841036400746475 ) ) ;
#1412 = CARTESIAN_POINT ( 'NONE',  ( -67.65422245056799966, 27.92667010791310034, -368.4183471803640941 ) ) ;
#1413 = CARTESIAN_POINT ( 'NONE',  ( -110.2727818625287455, 3.665271276719760607, 2.704401215684271165 ) ) ;
#1414 = CARTESIAN_POINT ( 'NONE',  ( -650.0000000000006821, 15.78575302342500031, 65.67272419892275082 ) ) ;
#1415 = CARTESIAN_POINT ( 'NONE',  ( -130.0000000000002842, -8.703929035113032953, -76.28528940304155981 ) ) ;
#1416 = ORIENTED_EDGE ( 'NONE', *, *, #2321, .T. ) ;
#1417 = CARTESIAN_POINT ( 'NONE',  ( -130.0000000000000000, -8.901926767509882765, -33.14298746039561649 ) ) ;
#1418 = CARTESIAN_POINT ( 'NONE',  ( 655.0000000000000000, -3.386479293603499752, 7.645870484556512636 ) ) ;
#1419 = CARTESIAN_POINT ( 'NONE',  ( -36.75417546651384981, -7.809860886421670756, 11.58404561959331325 ) ) ;
#1420 = VECTOR ( 'NONE', #2335, 1000.000000000000227 ) ;
#1421 = CARTESIAN_POINT ( 'NONE',  ( -120.1341638628747006, -3.329549805504123938, 1.160217982582104401 ) ) ;
#1422 = CARTESIAN_POINT ( 'NONE',  ( -130.0000000000000000, -0.8716318489841725636, -299.4451336924488487 ) ) ;
#1423 = ADVANCED_FACE ( 'NONE', ( #1172 ), #515, .F. ) ;
#1424 = CARTESIAN_POINT ( 'NONE',  ( 130.0000000000003126, 29.51126033177427743, -213.7696321815270437 ) ) ;
#1425 = AXIS2_PLACEMENT_3D ( 'NONE', #2642, #1289, #1725 ) ;
#1426 = CARTESIAN_POINT ( 'NONE',  ( 109.5788509422251167, -10.39032038861256524, -37.82925063295412116 ) ) ;
#1427 = VECTOR ( 'NONE', #4297, 1000.000000000000000 ) ;
#1428 = CARTESIAN_POINT ( 'NONE',  ( -112.9804949561685419, 6.163214589206948979, -24.83750501734228067 ) ) ;
#1429 = CARTESIAN_POINT ( 'NONE',  ( 2.823348242267934177E-14, -31.66060459729343890, -432.6132403198234897 ) ) ;
#1430 = CARTESIAN_POINT ( 'NONE',  ( 650.0000000000000000, -1.753317928467107566E-16, -2.043143630665322785 ) ) ;
#1431 = CARTESIAN_POINT ( 'NONE',  ( 3.111772731596705568E-14, 5.662071405846225147, -483.7216271165359558 ) ) ;
#1432 = CARTESIAN_POINT ( 'NONE',  ( -18.27381414013165895, -28.94894036041052487, -33.19961299005289135 ) ) ;
#1433 = CARTESIAN_POINT ( 'NONE',  ( 83.43766262709304726, -18.53641860840529176, -195.7127711351942594 ) ) ;
#1434 = CARTESIAN_POINT ( 'NONE',  ( -650.0000000000000000, -5.734519751946397292, 131.4649411302090982 ) ) ;
#1435 = CARTESIAN_POINT ( 'NONE',  ( -113.1753632560969436, 27.50959897610589877, -154.2034531926993850 ) ) ;
#1436 = CARTESIAN_POINT ( 'NONE',  ( 3.785347889632105500E-14, 24.18874376460971121, -455.9367722828432647 ) ) ;
#1437 = CARTESIAN_POINT ( 'NONE',  ( -37.42978885502002129, 4.079370175185289327, 38.44071421326623295 ) ) ;
#1438 = CARTESIAN_POINT ( 'NONE',  ( -130.0000000000003411, 27.22551110093073135, -145.0544737032067815 ) ) ;
#1439 = CARTESIAN_POINT ( 'NONE',  ( -30.42603027146704164, -25.50538286452279380, -142.3056314462859291 ) ) ;
#1440 = ORIENTED_EDGE ( 'NONE', *, *, #3367, .T. ) ;
#1441 = CARTESIAN_POINT ( 'NONE',  ( -130.0000000000000000, -9.208224020237102181, -52.68435031206484354 ) ) ;
#1442 = CARTESIAN_POINT ( 'NONE',  ( 655.0000000000000000, -3.973513345664787977, 11.88415498105542056 ) ) ;
#1443 = B_SPLINE_CURVE_WITH_KNOTS ( 'NONE', 3,
 ( #1304, #2658, #373, #3982, #1020, #6, #3643, #2715 ),
 .UNSPECIFIED., .F., .F.,
 ( 4, 1, 1, 1, 1, 4 ),
 ( 0.000000000000000000, 0.04439672623128421147, 0.1055674303164612082, 0.1545344229380067880, 0.2942112193946344600, 0.2996425918139855593 ),
 .UNSPECIFIED. ) ;
#1444 = CARTESIAN_POINT ( 'NONE',  ( -125.0495250052046146, -2.889850951435717352, 0.4865856805424711995 ) ) ;
#1445 = DIRECTION ( 'NONE',  ( 0.000000000000000000, -1.000000000000000000, 0.000000000000000000 ) ) ;
#1446 = CARTESIAN_POINT ( 'NONE',  ( -130.0000000000000284, -8.899036773074239903, -145.8267183895684411 ) ) ;
#1447 = CARTESIAN_POINT ( 'NONE',  ( 19.26952343195856443, -34.24481232583743662, -124.9888314480468097 ) ) ;
#1448 = EDGE_CURVE ( 'NONE', #558, #2065, #1983, .T. ) ;
#1449 = CARTESIAN_POINT ( 'NONE',  ( -16.76170426908771560, 30.32475897147619648, -27.79057241716803617 ) ) ;
#1450 = CARTESIAN_POINT ( 'NONE',  ( 39.65000497695377391, -27.57864985981318284, -402.5919391516305268 ) ) ;
#1451 = CARTESIAN_POINT ( 'NONE',  ( -130.0000000000000284, -8.977897559205580080, -199.1333324903763469 ) ) ;
#1452 = CARTESIAN_POINT ( 'NONE',  ( -98.82358448512077587, 6.880466078463489232, -322.2426959278192271 ) ) ;
#1453 = CARTESIAN_POINT ( 'NONE',  ( -650.0000000000000000, -1.753317928467107566E-16, -2.043143630665322785 ) ) ;
#1454 = CARTESIAN_POINT ( 'NONE',  ( 5.554457635738629760E-15, -34.76513633312688256, -31.01744088069249727 ) ) ;
#1455 = CARTESIAN_POINT ( 'NONE',  ( 104.9422546653975701, -12.61663047441841989, -161.4913219210939417 ) ) ;
#1456 = CARTESIAN_POINT ( 'NONE',  ( 649.9999999999995453, -4.389676193718264230, 147.3571413200975542 ) ) ;
#1457 = CARTESIAN_POINT ( 'NONE',  ( -15.50481119169431032, 49.59785069471343633, -167.4995335384095654 ) ) ;
#1458 = CARTESIAN_POINT ( 'NONE',  ( 40.64093741815025140, 30.22535131787038765, -412.3768926889900399 ) ) ;
#1459 = CARTESIAN_POINT ( 'NONE',  ( 57.02172408974288942, -5.236993839986482158, 28.19591789084363853 ) ) ;
#1460 = CARTESIAN_POINT ( 'NONE',  ( -81.80253125918163448, 4.912139441903269343, 11.51875788764149178 ) ) ;
#1461 = CARTESIAN_POINT ( 'NONE',  ( -130.0000000000001421, 19.48022640901156777, -281.4510114141614281 ) ) ;
#1462 = CARTESIAN_POINT ( 'NONE',  ( -84.07704227613169223, -16.43395265601069255, -118.0913649085802319 ) ) ;
#1463 = EDGE_LOOP ( 'NONE', ( #2334, #2172, #3445, #1748 ) ) ;
#1464 = CARTESIAN_POINT ( 'NONE',  ( -130.0000000000000000, -9.196375987413887287, -50.80783397591721950 ) ) ;
#1465 = CARTESIAN_POINT ( 'NONE',  ( -33.83672695858638235, -5.096968078183393480, 41.57423664525866513 ) ) ;
#1466 = CARTESIAN_POINT ( 'NONE',  ( -650.0000000000000000, -4.712204861126742195, 78.57181924008365570 ) ) ;
#1467 = CARTESIAN_POINT ( 'NONE',  ( -649.9999999999994316, -5.558986241470016409, 124.5067238234551468 ) ) ;
#1468 = CARTESIAN_POINT ( 'NONE',  ( -130.0000000000001421, -8.681066400220208479, -54.23602023889827706 ) ) ;
#1469 = CARTESIAN_POINT ( 'NONE',  ( -35.73363052439333387, 7.642379776179010875, 8.266649627360825647 ) ) ;
#1470 = CARTESIAN_POINT ( 'NONE',  ( -53.41819462321133472, -22.23616748146478983, -398.6076005699825373 ) ) ;
#1471 = CARTESIAN_POINT ( 'NONE',  ( -130.0000000000000000, 24.48513641704478516, -122.9135510181347115 ) ) ;
#1472 = CARTESIAN_POINT ( 'NONE',  ( 129.9999999999999716, 15.05478445787670161, -291.1106921589933449 ) ) ;
#1473 = CARTESIAN_POINT ( 'NONE',  ( -650.0000000000007958, 9.720310308854706705, 5.904694971555132454 ) ) ;
#1474 = CARTESIAN_POINT ( 'NONE',  ( -18.36433316666138893, -29.53841288442551871, -41.53495367173138675 ) ) ;
#1475 = CARTESIAN_POINT ( 'NONE',  ( 20.80834688296363666, -36.09794146653771207, -266.9837445716715933 ) ) ;
#1476 = CARTESIAN_POINT ( 'NONE',  ( 130.0000000000001705, -9.221726567762598137, -66.16607743290106214 ) ) ;
#1477 = CARTESIAN_POINT ( 'NONE',  ( 29.92476521885257412, 49.43915049457480393, -184.9631538715565569 ) ) ;
#1478 = CARTESIAN_POINT ( 'NONE',  ( -130.0000000000000000, 23.93829849508929186, -264.6268741129590012 ) ) ;
#1479 = B_SPLINE_CURVE_WITH_KNOTS ( 'NONE', 3,
 ( #4183, #3795, #1180, #861, #797, #2135, #3472, #990 ),
 .UNSPECIFIED., .F., .F.,
 ( 4, 1, 1, 1, 1, 4 ),
 ( 0.9143462048811712428, 0.9375603347243219865, 0.9534890465804235493, 0.9747337880816442368, 0.9873352219761176718, 1.000000000000000000 ),
 .UNSPECIFIED. ) ;
#1480 = CARTESIAN_POINT ( 'NONE',  ( -130.0000000000000284, 19.92933983454671321, -96.75645881477812793 ) ) ;
#1481 = CARTESIAN_POINT ( 'NONE',  ( -129.9999999999999432, 4.972231794869021115, -300.7490187305448330 ) ) ;
#1482 = CARTESIAN_POINT ( 'NONE',  ( 30.42603027146702743, -25.50538286452279380, -142.3056314462859575 ) ) ;
#1483 = ORIENTED_EDGE ( 'NONE', *, *, #4101, .F. ) ;
#1484 = CARTESIAN_POINT ( 'NONE',  ( -130.0000000000000000, -8.476535196142487294, -26.43846653963907656 ) ) ;
#1485 = ORIENTED_EDGE ( 'NONE', *, *, #3066, .F. ) ;
#1486 = CARTESIAN_POINT ( 'NONE',  ( -85.46236484904876818, -2.531508166415119554, 49.99999999999999289 ) ) ;
#1487 = CARTESIAN_POINT ( 'NONE',  ( -130.0000000000000000, 24.48513641704478516, -122.9135510181347115 ) ) ;
#1488 = CARTESIAN_POINT ( 'NONE',  ( -650.0000000000000000, -4.806817352304094904, 142.9051601418954647 ) ) ;
#1489 = CARTESIAN_POINT ( 'NONE',  ( -19.17900440542878826, -33.87610981161874690, -116.6399448269881702 ) ) ;
#1490 = CARTESIAN_POINT ( 'NONE',  ( 1.295557649496328999E-15, 29.26383734920429802, 33.99227011995017733 ) ) ;
#1491 = CARTESIAN_POINT ( 'NONE',  ( 22.79976546661732684, -20.92079566923353440, -448.1312923833393143 ) ) ;
#1492 = CARTESIAN_POINT ( 'NONE',  ( -130.0000000000000000, 2.500245994732134935, -1.126675055215588883E-15 ) ) ;
#1493 = CARTESIAN_POINT ( 'NONE',  ( 3.427402354034279487E-14, 11.19015663600257504, -476.4137458466831845 ) ) ;
#1494 = VECTOR ( 'NONE', #2486, 1000.000000000000114 ) ;
#1495 = CARTESIAN_POINT ( 'NONE',  ( -649.9999999999995453, -3.765477387668767939, 152.4071652299781476 ) ) ;
#1496 = CARTESIAN_POINT ( 'NONE',  ( -1.858822778577408073E-15, -35.70230701224732428, -48.11695687383823383 ) ) ;
#1497 = CARTESIAN_POINT ( 'NONE',  ( -21.62301812173102533, -34.62162274399237560, -342.1339990572653846 ) ) ;
#1498 = CARTESIAN_POINT ( 'NONE',  ( -129.9999999999998295, -8.680313720390785193, -48.69445065678274176 ) ) ;
#1499 = CARTESIAN_POINT ( 'NONE',  ( -129.9999999999998863, 23.26829456956622266, -114.7506782415633495 ) ) ;
#1500 = CARTESIAN_POINT ( 'NONE',  ( 3.408524107222348006E-14, 33.46041665114584873, -437.2742140819664201 ) ) ;
#1501 = CARTESIAN_POINT ( 'NONE',  ( -130.0000000000000284, 19.11251655641758873, -92.59117269168935138 ) ) ;
#1502 = CARTESIAN_POINT ( 'NONE',  ( -649.9999999999994316, 14.14697658982787942, 86.78783521260029943 ) ) ;
#1503 = CARTESIAN_POINT ( 'NONE',  ( -24.70243571062660948, -11.11743946804281613, 19.32022447719912961 ) ) ;
#1504 = CARTESIAN_POINT ( 'NONE',  ( -19.54108051154764780, -35.11325773336823630, -150.0383456621712241 ) ) ;
#1505 = ADVANCED_FACE ( 'NONE', ( #3642 ), #864, .T. ) ;
#1506 = ORIENTED_EDGE ( 'NONE', *, *, #929, .F. ) ;
#1507 = CARTESIAN_POINT ( 'NONE',  ( 85.33784646705441901, 39.55527389556850437, -254.1472210246391512 ) ) ;
#1508 = CARTESIAN_POINT ( 'NONE',  ( -650.0000000000005684, -4.799005397446348908, 35.26593837205017934 ) ) ;
#1509 = ORIENTED_EDGE ( 'NONE', *, *, #2505, .F. ) ;
#1510 = CARTESIAN_POINT ( 'NONE',  ( 655.0000000000000000, -4.760486024848496811, 78.56379940855549648 ) ) ;
#1511 = CARTESIAN_POINT ( 'NONE',  ( -650.0000000000000000, -4.343741199202091785, 148.6152595762446822 ) ) ;
#1512 = CARTESIAN_POINT ( 'NONE',  ( -130.0000000000000000, -8.952307464863295650, -165.0709116814237518 ) ) ;
#1513 = CARTESIAN_POINT ( 'NONE',  ( 40.49189938951138146, -17.82969634051369212, -80.50718520805700962 ) ) ;
#1514 = CARTESIAN_POINT ( 'NONE',  ( 36.34632837992038645, 11.33748545586406742, -9.860860507138180964 ) ) ;
#1515 = CARTESIAN_POINT ( 'NONE',  ( -99.86407779077748614, -10.29612382821916050, -296.6534032300260151 ) ) ;
#1516 = CARTESIAN_POINT ( 'NONE',  ( -649.9999999999997726, -4.458943618638788742, 74.54809306092938925 ) ) ;
#1517 = CARTESIAN_POINT ( 'NONE',  ( 41.47582434390000117, 16.27633549113118150, -436.6222124143424708 ) ) ;
#1518 = CARTESIAN_POINT ( 'NONE',  ( 130.0000000000000000, 30.77453904010235419, -194.4000198813844520 ) ) ;
#1519 = CARTESIAN_POINT ( 'NONE',  ( 110.5724072872596082, -5.768768501029049922, -11.60278116827335637 ) ) ;
#1520 = CARTESIAN_POINT ( 'NONE',  ( 83.11797280257376030, -18.86948612478278520, -234.5865437540716698 ) ) ;
#1521 = CARTESIAN_POINT ( 'NONE',  ( 129.9999999999998295, -4.119082318448972657, -8.867135015866903558 ) ) ;
#1522 = CARTESIAN_POINT ( 'NONE',  ( 130.0000000000000000, 27.96611919047558104, -153.8309076102011943 ) ) ;
#1523 = CARTESIAN_POINT ( 'NONE',  ( -38.91915977709835062, 44.46061039699024064, -374.7056311183708317 ) ) ;
#1524 = FILL_AREA_STYLE ('',( #274 ) ) ;
#1525 = PLANE ( 'NONE',  #3611 ) ;
#1526 = CARTESIAN_POINT ( 'NONE',  ( -649.9999999999992042, -4.135788785330901440, 14.89629253376292972 ) ) ;
#1527 = CARTESIAN_POINT ( 'NONE',  ( 85.22259748065935980, -4.988192621365556967, 20.50649948459809835 ) ) ;
#1528 = CARTESIAN_POINT ( 'NONE',  ( -44.54110030609212600, -23.82532820144373531, -180.5811948538008664 ) ) ;
#1529 = ORIENTED_EDGE ( 'NONE', *, *, #4155, .T. ) ;
#1530 = CARTESIAN_POINT ( 'NONE',  ( -46.84811671155525659, 52.97980676458313098, -278.8321648785904472 ) ) ;
#1531 = CARTESIAN_POINT ( 'NONE',  ( -130.0000000000000000, -8.820765118846114916, -123.1584874602542499 ) ) ;
#1532 = CARTESIAN_POINT ( 'NONE',  ( 24.46592353869102254, -10.27900864281178173, 25.98139671914609394 ) ) ;
#1533 = EDGE_CURVE ( 'NONE', #537, #2661, #1336, .T. ) ;
#1534 = CARTESIAN_POINT ( 'NONE',  ( -37.52139542953373308, -30.23549804790695106, -343.1005476854747940 ) ) ;
#1535 = CARTESIAN_POINT ( 'NONE',  ( -85.44460430324214428, -2.727258710266754704, 47.74578862643906518 ) ) ;
#1536 = CARTESIAN_POINT ( 'NONE',  ( -649.9999999999987494, -5.234469697027951618, 103.8377075689716236 ) ) ;
#1537 = CARTESIAN_POINT ( 'NONE',  ( -130.0000000000000284, -8.953009815736425736, -165.4860186900446593 ) ) ;
#1538 = CARTESIAN_POINT ( 'NONE',  ( 129.9999999999998863, -8.683052096492508198, -43.13809259809600860 ) ) ;
#1539 = CARTESIAN_POINT ( 'NONE',  ( -17.19575513264041433, 25.40267196784690285, 7.435682282850256897 ) ) ;
#1540 = CARTESIAN_POINT ( 'NONE',  ( 67.70273911435198499, -17.87299613052891800, -377.8123375919105911 ) ) ;
#1541 = DIRECTION ( 'NONE',  ( -0.9558012961052655410, -1.434851780817862634E-17, 0.2940134050744872551 ) ) ;
#1542 = CARTESIAN_POINT ( 'NONE',  ( 68.38604626929949859, 13.32839867114000754, -392.6068651599910027 ) ) ;
#1543 = CARTESIAN_POINT ( 'NONE',  ( -655.0000000000000000, -5.848941126776869837, 142.9763654373284680 ) ) ;
#1544 = CARTESIAN_POINT ( 'NONE',  ( -129.9999999999998863, -4.609211646747997548, -10.20653852152568319 ) ) ;
#1545 = CARTESIAN_POINT ( 'NONE',  ( 83.17125443999360357, -18.82225412269633580, -228.1033039545760630 ) ) ;
#1546 = CARTESIAN_POINT ( 'NONE',  ( 130.0000000000000568, -8.972641692199312402, -184.5828039902957016 ) ) ;
#1547 = CARTESIAN_POINT ( 'NONE',  ( -15.61738835608500864, 42.40649202825101582, -107.5256903761454623 ) ) ;
#1548 = CARTESIAN_POINT ( 'NONE',  ( 83.20813427442085697, 31.92213436596868448, -309.6552963352513075 ) ) ;
#1549 = CARTESIAN_POINT ( 'NONE',  ( -130.0000000000000000, 15.96181678778185997, -77.29043003001518741 ) ) ;
#1550 = CARTESIAN_POINT ( 'NONE',  ( 650.0000000000000000, -2.811275179089735676, 4.409359795621303313 ) ) ;
#1551 = CARTESIAN_POINT ( 'NONE',  ( -650.0000000000003411, -5.474344237618295139, 113.4560862549776061 ) ) ;
#1552 = CARTESIAN_POINT ( 'NONE',  ( -57.17926118450122175, -5.943290446670062011, 22.20185019023410078 ) ) ;
#1553 = CARTESIAN_POINT ( 'NONE',  ( 1.027368066333537807E-14, -39.87974222534708701, -189.3159855871508626 ) ) ;
#1554 = ORIENTED_EDGE ( 'NONE', *, *, #3290, .T. ) ;
#1555 = CARTESIAN_POINT ( 'NONE',  ( 1.382357769919018469E-14, 58.46303711554890015, -313.9255924415732579 ) ) ;
#1556 = CARTESIAN_POINT ( 'NONE',  ( -130.0000000000000284, -9.134385265385876806, -79.75702542330746780 ) ) ;
#1557 = CARTESIAN_POINT ( 'NONE',  ( 129.9999999999997442, -8.978478123113513121, -213.5977795653024600 ) ) ;
#1558 = EDGE_LOOP ( 'NONE', ( #3506, #2461, #3663, #2574, #1957, #74, #2291, #1483, #1389, #880, #2357 ) ) ;
#1559 = CARTESIAN_POINT ( 'NONE',  ( 130.0000000000000000, -2.452551570421412030, 47.96675689091929939 ) ) ;
#1560 = CARTESIAN_POINT ( 'NONE',  ( -130.0000000000000000, -7.963224597458962606, -1.126675055215588883E-15 ) ) ;
#1561 = CARTESIAN_POINT ( 'NONE',  ( -130.0000000000000000, -8.977434280630260943, -196.8696042274033005 ) ) ;
#1562 = CARTESIAN_POINT ( 'NONE',  ( -60.61356985023081734, -19.04417413715227525, -108.5942974373751184 ) ) ;
#1563 = EDGE_CURVE ( 'NONE', #1628, #2175, #3541, .T. ) ;
#1564 = CARTESIAN_POINT ( 'NONE',  ( 112.9454686996900961, 3.929038512918442194, -5.757214361402455793 ) ) ;
#1565 = CARTESIAN_POINT ( 'NONE',  ( -67.51369460064201178, -20.11403513808773624, -371.0607586024500506 ) ) ;
#1566 = CARTESIAN_POINT ( 'NONE',  ( -655.0000000000000000, -5.621079369299994966, 113.7089570969025516 ) ) ;
#1567 = CARTESIAN_POINT ( 'NONE',  ( -41.47582434389996564, 16.27633549113119926, -436.6222124143426413 ) ) ;
#1568 = CARTESIAN_POINT ( 'NONE',  ( -130.0000000000000000, -8.827546663810476701, -125.5584806646064493 ) ) ;
#1569 = CARTESIAN_POINT ( 'NONE',  ( 110.3516169883631619, -7.217432754508738668, -17.33774844003068694 ) ) ;
#1570 = CARTESIAN_POINT ( 'NONE',  ( 129.9999999999999432, -8.976028706489659115, -197.0688402186843575 ) ) ;
#1571 = VECTOR ( 'NONE', #2351, 1000.000000000000000 ) ;
#1572 = CARTESIAN_POINT ( 'NONE',  ( 650.0000000000005684, -3.140655954833132313, 6.268157264219021307 ) ) ;
#1573 = CARTESIAN_POINT ( 'NONE',  ( -15.52155894465127339, 44.10110235323924854, -120.3686036186430783 ) ) ;
#1574 = CARTESIAN_POINT ( 'NONE',  ( -102.0982249916979754, 27.97820567068002973, -276.9475356082888311 ) ) ;
#1575 = CARTESIAN_POINT ( 'NONE',  ( -130.0000000000000000, 17.43658743219517859, -84.36510426878065516 ) ) ;
#1576 = CARTESIAN_POINT ( 'NONE',  ( 655.0000000000000000, -4.647574224469146031, 23.64293699311642882 ) ) ;
#1577 = CARTESIAN_POINT ( 'NONE',  ( -130.0000000000000000, -8.965906501154845998, -174.8437006569432697 ) ) ;
#1578 = CARTESIAN_POINT ( 'NONE',  ( 57.30529086030775687, -6.492999519152607313, 17.41729428920802647 ) ) ;
#1579 = VECTOR ( 'NONE', #3562, 1000.000000000000000 ) ;
#1580 = CARTESIAN_POINT ( 'NONE',  ( 83.86391572645206338, -17.12136949631505090, -143.9445215004625993 ) ) ;
#1581 = ORIENTED_EDGE ( 'NONE', *, *, #3264, .T. ) ;
#1582 = CARTESIAN_POINT ( 'NONE',  ( 18.58250782738129203, 57.59649432404903280, -295.8099912099339690 ) ) ;
#1583 = CARTESIAN_POINT ( 'NONE',  ( -130.0000000000000284, -8.886981125269814541, -106.9899388311496580 ) ) ;
#1584 = CARTESIAN_POINT ( 'NONE',  ( 21.98509422784991330, -34.67116567392220361, -375.6576962235124029 ) ) ;
#1585 = ORIENTED_EDGE ( 'NONE', *, *, #3712, .F. ) ;
#1586 = CARTESIAN_POINT ( 'NONE',  ( 35.30061616312586636, -2.963221087734637660, 47.42309232253969498 ) ) ;
#1587 = CARTESIAN_POINT ( 'NONE',  ( -650.0000000000000000, -4.760486024848496811, 78.56379940855549648 ) ) ;
#1588 = CARTESIAN_POINT ( 'NONE',  ( 390.0000000000000000, -2.499999999999998224, 79.97842818466708081 ) ) ;
#1589 = CARTESIAN_POINT ( 'NONE',  ( -130.0000000000000000, 22.81234816750668060, -112.4270066944622926 ) ) ;
#1590 = CARTESIAN_POINT ( 'NONE',  ( 2.791487788464572188E-14, -15.05053892547013739, -472.1731548594582932 ) ) ;
#1591 = PLANE ( 'NONE',  #1357 ) ;
#1592 = CARTESIAN_POINT ( 'NONE',  ( 3.826577218339709200E-14, 21.70043752088323430, -460.2862444160804785 ) ) ;
#1593 = CARTESIAN_POINT ( 'NONE',  ( -655.0000000000000000, -2.811275179089735676, 4.409359795621303313 ) ) ;
#1594 = EDGE_CURVE ( 'NONE', #3904, #1722, #3990, .T. ) ;
#1595 = CARTESIAN_POINT ( 'NONE',  ( 59.10121374055169241, -14.64817595218260493, -50.72739868352031323 ) ) ;
#1596 = CARTESIAN_POINT ( 'NONE',  ( -130.0000000000000568, -8.976028706489669773, -197.0688402186841870 ) ) ;
#1597 = CARTESIAN_POINT ( 'NONE',  ( 130.0000000000000000, -8.965906501154845998, -174.8437006569432697 ) ) ;
#1598 = CARTESIAN_POINT ( 'NONE',  ( 58.69976172331131181, 35.35957661842940780, -121.9522853153859927 ) ) ;
#1599 = CARTESIAN_POINT ( 'NONE',  ( -130.0000000000000284, 26.59756553718641570, -250.2367939123424492 ) ) ;
#1600 = PRESENTATION_STYLE_ASSIGNMENT (( #2239 ) ) ;
#1601 = CARTESIAN_POINT ( 'NONE',  ( -130.0000000000002842, 24.90757869473691244, -125.5707334394893167 ) ) ;
#1602 = CARTESIAN_POINT ( 'NONE',  ( -130.0000000000002274, -8.979508849367599410, -202.4468954342225970 ) ) ;
#1603 = CARTESIAN_POINT ( 'NONE',  ( -111.2347781839491887, -3.905040914436613608, 5.643039729550167749 ) ) ;
#1604 = B_SPLINE_CURVE_WITH_KNOTS ( 'NONE', 3,
 ( #873, #1434, #1127, #2188 ),
 .UNSPECIFIED., .F., .F.,
 ( 4, 4 ),
 ( 0.1054934623469558075, 0.3168501454718988808 ),
 .UNSPECIFIED. ) ;
#1605 = CARTESIAN_POINT ( 'NONE',  ( 106.4877867576734189, -12.03693812272524433, -120.3945398376261551 ) ) ;
#1606 = ORIENTED_EDGE ( 'NONE', *, *, #4155, .F. ) ;
#1607 = CARTESIAN_POINT ( 'NONE',  ( 19.66493006013433842, 55.89165860721132617, -332.0714297339705467 ) ) ;
#1608 = CARTESIAN_POINT ( 'NONE',  ( -129.9999999999999716, -8.963740171987852889, -97.82551712675289934 ) ) ;
#1609 = CARTESIAN_POINT ( 'NONE',  ( 50.14768619058847321, -27.54353001933434442, -319.1995537639451754 ) ) ;
#1610 = CARTESIAN_POINT ( 'NONE',  ( 130.0000000000000000, 2.500000000000000444, 0.000000000000000000 ) ) ;
#1611 = CARTESIAN_POINT ( 'NONE',  ( 82.20186495713005570, -5.812817656531658272, 11.41866475274642490 ) ) ;
#1612 = CARTESIAN_POINT ( 'NONE',  ( 99.31210204353598670, -6.973715646598127371, -310.8644249858003263 ) ) ;
#1613 = CARTESIAN_POINT ( 'NONE',  ( 650.0000000000009095, 8.331929723570592472, 3.108005690030604562 ) ) ;
#1614 = CARTESIAN_POINT ( 'NONE',  ( 23.16184157273617217, 0.000000000000000000, -477.3061618411490485 ) ) ;
#1615 = CARTESIAN_POINT ( 'NONE',  ( 27.16216229875640664, -18.58145516991600488, -50.00043952298717187 ) ) ;
#1616 = CARTESIAN_POINT ( 'NONE',  ( 129.9999999999998010, -8.882651744563025531, -106.9879989833264347 ) ) ;
#1617 = CARTESIAN_POINT ( 'NONE',  ( 58.25438188702840847, 27.94843237926297519, -85.13201931495989072 ) ) ;
#1618 = CARTESIAN_POINT ( 'NONE',  ( 84.22018758910193981, 37.68831941793379059, -282.4444033077358540 ) ) ;
#1619 = CARTESIAN_POINT ( 'NONE',  ( -130.0000000000000000, 13.94177866360437079, -67.69401750057244271 ) ) ;
#1620 = CARTESIAN_POINT ( 'NONE',  ( -55.13131808791860067, 0.4717794720924290419, -435.7162770167000758 ) ) ;
#1621 = CARTESIAN_POINT ( 'NONE',  ( -649.9999999999997726, -4.859320796605738124, 42.90932284850406120 ) ) ;
#1622 = CARTESIAN_POINT ( 'NONE',  ( 111.5659636322936592, -3.533623304822940625, 14.22805937346590532 ) ) ;
#1623 = CARTESIAN_POINT ( 'NONE',  ( -32.41273251572572889, -27.47261704057287446, -198.5056617722035242 ) ) ;
#1624 = VERTEX_POINT ( 'NONE', #3668 ) ;
#1625 = CARTESIAN_POINT ( 'NONE',  ( -46.20911228527742054, 52.92155359245246871, -268.6384340310843868 ) ) ;
#1626 = CARTESIAN_POINT ( 'NONE',  ( -130.0000000000000000, -8.894739128356720315, -105.9233739970819528 ) ) ;
#1627 = CARTESIAN_POINT ( 'NONE',  ( 37.52139542953381834, -30.23549804790695816, -343.1005476854747371 ) ) ;
#1628 = VERTEX_POINT ( 'NONE', #1009 ) ;
#1629 = CARTESIAN_POINT ( 'NONE',  ( -24.99999999999999289, 60.00000000000000711, 50.00000000000000000 ) ) ;
#1630 = CARTESIAN_POINT ( 'NONE',  ( 45.35415665899473225, -5.021803994769403978, 32.14096631859071351 ) ) ;
#1631 = CARTESIAN_POINT ( 'NONE',  ( 99.20170689408756459, -6.221906877647156442, -313.7445623411127826 ) ) ;
#1632 = CARTESIAN_POINT ( 'NONE',  ( 24.22979730690076750, -8.514086436644790368, 49.99999999999998579 ) ) ;
#1633 = DIRECTION ( 'NONE',  ( 0.000000000000000000, -0.8944271909999158554, -0.4472135954999578167 ) ) ;
#1634 = CARTESIAN_POINT ( 'NONE',  ( 27.30406960191772114, -18.97233440959294981, -54.00751260500791062 ) ) ;
#1635 = CARTESIAN_POINT ( 'NONE',  ( 129.9999999999998295, -8.979341841439191896, -208.9525482630499482 ) ) ;
#1636 = CARTESIAN_POINT ( 'NONE',  ( -38.74460284298344703, 25.03262908664632036, -61.44453222987571195 ) ) ;
#1637 = CARTESIAN_POINT ( 'NONE',  ( 20.72191678350163002, 51.02912555278101081, -367.5814164399194510 ) ) ;
#1638 = CARTESIAN_POINT ( 'NONE',  ( -130.0000000000000000, 11.23655561390514102, -54.69982364681085585 ) ) ;
#1639 = CARTESIAN_POINT ( 'NONE',  ( -650.0000000000000000, -5.110714304668285024, 96.51534195656863346 ) ) ;
#1640 = CARTESIAN_POINT ( 'NONE',  ( -130.0000000000000000, -2.592559452093872174, -1.475465231264089905 ) ) ;
#1641 = CARTESIAN_POINT ( 'NONE',  ( -18.00225706054254360, -27.04039437277673841, -8.208062713345940509 ) ) ;
#1642 = ADVANCED_BREP_SHAPE_REPRESENTATION ( 'UAVf\X2\0131\X0\xedw\X2\0131\X0\ng', ( #3612, #2113, #2098, #1778 ), #463 ) ;
#1643 = CARTESIAN_POINT ( 'NONE',  ( -62.50401498732988159, -22.14993753936944643, -180.7931099670855701 ) ) ;
#1644 = ORIENTED_EDGE ( 'NONE', *, *, #341, .F. ) ;
#1645 = CARTESIAN_POINT ( 'NONE',  ( -129.9999999999999432, 29.61328491542146324, -207.1018345570916779 ) ) ;
#1646 = DIRECTION ( 'NONE',  ( -1.000000000000000000, 0.000000000000000000, 0.000000000000000000 ) ) ;
#1647 = CLOSED_SHELL ( 'NONE', ( #2072, #2621, #2799, #1207, #316 ) ) ;
#1648 = EDGE_CURVE ( 'NONE', #2439, #2005, #1755, .T. ) ;
#1649 = CARTESIAN_POINT ( 'NONE',  ( 82.53187479095467438, -18.93073198621162234, -305.7611980626076615 ) ) ;
#1650 = AXIS2_PLACEMENT_3D ( 'NONE', #1568, #3218, #2839 ) ;
#1651 = ORIENTED_EDGE ( 'NONE', *, *, #2823, .F. ) ;
#1652 = CARTESIAN_POINT ( 'NONE',  ( 130.0000000000000000, -4.245932381134063682, -297.2971102132430588 ) ) ;
#1653 = CARTESIAN_POINT ( 'NONE',  ( 110.4534267940024961, -4.152564471839353288, 2.893977603202145588 ) ) ;
#1654 = CARTESIAN_POINT ( 'NONE',  ( 99.53289234243248984, -8.501130305844634805, -305.2024800834337270 ) ) ;
#1655 = CARTESIAN_POINT ( 'NONE',  ( 130.0000000000000568, 20.91234560189316127, -276.8142010626806382 ) ) ;
#1656 = CARTESIAN_POINT ( 'NONE',  ( -18.54537121972083469, -30.64761735866193604, -58.21297160428657946 ) ) ;
#1657 = CARTESIAN_POINT ( 'NONE',  ( 15.88796551778019328, 39.00111823953567125, -83.68534053842056153 ) ) ;
#1658 = CARTESIAN_POINT ( 'NONE',  ( -84.49520207678722272, 38.49112484407189072, -275.4283030045633609 ) ) ;
#1659 = CARTESIAN_POINT ( 'NONE',  ( -130.0000000000000284, 6.598839896955288609, -30.28207783768960581 ) ) ;
#1660 = CARTESIAN_POINT ( 'NONE',  ( -55.12202589855312596, 2.832319540852148432, -433.3962956916691951 ) ) ;
#1661 = CARTESIAN_POINT ( 'NONE',  ( -130.0000000000000568, 25.43034658632771539, -129.5250636472963492 ) ) ;
#1662 = CARTESIAN_POINT ( 'NONE',  ( -85.03611174968953890, -6.799387909141772823, -1.796878221648849472 ) ) ;
#1663 = CARTESIAN_POINT ( 'NONE',  ( 1.736835653961779877E-14, -39.68213351744693540, -215.0102640863371164 ) ) ;
#1664 = ORIENTED_EDGE ( 'NONE', *, *, #2374, .F. ) ;
#1665 = CARTESIAN_POINT ( 'NONE',  ( 44.21201045168395183, 51.62927867544410532, -235.5381446594727208 ) ) ;
#1666 = FACE_OUTER_BOUND ( 'NONE', #443, .T. ) ;
#1667 = CARTESIAN_POINT ( 'NONE',  ( -38.65665385482438410, -30.48322099496803261, -375.1808823335232432 ) ) ;
#1668 = CARTESIAN_POINT ( 'NONE',  ( -130.0000000000000000, -8.887017473736699813, -147.6534387648225390 ) ) ;
#1669 = EDGE_CURVE ( 'NONE', #3556, #2946, #120, .T. ) ;
#1670 = DIRECTION ( 'NONE',  ( 0.9558012961052655410, -1.434851780817862634E-17, 0.2940134050744872551 ) ) ;
#1671 = CARTESIAN_POINT ( 'NONE',  ( 22.89028449314702840, -16.85099865912325967, -455.6626773330211222 ) ) ;
#1672 = CARTESIAN_POINT ( 'NONE',  ( 130.0000000000001421, 7.158957483477921713, -299.9327764534615426 ) ) ;
#1673 = CARTESIAN_POINT ( 'NONE',  ( -59.10121374055174215, -14.64817595218258717, -50.72739868352029191 ) ) ;
#1674 = CARTESIAN_POINT ( 'NONE',  ( -130.0000000000003695, 15.69234925796481761, -76.74483299742665565 ) ) ;
#1675 = CARTESIAN_POINT ( 'NONE',  ( -65.46768657213560516, 43.84880489071588983, -320.0915479621694999 ) ) ;
#1676 = CARTESIAN_POINT ( 'NONE',  ( -130.0000000000000000, 8.123188477434165833, -38.80680526000141839 ) ) ;
#1677 = CARTESIAN_POINT ( 'NONE',  ( 55.12961407611527420, 1.416118952076748094, -434.8068635496966863 ) ) ;
#1678 = CARTESIAN_POINT ( 'NONE',  ( -130.0000000000000000, 0.000000000000000000, -300.0000000000000000 ) ) ;
#1679 = CARTESIAN_POINT ( 'NONE',  ( 25.45927466082041590, -13.59912291856479882, -1.989063030190355574 ) ) ;
#1680 = CARTESIAN_POINT ( 'NONE',  ( 106.0462061598802990, -12.18845263009599655, -132.1224529721136491 ) ) ;
#1681 = DIRECTION ( 'NONE',  ( 0.000000000000000000, 0.000000000000000000, -1.000000000000000000 ) ) ;
#1682 = CARTESIAN_POINT ( 'NONE',  ( 129.9999999999999432, 29.61328491542148456, -207.1018345570917916 ) ) ;
#1683 = CARTESIAN_POINT ( 'NONE',  ( 28.29456709229020461, 5.961473111178948514, 46.72439567713938402 ) ) ;
#1684 = B_SPLINE_CURVE_WITH_KNOTS ( 'NONE', 3,
 ( #3047, #3401, #2663, #1683, #11, #2702, #1704, #52, #2042, #1331, #3027, #3968, #2988, #399, #2313, #3707, #1006, #1982, #2683, #1046, #30, #2721, #3322, #667, #1351, #2394, #4006, #4029, #319, #359 ),
 .UNSPECIFIED., .F., .F.,
 ( 4, 2, 2, 2, 2, 2, 2, 2, 2, 2, 2, 2, 2, 2, 4 ),
 ( 0.000000000000000000, 0.003755307080614038711, 0.007510614161228077422, 0.01126592124184211570, 0.01502122832245615484, 0.02253184248368423140, 0.03004245664491230969, 0.03379776372552635577, 0.03755307080614041226, 0.04506368496736851831, 0.06008491328982475121, 0.07510614161228097718, 0.08261675577350909017, 0.09012736993473721703, 0.1201698265796497661 ),
 .UNSPECIFIED. ) ;
#1685 = CARTESIAN_POINT ( 'NONE',  ( -38.94046846114717653, -30.07661179003713414, -383.1002170636772917 ) ) ;
#1686 = ORIENTED_EDGE ( 'NONE', *, *, #614, .F. ) ;
#1687 = CARTESIAN_POINT ( 'NONE',  ( 35.19679049859815478, 2.571938710113016224, 50.00000000000000000 ) ) ;
#1688 = CARTESIAN_POINT ( 'NONE',  ( -649.9999999999994316, -5.558986241470016409, 124.5067238234551468 ) ) ;
#1689 = CARTESIAN_POINT ( 'NONE',  ( 68.36439491233669230, -5.574828729083653123, -400.5648563642436670 ) ) ;
#1690 = CARTESIAN_POINT ( 'NONE',  ( 130.0000000000001137, 14.12170791003160630, -292.6093991648177166 ) ) ;
#1691 = CARTESIAN_POINT ( 'NONE',  ( 68.55343942604655183, 0.000000000000000000, -406.4608131203299877 ) ) ;
#1692 = CARTESIAN_POINT ( 'NONE',  ( -40.02468389913669711, -16.82825298670591252, -68.95071147184091842 ) ) ;
#1693 = EDGE_CURVE ( 'NONE', #2742, #2481, #3488, .T. ) ;
#1694 = CARTESIAN_POINT ( 'NONE',  ( 58.05567396007142378, 25.08340137694965577, -73.40283949742108405 ) ) ;
#1695 = CARTESIAN_POINT ( 'NONE',  ( -67.41917234378726675, -21.05248919651008066, -367.6481238632346731 ) ) ;
#1696 = CARTESIAN_POINT ( 'NONE',  ( -130.0000000000000000, 4.889464646419839688, -19.60036297626771074 ) ) ;
#1697 = CARTESIAN_POINT ( 'NONE',  ( -650.0000000000000000, -4.757921598182933920, 84.62285585051195369 ) ) ;
#1698 = LINE ( 'NONE', #1386, #2137 ) ;
#1699 = CARTESIAN_POINT ( 'NONE',  ( 37.84434494405485339, -10.88743000266200944, -15.20467238597299264 ) ) ;
#1700 = CARTESIAN_POINT ( 'NONE',  ( 1.799852502240179384E-14, -39.65237455747812589, -223.5769664573373063 ) ) ;
#1701 = PLANE ( 'NONE',  #3465 ) ;
#1702 = CARTESIAN_POINT ( 'NONE',  ( 32.80080088453600240, 54.85754365198819471, -254.5817577290333418 ) ) ;
#1703 = CARTESIAN_POINT ( 'NONE',  ( 22.55751271084661980, 28.66330675912304926, -434.8926836827204170 ) ) ;
#1704 = CARTESIAN_POINT ( 'NONE',  ( 31.86524774943833194, 4.851804686938434585, 43.35710505769340983 ) ) ;
#1705 = CARTESIAN_POINT ( 'NONE',  ( -82.48747342643845570, -18.42194169817255300, -311.0543385301430135 ) ) ;
#1706 = VERTEX_POINT ( 'NONE', #3793 ) ;
#1707 = CARTESIAN_POINT ( 'NONE',  ( 56.45459054861321135, 2.784827751966020948, 44.84357899504082923 ) ) ;
#1708 = CARTESIAN_POINT ( 'NONE',  ( -649.9999999999996589, -3.391231781106678334, 154.9273879537303173 ) ) ;
#1709 = VECTOR ( 'NONE', #3543, 1000.000000000000000 ) ;
#1710 = CARTESIAN_POINT ( 'NONE',  ( -130.0000000000000000, -8.267712961802772043, -24.75383972096844687 ) ) ;
#1711 = CARTESIAN_POINT ( 'NONE',  ( -130.0000000000000000, 1.540743955509788682E-30, -299.9999999999999432 ) ) ;
#1712 = CARTESIAN_POINT ( 'NONE',  ( -130.0000000000000284, -8.866511114718448994, -138.5588165025553451 ) ) ;
#1713 = CARTESIAN_POINT ( 'NONE',  ( 39.86894540234519013, -16.48850896235034114, -65.09808671742479191 ) ) ;
#1714 = CARTESIAN_POINT ( 'NONE',  ( -36.34632837992047172, 11.33748545586377077, -9.860860507138225373 ) ) ;
#1715 = CARTESIAN_POINT ( 'NONE',  ( 100.4160535380184172, -12.01251012070333601, -282.1552093064673272 ) ) ;
#1716 = CARTESIAN_POINT ( 'NONE',  ( -130.0000000000000284, 29.65006491447538295, -194.2359440528627488 ) ) ;
#1717 = CARTESIAN_POINT ( 'NONE',  ( -98.80065375310955744, 5.564413947269904348, -322.9763653547711897 ) ) ;
#1718 = ADVANCED_FACE ( 'NONE', ( #4137 ), #753, .F. ) ;
#1719 = CARTESIAN_POINT ( 'NONE',  ( -129.9999999999999432, 26.55634299230998607, -138.6564886254729174 ) ) ;
#1720 = CARTESIAN_POINT ( 'NONE',  ( 37.68860644726314746, -10.47011830734891724, -11.37414087250687444 ) ) ;
#1721 = CARTESIAN_POINT ( 'NONE',  ( 2.051919895353778991E-14, -39.62433445403070920, -257.8410832549078577 ) ) ;
#1722 = VERTEX_POINT ( 'NONE', #487 ) ;
#1723 = CARTESIAN_POINT ( 'NONE',  ( 41.28111014982320626, 45.02872661764929063, -166.6098233513071420 ) ) ;
#1724 = CARTESIAN_POINT ( 'NONE',  ( 82.37429034775934156, 20.32788910938040772, -338.0832347298490390 ) ) ;
#1725 = DIRECTION ( 'NONE',  ( 0.000000000000000000, 0.8944271909999158554, 0.4472135954999578167 ) ) ;
#1726 = CARTESIAN_POINT ( 'NONE',  ( -130.0000000000000000, 0.8878734937912062808, -300.3998525890897326 ) ) ;
#1727 = CARTESIAN_POINT ( 'NONE',  ( 66.47394977523761384, -25.49015573891072250, -332.5530239530741596 ) ) ;
#1728 = ORIENTED_EDGE ( 'NONE', *, *, #3925, .T. ) ;
#1729 = CARTESIAN_POINT ( 'NONE',  ( -130.0000000000000000, 24.47905993371160704, -122.8721826263044221 ) ) ;
#1730 = CARTESIAN_POINT ( 'NONE',  ( 130.0000000000000000, -8.998921266490626181, -236.1449826997781258 ) ) ;
#1731 = CARTESIAN_POINT ( 'NONE',  ( 650.0000000000000000, 4.281287769626501285E-16, -2.043143630665324562 ) ) ;
#1732 = CARTESIAN_POINT ( 'NONE',  ( -82.10562169159574353, -4.896030823632485429, -354.8991616097750921 ) ) ;
#1733 = CARTESIAN_POINT ( 'NONE',  ( 129.9999999999996589, 29.66424890095781564, -203.9372981599618697 ) ) ;
#1734 = CARTESIAN_POINT ( 'NONE',  ( 18.83201480373160308, -32.20977950599453266, -84.63988357704154453 ) ) ;
#1735 = CARTESIAN_POINT ( 'NONE',  ( 16.76170426908769073, 30.32475897147718413, -27.79057241716790116 ) ) ;
#1736 = CARTESIAN_POINT ( 'NONE',  ( 22.61872741355790950, -27.12106275147322876, -432.6732670769552556 ) ) ;
#1737 = CARTESIAN_POINT ( 'NONE',  ( -130.0000000000000000, 29.64938301965580436, -194.1339119194919078 ) ) ;
#1738 = CARTESIAN_POINT ( 'NONE',  ( 98.80065375310951481, 5.564413947269915894, -322.9763653547712465 ) ) ;
#1739 = CARTESIAN_POINT ( 'NONE',  ( -649.9999999999994316, 10.51341947313170166, 7.956454688183262292 ) ) ;
#1740 = CARTESIAN_POINT ( 'NONE',  ( 26.16881117662699197, -15.68922092877264518, -21.98219654019773373 ) ) ;
#1741 = CARTESIAN_POINT ( 'NONE',  ( -63.26019304216945471, -23.31464226830313180, -209.6885479836295190 ) ) ;
#1742 = CARTESIAN_POINT ( 'NONE',  ( -129.9999999999999716, -8.476220669372036554, -26.78358977180509726 ) ) ;
#1743 = CARTESIAN_POINT ( 'NONE',  ( 112.5981906825111167, 29.23533801204656157, -174.3202746207000757 ) ) ;
#1744 = CARTESIAN_POINT ( 'NONE',  ( 129.9999999999998863, 18.48201415218887433, -284.0381284234666168 ) ) ;
#1745 = CARTESIAN_POINT ( 'NONE',  ( -649.9999999999998863, -4.717236727391197704, 72.72280693406710839 ) ) ;
#1746 = CARTESIAN_POINT ( 'NONE',  ( -650.0000000000002274, 16.02560884678971576, 55.07007812713926853 ) ) ;
#1747 = CARTESIAN_POINT ( 'NONE',  ( -107.5917382521560768, -11.60229191673480820, -91.05593085244048268 ) ) ;
#1748 = ORIENTED_EDGE ( 'NONE', *, *, #3201, .F. ) ;
#1749 = CARTESIAN_POINT ( 'NONE',  ( -129.9999999999999716, -8.871398123918574186, -32.23812682643496430 ) ) ;
#1750 = CARTESIAN_POINT ( 'NONE',  ( -650.0000000000000000, -4.407546854511260825, 20.12150969433001890 ) ) ;
#1751 = CARTESIAN_POINT ( 'NONE',  ( 130.0000000000001990, -2.079025656069289241, 19.05298977235493751 ) ) ;
#1752 = CARTESIAN_POINT ( 'NONE',  ( -101.9057185332119673, -4.788446232912876077, 4.958745624233569238 ) ) ;
#1753 = CARTESIAN_POINT ( 'NONE',  ( -41.49479991805112178, -6.129216990765920414, -450.2336900137941598 ) ) ;
#1754 = CARTESIAN_POINT ( 'NONE',  ( 129.9999999999998863, 23.42133304454373643, -115.8740697258308074 ) ) ;
#1755 = B_SPLINE_CURVE_WITH_KNOTS ( 'NONE', 3,
 ( #671, #2851, #184, #834, #1508, #3118, #1770, #774, #1178, #3139 ),
 .UNSPECIFIED., .F., .F.,
 ( 4, 1, 1, 1, 1, 1, 1, 4 ),
 ( 0.7209972727567734996, 0.7343750000000000000, 0.7500000000000000000, 0.7656250000000000000, 0.7812500000000000000, 0.7968750000000000000, 0.8125000000000000000, 0.8255389269359754145 ),
 .UNSPECIFIED. ) ;
#1756 = CARTESIAN_POINT ( 'NONE',  ( 6.970576573681816962E-15, -36.94587930795182729, -73.77571750212271695 ) ) ;
#1757 = CARTESIAN_POINT ( 'NONE',  ( -16.40657174436275056, 33.78110664538684915, -50.05515144332542121 ) ) ;
#1758 = CARTESIAN_POINT ( 'NONE',  ( 22.48294887376330209, -30.30824755426802142, -420.7807390764926367 ) ) ;
#1759 = LINE ( 'NONE', #83, #1079 ) ;
#1760 = CARTESIAN_POINT ( 'NONE',  ( 41.72425549072939077, 7.033804055165610691, -449.0523201392397823 ) ) ;
#1761 = CARTESIAN_POINT ( 'NONE',  ( 130.0000000000000000, 0.000000000000000000, 0.000000000000000000 ) ) ;
#1762 = CARTESIAN_POINT ( 'NONE',  ( -58.34503568571207666, -10.81250865411846895, -21.98383471148211754 ) ) ;
#1763 = CARTESIAN_POINT ( 'NONE',  ( -104.5006740676044501, -12.75046963951347401, -173.2668653520737507 ) ) ;
#1764 = CARTESIAN_POINT ( 'NONE',  ( -129.9999999999999432, -8.268814937514772367, -24.76157651710975927 ) ) ;
#1765 = CARTESIAN_POINT ( 'NONE',  ( 130.0000000000000568, 28.52692049201314717, -161.2797449782886758 ) ) ;
#1766 = CARTESIAN_POINT ( 'NONE',  ( -53.84521517929684364, 29.43630645837808402, -394.1452154000618293 ) ) ;
#1767 = CARTESIAN_POINT ( 'NONE',  ( -649.9999999999997726, 15.17323348003776218, 76.25120314933374743 ) ) ;
#1768 = CARTESIAN_POINT ( 'NONE',  ( 130.0000000000001705, -8.725480861709451474, -87.25724410483964277 ) ) ;
#1769 = VERTEX_POINT ( 'NONE', #1093 ) ;
#1770 = CARTESIAN_POINT ( 'NONE',  ( -650.0000000000006821, -4.714429045158213150, 30.17288296115925661 ) ) ;
#1771 = CARTESIAN_POINT ( 'NONE',  ( -650.0000000000000000, -2.500000000000002220, 159.9568563693341616 ) ) ;
#1772 = EDGE_CURVE ( 'NONE', #833, #1769, #752, .T. ) ;
#1773 = CARTESIAN_POINT ( 'NONE',  ( -81.96701815867425012, -5.838189932343739841, 11.45308532945250057 ) ) ;
#1774 = CARTESIAN_POINT ( 'NONE',  ( -649.9999999999998863, -4.717236727391197704, 72.72280693406710839 ) ) ;
#1775 = CARTESIAN_POINT ( 'NONE',  ( -130.0000000000000284, -8.898153740013595936, -145.6077657908512037 ) ) ;
#1776 = AXIS2_PLACEMENT_3D ( 'NONE', #109, #171, #2754 ) ;
#1777 = CARTESIAN_POINT ( 'NONE',  ( -28.72314263353102959, -22.32080125194739395, -94.14115504532388456 ) ) ;
#1778 = AXIS2_PLACEMENT_3D ( 'NONE', #3956, #1339, #367 ) ;
#1779 = CARTESIAN_POINT ( 'NONE',  ( 26.52241604938636854, 25.45434690695622848, -50.07859048467312846 ) ) ;
#1780 = CARTESIAN_POINT ( 'NONE',  ( -100.4160535380183887, -12.01251012070332536, -282.1552093064674978 ) ) ;
#1781 = CARTESIAN_POINT ( 'NONE',  ( -129.9999999999999716, 26.18016251001723305, -135.6765751027861597 ) ) ;
#1782 = CARTESIAN_POINT ( 'NONE',  ( 55.09207256607133729, 5.639625022864477089, -430.4192888992242274 ) ) ;
#1783 = LINE ( 'NONE', #3129, #610 ) ;
#1784 = CARTESIAN_POINT ( 'NONE',  ( -84.95618929356002980, -7.702045701965844593, -11.38075893808052363 ) ) ;
#1785 = CARTESIAN_POINT ( 'NONE',  ( 48.17499856456199581, -26.66886573533916405, -270.3746475634189324 ) ) ;
#1786 = CARTESIAN_POINT ( 'NONE',  ( 130.0000000000002274, -9.057702365172687564, -39.74436102413292815 ) ) ;
#1787 = CARTESIAN_POINT ( 'NONE',  ( 43.32592431391206134, 50.52517096545119557, -219.6475662096052304 ) ) ;
#1788 = CARTESIAN_POINT ( 'NONE',  ( -130.0000000000000000, 18.48201415218882104, -284.0381284234676400 ) ) ;
#1789 = CARTESIAN_POINT ( 'NONE',  ( -55.49946479202042582, 4.611009857410788726, 25.12645321408342980 ) ) ;
#1790 = CARTESIAN_POINT ( 'NONE',  ( -129.9999999999999432, 28.74203995433653347, -164.6314042329609606 ) ) ;
#1791 = CARTESIAN_POINT ( 'NONE',  ( 107.3709479532597300, -11.70573298569235732, -96.92993982949209908 ) ) ;
#1792 = ORIENTED_EDGE ( 'NONE', *, *, #953, .F. ) ;
#1793 = CARTESIAN_POINT ( 'NONE',  ( -655.0000000000000000, 97.50000000000000000, 209.9568563693341332 ) ) ;
#1794 = CARTESIAN_POINT ( 'NONE',  ( -64.14082249370189004, -5.939427400416022351, 19.92169784640540797 ) ) ;
#1795 = CARTESIAN_POINT ( 'NONE',  ( -130.0000000000000000, 24.47905993371160704, -122.8721826263044221 ) ) ;
#1796 = CARTESIAN_POINT ( 'NONE',  ( 649.9999999999995453, 15.52870060534777963, 70.96613810038741121 ) ) ;
#1797 = CARTESIAN_POINT ( 'NONE',  ( 60.42452533652117097, -18.57188049460284773, -101.3696017869536519 ) ) ;
#1798 = CARTESIAN_POINT ( 'NONE',  ( -112.9315693915638406, 3.271860494761581251, 2.662225066842789367 ) ) ;
#1799 = CARTESIAN_POINT ( 'NONE',  ( 82.31874824127535817, -14.88706351949577567, -330.8848273568860918 ) ) ;
#1800 = CARTESIAN_POINT ( 'NONE',  ( -129.9999999999999716, 26.29994096373999213, -136.6974319279931649 ) ) ;
#1801 = CARTESIAN_POINT ( 'NONE',  ( 129.9999999999997158, 5.557658819892932200, -300.5229267745251605 ) ) ;
#1802 = DIRECTION ( 'NONE',  ( 0.000000000000000000, 0.000000000000000000, 1.000000000000000000 ) ) ;
#1803 = CARTESIAN_POINT ( 'NONE',  ( 129.9999999999998295, -4.609211646747989555, -10.20653852152569563 ) ) ;
#1804 = CARTESIAN_POINT ( 'NONE',  ( -34.96706397262975941, -29.45981022548051342, -270.7566876272319973 ) ) ;
#1805 = CARTESIAN_POINT ( 'NONE',  ( 130.0000000000000568, -9.228975591774450038, -57.32181122117841454 ) ) ;
#1806 = CARTESIAN_POINT ( 'NONE',  ( 113.0627442173485520, 28.23956809636655763, -162.4132835725646942 ) ) ;
#1807 = CARTESIAN_POINT ( 'NONE',  ( -53.34892174155446298, 33.89889772054760897, -384.4535776702523435 ) ) ;
#1808 = CARTESIAN_POINT ( 'NONE',  ( -130.0000000000000000, 2.500245994732134935, -1.126675055215588883E-15 ) ) ;
#1809 = CARTESIAN_POINT ( 'NONE',  ( -130.0000000000000284, 22.15810613845037125, -272.1002921883356294 ) ) ;
#1810 = B_SPLINE_CURVE_WITH_KNOTS ( 'NONE', 3,
 ( #1488, #540, #188, #2157, #1159, #2531, #1868, #3861, #4208, #1467, #490, #3163, #862, #1205, #2227, #589, #2202 ),
 .UNSPECIFIED., .F., .F.,
 ( 4, 1, 1, 1, 1, 1, 1, 1, 1, 1, 1, 1, 1, 1, 4 ),
 ( 0.1056115943010263458, 0.1093750000000000139, 0.1250000000000000278, 0.1406250000000000278, 0.1562500000000000278, 0.1718750000000000278, 0.1875000000000000555, 0.2031250000000000555, 0.2187500000000000555, 0.2343750000000000278, 0.2500000000000000000, 0.2656250000000000555, 0.2812500000000000555, 0.3125000000000000555, 0.3171890189588993381 ),
 .UNSPECIFIED. ) ;
#1811 = CARTESIAN_POINT ( 'NONE',  ( 130.0000000000003126, -8.703929035113050716, -76.28528940304157402 ) ) ;
#1812 = ORIENTED_EDGE ( 'NONE', *, *, #2745, .T. ) ;
#1813 = CARTESIAN_POINT ( 'NONE',  ( -130.0000000000000000, -8.756123301825494920, -29.73254136747747722 ) ) ;
#1814 = CARTESIAN_POINT ( 'NONE',  ( -650.0000000000003411, 13.46684377102566188, 92.03609250868841229 ) ) ;
#1815 = CARTESIAN_POINT ( 'NONE',  ( -650.0000000000001137, -5.357401994471258533, 108.4346719681422968 ) ) ;
#1816 = CARTESIAN_POINT ( 'NONE',  ( -130.0000000000000000, -8.972033088964304071, -184.6957392262799544 ) ) ;
#1817 = CARTESIAN_POINT ( 'NONE',  ( -108.6956897466390188, -10.97118557028479913, -61.58633644409128038 ) ) ;
#1818 = CARTESIAN_POINT ( 'NONE',  ( -56.66471847137242435, 6.562980653062589376, 9.156348144794895560 ) ) ;
#1819 = CARTESIAN_POINT ( 'NONE',  ( -99.64328749188076984, -9.191364299293422135, -302.3747423694540544 ) ) ;
#1820 = CARTESIAN_POINT ( 'NONE',  ( -655.0000000000000000, -0.5836569176662512737, -1.677570890800155201 ) ) ;
#1821 = CARTESIAN_POINT ( 'NONE',  ( -82.30938692866567408, 18.61574522758516181, -341.0593212823662839 ) ) ;
#1822 = CARTESIAN_POINT ( 'NONE',  ( -650.0000000000010232, 11.28702252924378158, 10.45691933972043053 ) ) ;
#1823 = ADVANCED_FACE ( 'NONE', ( #4203 ), #1201, .F. ) ;
#1824 = CARTESIAN_POINT ( 'NONE',  ( -130.0000000000000000, -6.256553694531447718, -15.53383174865222216 ) ) ;
#1825 = CARTESIAN_POINT ( 'NONE',  ( -36.95376621688842533, -29.76312341001759165, -326.9713242293816506 ) ) ;
#1826 = CARTESIAN_POINT ( 'NONE',  ( 129.9999999999999432, -9.212277066257792413, -52.91709214158326091 ) ) ;
#1827 = CARTESIAN_POINT ( 'NONE',  ( 87.95611139981376425, 28.45468707776867134, -123.6883296391377485 ) ) ;
#1828 = CARTESIAN_POINT ( 'NONE',  ( -129.9999999999999147, 21.79362625734989223, -273.5009375823358937 ) ) ;
#1829 = FACE_OUTER_BOUND ( 'NONE', #253, .T. ) ;
#1830 = CARTESIAN_POINT ( 'NONE',  ( -650.0000000000002274, -3.860943350602425994, 11.45284994943976464 ) ) ;
#1831 = CARTESIAN_POINT ( 'NONE',  ( -85.16931584323940285, -5.504644381044220047, 14.11862860336611014 ) ) ;
#1832 = CARTESIAN_POINT ( 'NONE',  ( 1.406173215332261373E-14, -39.65339016108130465, -146.5075094792735513 ) ) ;
#1833 = VERTEX_POINT ( 'NONE', #339 ) ;
#1834 = CARTESIAN_POINT ( 'NONE',  ( -85.33784646705439059, 39.55527389556833384, -254.1472210246390944 ) ) ;
#1835 = CARTESIAN_POINT ( 'NONE',  ( -129.9999999999999716, -9.151857139180137324, -45.35432643620099213 ) ) ;
#1836 = ORIENTED_EDGE ( 'NONE', *, *, #1000, .F. ) ;
#1837 = CARTESIAN_POINT ( 'NONE',  ( -650.0000000000004547, 3.214102264460922509, 149.3618422795891831 ) ) ;
#1838 = CARTESIAN_POINT ( 'NONE',  ( -655.0000000000000000, 97.50000000000000000, 209.9568563693341332 ) ) ;
#1839 = DIRECTION ( 'NONE',  ( 0.000000000000000000, 0.4472135954999578722, -0.8944271909999159664 ) ) ;
#1840 = B_SPLINE_CURVE_WITH_KNOTS ( 'NONE', 3,
 ( #242, #2185, #520, #268, #844, #3516, #3269, #594, #1899 ),
 .UNSPECIFIED., .F., .F.,
 ( 4, 1, 1, 1, 1, 1, 4 ),
 ( 0.3845974309588667817, 0.3963383804892444129, 0.4247020925899207544, 0.5000000000000000000, 0.5752979074100792456, 0.6036616195107556981, 0.6154025690411333294 ),
 .UNSPECIFIED. ) ;
#1841 = CARTESIAN_POINT ( 'NONE',  ( 29.29077184617635510, -23.51425321430863846, -110.1966226065922712 ) ) ;
#1842 = B_SPLINE_CURVE_WITH_KNOTS ( 'NONE', 3,
 ( #1815, #3490, #1536, #2879, #817, #469, #3162, #1466, #1204, #3121, #1774 ),
 .UNSPECIFIED., .F., .F.,
 ( 4, 1, 1, 1, 1, 1, 1, 1, 4 ),
 ( 0.3171890189588993381, 0.3437500000000000555, 0.3750000000000000555, 0.4062500000000000555, 0.4375000000000000000, 0.4687500000000000000, 0.5000000000000000000, 0.5312500000000000000, 0.5358730525190420479 ),
 .UNSPECIFIED. ) ;
#1843 = CARTESIAN_POINT ( 'NONE',  ( 85.69575720171434341, 4.667699657968563898, 11.03771016291174512 ) ) ;
#1844 = CARTESIAN_POINT ( 'NONE',  ( 22.66398692682273719, -25.79491710776530056, -436.5834963819364134 ) ) ;
#1845 = CARTESIAN_POINT ( 'NONE',  ( -655.0000000000000000, -4.458943618638788742, 74.54809306092938925 ) ) ;
#1846 = CARTESIAN_POINT ( 'NONE',  ( 98.91893673765493133, 10.36783815029734868, -319.3183533476764069 ) ) ;
#1847 = FACE_OUTER_BOUND ( 'NONE', #259, .T. ) ;
#1848 = CARTESIAN_POINT ( 'NONE',  ( 18.45485219319109405, -30.10579070506370059, -49.87261220735056355 ) ) ;
#1849 = CARTESIAN_POINT ( 'NONE',  ( 103.1759322742254739, -12.92059656737800211, -208.6370463729120672 ) ) ;
#1850 = AXIS2_PLACEMENT_3D ( 'NONE', #1137, #2580, #886 ) ;
#1851 = CARTESIAN_POINT ( 'NONE',  ( 129.9999999999999432, -9.201442654543686928, -70.61034222830321028 ) ) ;
#1852 = CARTESIAN_POINT ( 'NONE',  ( -130.0000000000000853, 25.10352321246282514, -126.8746438913306349 ) ) ;
#1853 = ADVANCED_FACE ( 'NONE', ( #2354 ), #1025, .T. ) ;
#1854 = CARTESIAN_POINT ( 'NONE',  ( 21.95977824027929159, 39.08724194708557320, -411.0525249537182049 ) ) ;
#1855 = CARTESIAN_POINT ( 'NONE',  ( -130.0000000000000284, 14.95692152530878793, -72.51310319097299839 ) ) ;
#1856 = CARTESIAN_POINT ( 'NONE',  ( -650.0000000000001137, 12.66509988933579578, 97.26460764545541338 ) ) ;
#1857 = CARTESIAN_POINT ( 'NONE',  ( -649.9999999999995453, -4.587343607252514666, 25.08345469952786999 ) ) ;
#1858 = CARTESIAN_POINT ( 'NONE',  ( 17.71561347653179652, -24.64609715577510940, 18.14044501352653782 ) ) ;
#1859 = CARTESIAN_POINT ( 'NONE',  ( -61.55879241878037789, -20.87161161053381520, -144.6958635588127038 ) ) ;
#1860 = VERTEX_POINT ( 'NONE', #648 ) ;
#1861 = CARTESIAN_POINT ( 'NONE',  ( 105.2920305437047830, 31.63648050058854366, -248.7887071084183503 ) ) ;
#1862 = CARTESIAN_POINT ( 'NONE',  ( -129.9999999999999432, -9.129205820769630719, -80.36209711664247379 ) ) ;
#1863 = CARTESIAN_POINT ( 'NONE',  ( 8.397256401549866499E-15, -30.58654941641602676, 24.46878177939537480 ) ) ;
#1864 = CARTESIAN_POINT ( 'NONE',  ( -50.14768619058851584, -27.54353001933433376, -319.1995537639452323 ) ) ;
#1865 = ORIENTED_EDGE ( 'NONE', *, *, #294, .F. ) ;
#1866 = CARTESIAN_POINT ( 'NONE',  ( -112.8171086593742984, -2.534224771116011965, 47.87936310083866687 ) ) ;
#1867 = CARTESIAN_POINT ( 'NONE',  ( 650.0000000000000000, 97.50000000000000000, 209.9568563693341332 ) ) ;
#1868 = CARTESIAN_POINT ( 'NONE',  ( -650.0000000000004547, -5.417466416099039783, 132.1425275383831490 ) ) ;
#1869 = CARTESIAN_POINT ( 'NONE',  ( 8.071611270233003472E-15, -38.61943628330694622, -112.2735299313730195 ) ) ;
#1870 = CARTESIAN_POINT ( 'NONE',  ( 17.09240968893736934, 26.72829610499133679, -2.697148268162169238 ) ) ;
#1871 = CARTESIAN_POINT ( 'NONE',  ( 40.35954149276052050, -22.38236380668986669, -421.5340334446123052 ) ) ;
#1872 = DIRECTION ( 'NONE',  ( 0.000000000000000000, -0.8417178240732775540, 0.5399176832049001895 ) ) ;
#1873 = CARTESIAN_POINT ( 'NONE',  ( 23.02948271833943039, 13.83208147932444376, -459.7903799991136680 ) ) ;
#1874 = CARTESIAN_POINT ( 'NONE',  ( 130.0000000000000284, 2.500244765859712004, 3.286243849200294609E-08 ) ) ;
#1875 = CARTESIAN_POINT ( 'NONE',  ( -84.87626683742992384, -9.321939340764359372, -20.94332757452325211 ) ) ;
#1876 = CARTESIAN_POINT ( 'NONE',  ( -49.52473220342225346, -27.08369972706776352, -303.7486328474690254 ) ) ;
#1877 = CARTESIAN_POINT ( 'NONE',  ( -130.0000000000000000, -8.820765118846114916, -123.1584874602542499 ) ) ;
#1878 = CARTESIAN_POINT ( 'NONE',  ( -40.93280946986600100, 39.22847566954310139, -121.1328981488462944 ) ) ;
#1879 = CARTESIAN_POINT ( 'NONE',  ( 82.98812268427239758, 29.83191992728359310, -316.1897331857114750 ) ) ;
#1880 = CARTESIAN_POINT ( 'NONE',  ( -130.0000000000000000, 17.97146523672248364, -86.96732218626031852 ) ) ;
#1881 = CARTESIAN_POINT ( 'NONE',  ( 650.0000000000000000, -5.621079369299994966, 113.7089570969025516 ) ) ;
#1882 = CARTESIAN_POINT ( 'NONE',  ( -129.9999999999998295, -7.726485661604798771, -267.4955365454599132 ) ) ;
#1883 = CARTESIAN_POINT ( 'NONE',  ( 57.49433537401771588, -7.296611801283568788, 10.25234707080476149 ) ) ;
#1884 = CARTESIAN_POINT ( 'NONE',  ( 61.55879241878034946, -20.87161161053385072, -144.6958635588127038 ) ) ;
#1885 = VERTEX_POINT ( 'NONE', #2001 ) ;
#1886 = CARTESIAN_POINT ( 'NONE',  ( -129.9999999999998579, 28.97728509930459140, -226.3604033422499242 ) ) ;
#1887 = CARTESIAN_POINT ( 'NONE',  ( -130.0000000000000568, -9.180054942080131397, -73.96899072657089391 ) ) ;
#1888 = ADVANCED_FACE ( 'NONE', ( #3665 ), #3068, .F. ) ;
#1889 = CARTESIAN_POINT ( 'NONE',  ( 21.80405617479048175, -34.68933943828300670, -358.9116028623163288 ) ) ;
#1890 = ORIENTED_EDGE ( 'NONE', *, *, #417, .T. ) ;
#1891 = CARTESIAN_POINT ( 'NONE',  ( 56.45459054861322556, -2.462355812128075971, 50.00000000000000000 ) ) ;
#1892 = CARTESIAN_POINT ( 'NONE',  ( 650.0000000000000000, -5.030492278198098077, 44.20262323450449315 ) ) ;
#1893 = CARTESIAN_POINT ( 'NONE',  ( 25.00000000000000711, -7.868799009346734152, 49.99999999999999289 ) ) ;
#1894 = CARTESIAN_POINT ( 'NONE',  ( -42.04928435742699122, -20.84822422735818748, -119.0069814513393567 ) ) ;
#1895 = CARTESIAN_POINT ( 'NONE',  ( 24.44937550187247055, 14.04811239503894704, -2.338518565109247049 ) ) ;
#1896 = CARTESIAN_POINT ( 'NONE',  ( 3.469798981617776582E-14, -26.84251283695351731, -448.8104163814657568 ) ) ;
#1897 = CARTESIAN_POINT ( 'NONE',  ( 130.0000000000000000, -2.499999999999994227, 1.184918829155061596E-13 ) ) ;
#1898 = CARTESIAN_POINT ( 'NONE',  ( -99.11360050580411496, 14.06620978032655600, -314.5732820365923885 ) ) ;
#1899 = CARTESIAN_POINT ( 'NONE',  ( -24.99999999999998579, 7.868799009346817641, 50.00000000000000000 ) ) ;
#1900 = CARTESIAN_POINT ( 'NONE',  ( -84.84962601872017274, -9.953289812295951222, -24.13205946559968496 ) ) ;
#1901 = CARTESIAN_POINT ( 'NONE',  ( 2.382582333983297495E-14, -37.68549166279599660, -326.2701735779119190 ) ) ;
#1902 = CARTESIAN_POINT ( 'NONE',  ( 129.9999999999998579, -8.767070839570445528, -238.2370004944188793 ) ) ;
#1903 = CARTESIAN_POINT ( 'NONE',  ( 130.0000000000000000, 27.30580595387994336, -146.2619813051253175 ) ) ;
#1904 = CARTESIAN_POINT ( 'NONE',  ( -67.03319979608887991, 34.51524064369937861, -353.2192058196284279 ) ) ;
#1905 = CARTESIAN_POINT ( 'NONE',  ( -129.9999999999999716, 15.92394823981741681, -77.10997471306404805 ) ) ;
#1906 = CARTESIAN_POINT ( 'NONE',  ( 650.0000000000000000, -5.030492278198098077, 44.20262323450449315 ) ) ;
#1907 = CARTESIAN_POINT ( 'NONE',  ( -130.0000000000000568, -6.242326174776001046, -282.0403509084834468 ) ) ;
#1908 = CARTESIAN_POINT ( 'NONE',  ( -130.0000000000000853, -2.077689709661919348, 21.72280003158306272 ) ) ;
#1909 = B_SPLINE_CURVE_WITH_KNOTS ( 'NONE', 3,
 ( #2209, #1543, #1188, #2585, #2537, #4238, #2887, #3545, #1593, #2935, #4262, #4215, #2277 ),
 .UNSPECIFIED., .F., .F.,
 ( 4, 1, 1, 1, 1, 1, 1, 1, 1, 1, 4 ),
 ( 0.000000000000000000, 0.3168749234375783930, 0.5360891197806090247, 0.7210716233239784501, 0.8748528582455298297, 0.9142575676723244671, 0.9375603347243219865, 0.9534890465804235493, 0.9747337880816442368, 0.9873352219761176718, 1.000000000000000000 ),
 .UNSPECIFIED. ) ;
#1910 = CARTESIAN_POINT ( 'NONE',  ( -62.12592595991007727, -21.62217225244183183, -166.3517065055847297 ) ) ;
#1911 = VERTEX_POINT ( 'NONE', #3381 ) ;
#1912 = CARTESIAN_POINT ( 'NONE',  ( -130.0000000000001990, 28.66774766823420251, -231.1394375201110165 ) ) ;
#1913 = CARTESIAN_POINT ( 'NONE',  ( -130.0000000000000000, -8.964253131372238670, -97.77017174685938983 ) ) ;
#1914 = CARTESIAN_POINT ( 'NONE',  ( 82.79828297805421755, -19.56522841561373838, -273.5511742680006932 ) ) ;
#1915 = CARTESIAN_POINT ( 'NONE',  ( -650.0000000000000000, 2.645745404259604694, 156.4114536581937784 ) ) ;
#1916 = CARTESIAN_POINT ( 'NONE',  ( -68.17336506924222306, 7.963224597458997245, 6.076983575326065257 ) ) ;
#1917 = ADVANCED_FACE ( 'NONE', ( #1666 ), #3007, .F. ) ;
#1918 = CARTESIAN_POINT ( 'NONE',  ( -130.0000000000000000, -8.940678115791868663, -158.9583600749817549 ) ) ;
#1919 = CARTESIAN_POINT ( 'NONE',  ( -23.61447971972302895, 7.351885871347427326, 44.48986738629506732 ) ) ;
#1920 = CARTESIAN_POINT ( 'NONE',  ( -54.04114861037763973, -16.57767568608682041, -412.7846618219547850 ) ) ;
#1921 = CARTESIAN_POINT ( 'NONE',  ( -650.0000000000000000, 2.499999999999990674, 159.9568563693341332 ) ) ;
#1922 = CARTESIAN_POINT ( 'NONE',  ( 130.0000000000000000, 16.33427389379929551, -288.7954568726181037 ) ) ;
#1923 = LINE ( 'NONE', #915, #2638 ) ;
#1924 = CARTESIAN_POINT ( 'NONE',  ( 18.59063073298567659, -30.90801721511362743, -62.38428834101772225 ) ) ;
#1925 = CARTESIAN_POINT ( 'NONE',  ( -49.21325520983911872, -26.94013485498156157, -296.0369944311307222 ) ) ;
#1926 = CARTESIAN_POINT ( 'NONE',  ( 129.9999999999998295, -8.896150347453243512, -228.4772145694080052 ) ) ;
#1927 = CARTESIAN_POINT ( 'NONE',  ( -58.79340568888880370, 38.47553636003107869, -144.8587671808550965 ) ) ;
#1928 = CARTESIAN_POINT ( 'NONE',  ( -51.32114769549965416, 45.34929055369501327, -349.6384502631235591 ) ) ;
#1929 = CARTESIAN_POINT ( 'NONE',  ( -130.0000000000000000, 19.88805783492672319, -96.52812642304868973 ) ) ;
#1930 = CARTESIAN_POINT ( 'NONE',  ( -650.0000000000011369, 6.585861870703388021, 128.4612624807222119 ) ) ;
#1931 = CARTESIAN_POINT ( 'NONE',  ( -130.0000000000001705, -8.670829129755500020, -243.1139584816416743 ) ) ;
#1932 = CARTESIAN_POINT ( 'NONE',  ( 25.60118196398166646, -14.03333168144974152, -5.985423359835406742 ) ) ;
#1933 = AXIS2_PLACEMENT_3D ( 'NONE', #85, #4127, #2818 ) ;
#1934 = CARTESIAN_POINT ( 'NONE',  ( -130.0000000000000853, -8.766081153608171306, -103.6783921725814679 ) ) ;
#1935 = ORIENTED_EDGE ( 'NONE', *, *, #1648, .T. ) ;
#1936 = CARTESIAN_POINT ( 'NONE',  ( 63.21592097603831206, 48.31186461042638314, -275.4935448206173305 ) ) ;
#1937 = CARTESIAN_POINT ( 'NONE',  ( -130.0000000000000000, -9.200055103334573658, -70.60437788838868300 ) ) ;
#1938 = CARTESIAN_POINT ( 'NONE',  ( -112.2283345289834813, -2.949607665682763002, 31.62284819706656691 ) ) ;
#1939 = CARTESIAN_POINT ( 'NONE',  ( 102.2927710786389639, -13.08623622041225865, -232.2377389270752133 ) ) ;
#1940 = ORIENTED_EDGE ( 'NONE', *, *, #2244, .T. ) ;
#1941 = CARTESIAN_POINT ( 'NONE',  ( -17.45914290136429159, -22.06683270332632674, 41.69217992246008464 ) ) ;
#1942 = CARTESIAN_POINT ( 'NONE',  ( 130.0000000000000000, -8.987726659398058260, -193.0383654290295112 ) ) ;
#1943 = CARTESIAN_POINT ( 'NONE',  ( 68.17336506924220885, -7.963224597458864906, 6.076983575326048381 ) ) ;
#1944 = CARTESIAN_POINT ( 'NONE',  ( 68.08082814177186037, -11.74545357508364773, -390.9858393317219907 ) ) ;
#1945 = CARTESIAN_POINT ( 'NONE',  ( 650.0000000000000000, 0.4789065826735508513, -2.258818635179239642 ) ) ;
#1946 = CARTESIAN_POINT ( 'NONE',  ( 130.0000000000000000, 0.000000000000000000, -300.0000000000000000 ) ) ;
#1947 = CARTESIAN_POINT ( 'NONE',  ( -18.63589024625052559, -31.16174373216213311, -66.55632674846292218 ) ) ;
#1948 = CARTESIAN_POINT ( 'NONE',  ( 102.5135613775359502, -13.03089321389129296, -226.3358480662870420 ) ) ;
#1949 = CARTESIAN_POINT ( 'NONE',  ( 130.0000000000001705, -5.452930053852640846, -286.8545147165285130 ) ) ;
#1950 = CARTESIAN_POINT ( 'NONE',  ( 113.1314414424182644, 20.64745614847486621, -100.9573932464590200 ) ) ;
#1951 = CARTESIAN_POINT ( 'NONE',  ( -65.88944584251566994, 42.00918597972587776, -328.6712942589045952 ) ) ;
#1952 = CARTESIAN_POINT ( 'NONE',  ( -130.0000000000000000, 9.998380219111613343, -48.54513045090559586 ) ) ;
#1953 = CARTESIAN_POINT ( 'NONE',  ( 68.54694251638179026, 2.818694132484207415, -404.2099235182773214 ) ) ;
#1954 = CARTESIAN_POINT ( 'NONE',  ( -130.0000000000000853, -8.973273282897348935, -213.8324436317087134 ) ) ;
#1955 = CARTESIAN_POINT ( 'NONE',  ( -37.37712945368007667, -9.614202048094961484, -3.718961966296059352 ) ) ;
#1956 = CARTESIAN_POINT ( 'NONE',  ( -83.97047900129190623, -16.79488673947565047, -131.0188381542773755 ) ) ;
#1957 = ORIENTED_EDGE ( 'NONE', *, *, #2104, .T. ) ;
#1958 = CARTESIAN_POINT ( 'NONE',  ( -130.0000000000000000, 29.65749434793716333, -192.3822924841689996 ) ) ;
#1959 = CARTESIAN_POINT ( 'NONE',  ( -129.9999999999999716, -8.958820787609321101, -98.35812965011042763 ) ) ;
#1960 = CARTESIAN_POINT ( 'NONE',  ( -24.46592353869100833, -10.27900864281177817, 25.98139671914611526 ) ) ;
#1961 = CARTESIAN_POINT ( 'NONE',  ( 82.90484625289396092, -19.26559670996888229, -260.5553436258632587 ) ) ;
#1962 = EDGE_LOOP ( 'NONE', ( #1268, #3181 ) ) ;
#1963 = CARTESIAN_POINT ( 'NONE',  ( -17.54966192789400381, -23.03176286285836127, 33.38202086062734963 ) ) ;
#1964 = CARTESIAN_POINT ( 'NONE',  ( 130.0000000000000000, -4.857101121140535049, -289.6325387871471548 ) ) ;
#1965 = CARTESIAN_POINT ( 'NONE',  ( 51.45457233302341393, -5.401977629686043336, 27.78969878161212392 ) ) ;
#1966 = CARTESIAN_POINT ( 'NONE',  ( 68.17535039862673329, -9.885544810134121008, -394.2299289624890548 ) ) ;
#1967 = CARTESIAN_POINT ( 'NONE',  ( 649.9999999999987494, 7.619841308345441711, 1.938880606867545042 ) ) ;
#1968 = B_SPLINE_CURVE_WITH_KNOTS ( 'NONE', 3,
 ( #1764, #3025, #1742, #1410, #2757, #4086, #2700, #3109, #1498, #3500, #2781, #549, #2213, #2866, #3548, #807, #3805, #2802, #3221, #827, #1108, #2842, #2540, #1877 ),
 .UNSPECIFIED., .F., .F.,
 ( 4, 1, 1, 1, 1, 1, 1, 1, 1, 1, 1, 1, 1, 1, 1, 1, 1, 1, 1, 1, 1, 4 ),
 ( 0.2140708436159155514, 0.2187500000000000000, 0.2265625000000000000, 0.2343750000000000000, 0.2421875000000000000, 0.2500000000000000000, 0.2656250000000000000, 0.2812500000000000000, 0.2968750000000000000, 0.3125000000000000000, 0.3281250000000000000, 0.3437500000000000000, 0.3593750000000000000, 0.3750000000000000000, 0.3906250000000000000, 0.4062500000000000000, 0.4218750000000000000, 0.4375000000000000000, 0.4531250000000000000, 0.4687500000000000000, 0.4843750000000000000, 0.4931484222489331826 ),
 .UNSPECIFIED. ) ;
#1969 = APPLICATION_PROTOCOL_DEFINITION ( 'draft international standard', 'automotive_design', 1998, #3321 ) ;
#1970 = CARTESIAN_POINT ( 'NONE',  ( 27.44597690507904630, -19.34683527520785518, -58.01680058648246074 ) ) ;
#1971 = CARTESIAN_POINT ( 'NONE',  ( 130.0000000000002842, -7.403471351765405828, -272.3809958674209497 ) ) ;
#1972 = CARTESIAN_POINT ( 'NONE',  ( -58.25438188702835163, 27.94843237926300361, -85.13201931495993335 ) ) ;
#1973 = CARTESIAN_POINT ( 'NONE',  ( 65.03163037733575891, 45.35640457051653840, -311.3520529387766373 ) ) ;
#1974 = CARTESIAN_POINT ( 'NONE',  ( -130.0000000000000000, 13.93659052772462381, -67.66936296992584232 ) ) ;
#1975 = CARTESIAN_POINT ( 'NONE',  ( -82.05234005417577237, 0.4568495041261249057, -359.8792378617989698 ) ) ;
#1976 = EDGE_CURVE ( 'NONE', #32, #3985, #1684, .T. ) ;
#1977 = CARTESIAN_POINT ( 'NONE',  ( -649.9999999999990905, -2.531325720860393425, 2.225599052680761858 ) ) ;
#1978 = CARTESIAN_POINT ( 'NONE',  ( -130.0000000000001137, -2.112941434999891843, 13.74255985131663316 ) ) ;
#1979 = CARTESIAN_POINT ( 'NONE',  ( 62.69305950103981928, -22.44306483439789446, -188.0157925575151410 ) ) ;
#1980 = VERTEX_POINT ( 'NONE', #2062 ) ;
#1981 = CARTESIAN_POINT ( 'NONE',  ( 1.206598433363750675E-14, 58.64300645938364198, -276.3359909316780545 ) ) ;
#1982 = CARTESIAN_POINT ( 'NONE',  ( 55.50129566574259599, 4.611094155461938904, 25.12526939029330109 ) ) ;
#1983 = B_SPLINE_CURVE_WITH_KNOTS ( 'NONE', 3,
 ( #2016, #1325, #1639, #1697, #2657 ),
 .UNSPECIFIED., .F., .F.,
 ( 4, 1, 4 ),
 ( 0.3168501454718987698, 0.3168749234375783930, 0.5358267294694890603 ),
 .UNSPECIFIED. ) ;
#1984 = CARTESIAN_POINT ( 'NONE',  ( -66.85203880265730447, -24.65588873672239245, -346.7768514082100637 ) ) ;
#1985 = ORIENTED_EDGE ( 'NONE', *, *, #3390, .T. ) ;
#1986 = CARTESIAN_POINT ( 'NONE',  ( 650.0000000000000000, 97.50000000000000000, 149.9568563693341332 ) ) ;
#1987 = CARTESIAN_POINT ( 'NONE',  ( -130.0000000000000568, 20.61441769890724629, -100.2907879440224832 ) ) ;
#1988 = CARTESIAN_POINT ( 'NONE',  ( -41.35289261488976820, -8.806482389433634594, -446.7808772471705083 ) ) ;
#1989 = CARTESIAN_POINT ( 'NONE',  ( 649.9999999999998863, 3.861569357340815412, -2.008862218929602594 ) ) ;
#1990 = CARTESIAN_POINT ( 'NONE',  ( 109.9100363905698288, -9.735752082227588033, -28.93980069616669937 ) ) ;
#1991 = CARTESIAN_POINT ( 'NONE',  ( 40.25008900227866349, 34.15025918869661581, -96.18081777513006614 ) ) ;
#1992 = CARTESIAN_POINT ( 'NONE',  ( 2.783265561382905484E-14, 51.90569984990610664, -376.5569709841259964 ) ) ;
#1993 = CARTESIAN_POINT ( 'NONE',  ( -130.0000000000000000, 9.963828658269283878, -48.37100229110909311 ) ) ;
#1994 = CARTESIAN_POINT ( 'NONE',  ( -68.54694251638181868, 2.818694132484195869, -404.2099235182768666 ) ) ;
#1995 = CARTESIAN_POINT ( 'NONE',  ( -130.0000000000000000, 24.67670771124134532, -124.2207951836653308 ) ) ;
#1996 = CARTESIAN_POINT ( 'NONE',  ( -111.1243830345006813, -4.046170855970596669, 2.775936393797500568 ) ) ;
#1997 = CARTESIAN_POINT ( 'NONE',  ( 45.89083394495239787, -25.22489135714546649, -213.9483925661078842 ) ) ;
#1998 = EDGE_CURVE ( 'NONE', #2065, #2439, #3676, .T. ) ;
#1999 = ORIENTED_EDGE ( 'NONE', *, *, #4126, .F. ) ;
#2000 = CARTESIAN_POINT ( 'NONE',  ( -44.98222378682407196, 52.30045194536870667, -248.5986502216099723 ) ) ;
#2001 = CARTESIAN_POINT ( 'NONE',  ( 130.0000000000000000, 2.500000000000000444, 0.000000000000000000 ) ) ;
#2002 = VECTOR ( 'NONE', #2405, 1000.000000000000227 ) ;
#2003 = CARTESIAN_POINT ( 'NONE',  ( 22.42260285607687820, -31.40572607218976842, -415.4297286365039668 ) ) ;
#2004 = VECTOR ( 'NONE', #3586, 1000.000000000000000 ) ;
#2005 = VERTEX_POINT ( 'NONE', #727 ) ;
#2006 = CARTESIAN_POINT ( 'NONE',  ( 56.83267957603301568, -4.354770121436819963, 35.41908118011518525 ) ) ;
#2007 = CARTESIAN_POINT ( 'NONE',  ( -112.8907054256731612, 2.513498496742660127, 45.88503378368368146 ) ) ;
#2008 = CARTESIAN_POINT ( 'NONE',  ( -130.0000000000003126, 29.51126033177427743, -213.7696321815270437 ) ) ;
#2009 = CARTESIAN_POINT ( 'NONE',  ( 31.01366378095366372, -5.524215733395362982, 44.14391641959637269 ) ) ;
#2010 = CARTESIAN_POINT ( 'NONE',  ( -54.19688710716924618, -14.78010427743679323, -416.2517292114541192 ) ) ;
#2011 = FACE_OUTER_BOUND ( 'NONE', #2152, .T. ) ;
#2012 = CARTESIAN_POINT ( 'NONE',  ( -130.0000000000001705, -7.679362935569961301, -20.92233369293589362 ) ) ;
#2013 = CARTESIAN_POINT ( 'NONE',  ( -58.05567396007157299, 25.08340137694969130, -73.40283949742118352 ) ) ;
#2014 = CARTESIAN_POINT ( 'NONE',  ( -64.58485148922133590, 46.54119814720838377, -302.4868284024201444 ) ) ;
#2015 = CARTESIAN_POINT ( 'NONE',  ( -130.0000000000000000, 13.75821144762574555, -66.82151802229576276 ) ) ;
#2016 = CARTESIAN_POINT ( 'NONE',  ( -650.0000000000001137, -5.357401994471258533, 108.4346719681422968 ) ) ;
#2017 = DIRECTION ( 'NONE',  ( 0.9558012961052655410, 1.115995829525004288E-17, 0.2940134050744872551 ) ) ;
#2018 = CARTESIAN_POINT ( 'NONE',  ( 8.246737182170183258E-16, -33.67502829137995235, -13.92877079085726422 ) ) ;
#2019 = CARTESIAN_POINT ( 'NONE',  ( 44.85257729967524654, -24.11629321731141218, -188.2797864284526383 ) ) ;
#2020 = CARTESIAN_POINT ( 'NONE',  ( 130.0000000000000000, 4.640117028297084723, -33.59287177695935611 ) ) ;
#2021 = CARTESIAN_POINT ( 'NONE',  ( 61.45739927241960743, 47.60954180007213665, -239.8747946100878607 ) ) ;
#2022 = CARTESIAN_POINT ( 'NONE',  ( -130.0000000000000000, 2.500322647811867416, -0.005064520475156117016 ) ) ;
#2023 = CARTESIAN_POINT ( 'NONE',  ( 66.28490526152783957, -25.58470391025910473, -325.3749577086812792 ) ) ;
#2024 = ORIENTED_EDGE ( 'NONE', *, *, #3444, .F. ) ;
#2025 = CARTESIAN_POINT ( 'NONE',  ( -85.35580157420899639, -3.664898383624432210, 36.67626692332873262 ) ) ;
#2026 = CARTESIAN_POINT ( 'NONE',  ( -130.0000000000000000, 2.499999999999992895, 49.99999999999998579 ) ) ;
#2027 = CARTESIAN_POINT ( 'NONE',  ( -130.0000000000000568, -9.228975591774450038, -57.32181122117841454 ) ) ;
#2028 = EDGE_CURVE ( 'NONE', #1008, #2596, #386, .T. ) ;
#2029 = CARTESIAN_POINT ( 'NONE',  ( 54.81984109433553698, -5.897926214704315662, -429.7900017176856409 ) ) ;
#2030 = CARTESIAN_POINT ( 'NONE',  ( 649.9999999999998863, 4.942687098259074041, -1.273391734905170880 ) ) ;
#2031 = CARTESIAN_POINT ( 'NONE',  ( -55.13131808791861488, 0.000000000000000000, -436.1643530901230292 ) ) ;
#2032 = CARTESIAN_POINT ( 'NONE',  ( -18.90744732583968002, -32.59808429868623136, -91.59585994147036558 ) ) ;
#2033 = CARTESIAN_POINT ( 'NONE',  ( -4.160555460510407929E-15, 40.29706545434609666, -72.21258402460293269 ) ) ;
#2034 = CARTESIAN_POINT ( 'NONE',  ( -82.37202987869532933, -16.32414893592689609, -324.6801315818371449 ) ) ;
#2035 = CARTESIAN_POINT ( 'NONE',  ( -130.0000000000000000, 13.36559204087365771, -64.95315654786152493 ) ) ;
#2036 = CARTESIAN_POINT ( 'NONE',  ( 68.55343942604652341, 0.4669872563124206066, -406.1050922969855606 ) ) ;
#2037 = CARTESIAN_POINT ( 'NONE',  ( -130.0000000000000000, 29.64889676611488056, -202.8005194195359309 ) ) ;
#2038 = CARTESIAN_POINT ( 'NONE',  ( -84.92954847484968184, -8.166597351092454105, -14.57058619705318669 ) ) ;
#2039 = CARTESIAN_POINT ( 'NONE',  ( -83.70407081419240569, -17.66612538604200111, -163.3421934594140907 ) ) ;
#2040 = EDGE_LOOP ( 'NONE', ( #2965, #1940 ) ) ;
#2041 = CARTESIAN_POINT ( 'NONE',  ( -44.21201045168397314, 51.62927867544485139, -235.5381446594726640 ) ) ;
#2042 = CARTESIAN_POINT ( 'NONE',  ( 34.64011380856643996, 4.371375977373793020, 40.86272636579663953 ) ) ;
#2043 = CARTESIAN_POINT ( 'NONE',  ( -130.0000000000003411, -8.255546336050512579, -256.6935163816520458 ) ) ;
#2044 = VERTEX_POINT ( 'NONE', #1309 ) ;
#2045 = CARTESIAN_POINT ( 'NONE',  ( -130.0000000000000000, 22.70303069474383406, -111.7886032707859840 ) ) ;
#2046 = CARTESIAN_POINT ( 'NONE',  ( -650.0000000000000000, -4.274562638260742453, 17.43086154054487835 ) ) ;
#2047 = EDGE_CURVE ( 'NONE', #2596, #4226, #1316, .T. ) ;
#2048 = CARTESIAN_POINT ( 'NONE',  ( 130.0000000000001137, -8.399246518499385417, -252.8615525479596045 ) ) ;
#2049 = CARTESIAN_POINT ( 'NONE',  ( 82.07898087288573663, -2.750483263552821356, -357.6059735555541010 ) ) ;
#2050 = CARTESIAN_POINT ( 'NONE',  ( 649.9999999999992042, 15.74137991173299866, 39.15978337159904754 ) ) ;
#2051 = CARTESIAN_POINT ( 'NONE',  ( -129.9999999999999716, -2.500173553314636088, -0.002433863739441875437 ) ) ;
#2052 = CARTESIAN_POINT ( 'NONE',  ( -39.86894540234519724, -16.48850896235034469, -65.09808671742477770 ) ) ;
#2053 = CARTESIAN_POINT ( 'NONE',  ( 130.0000000000004263, 9.957517720760227675, -50.52059790055216126 ) ) ;
#2054 = CARTESIAN_POINT ( 'NONE',  ( 67.13560557322223588, -23.24076844300803657, -357.2877368917762055 ) ) ;
#2055 = DIRECTION ( 'NONE',  ( 1.000000000000000000, -0.000000000000000000, -0.000000000000000000 ) ) ;
#2056 = CARTESIAN_POINT ( 'NONE',  ( 129.9999999999997726, 2.746467907493178373, -300.7987734588926401 ) ) ;
#2057 = CARTESIAN_POINT ( 'NONE',  ( -111.0139878850528277, -4.190323019539857086, -0.1008199370201490058 ) ) ;
#2058 = CARTESIAN_POINT ( 'NONE',  ( -32.98036172837107216, -28.03563875324978483, -214.5698394939951186 ) ) ;
#2059 = CARTESIAN_POINT ( 'NONE',  ( -649.9999999999998863, -4.860810946051422832, 43.63666714202970098 ) ) ;
#2060 = CARTESIAN_POINT ( 'NONE',  ( -30.53976655616850877, 51.38497505080690075, -203.6746930501935537 ) ) ;
#2061 = CARTESIAN_POINT ( 'NONE',  ( 130.0000000000001137, 17.47268636583301671, -286.4340413105287553 ) ) ;
#2062 = CARTESIAN_POINT ( 'NONE',  ( 650.0000000000000000, 97.50000000000000000, 209.9568563693341332 ) ) ;
#2063 = CARTESIAN_POINT ( 'NONE',  ( 129.9999999999997158, -8.425766827518510027, -252.1095536356798164 ) ) ;
#2064 = B_SPLINE_CURVE_WITH_KNOTS ( 'NONE', 3,
 ( #2553, #164, #124, #2831, #4160, #3884 ),
 .UNSPECIFIED., .F., .F.,
 ( 4, 1, 1, 4 ),
 ( 0.1419175133722671567, 0.1491190551468341008, 0.2067882203586833834, 0.2140048109597967874 ),
 .UNSPECIFIED. ) ;
#2065 = VERTEX_POINT ( 'NONE', #1745 ) ;
#2066 = CARTESIAN_POINT ( 'NONE',  ( -130.0000000000000568, 20.61441769890724629, -100.2907879440224832 ) ) ;
#2067 = CARTESIAN_POINT ( 'NONE',  ( 130.0000000000000000, -8.076472319329164762, -263.0329589380788775 ) ) ;
#2068 = VECTOR ( 'NONE', #2535, 1000.000000000000000 ) ;
#2069 = LINE ( 'NONE', #1116, #2133 ) ;
#2070 = CARTESIAN_POINT ( 'NONE',  ( 41.77861452437384315, 0.000000000000000000, -456.9399091819586260 ) ) ;
#2071 = CARTESIAN_POINT ( 'NONE',  ( -129.9999999999999716, -8.876084831971848388, -140.6035135634757296 ) ) ;
#2072 = ADVANCED_FACE ( 'NONE', ( #1829 ), #1111, .F. ) ;
#2073 = CARTESIAN_POINT ( 'NONE',  ( -40.23233522819219132, -17.27560633776583643, -74.08746911442835881 ) ) ;
#2074 = CARTESIAN_POINT ( 'NONE',  ( -130.0000000000004547, 5.081607768895549881, -24.12316318698905349 ) ) ;
#2075 = CARTESIAN_POINT ( 'NONE',  ( 100.1952632391219709, -11.45236532053487721, -287.9708932253678881 ) ) ;
#2076 = CARTESIAN_POINT ( 'NONE',  ( -130.0000000000000284, 2.873920865645606781, -4.018223751297051116 ) ) ;
#2077 = CARTESIAN_POINT ( 'NONE',  ( -55.03397641364887249, 8.824056638021644972, -426.7174015830896110 ) ) ;
#2078 = CARTESIAN_POINT ( 'NONE',  ( -650.0000000000000000, -4.717634318646522829, 78.57223393979150217 ) ) ;
#2079 = CARTESIAN_POINT ( 'NONE',  ( -18.18329511360195028, -28.34086849555444587, -24.86621100967232323 ) ) ;
#2080 = CARTESIAN_POINT ( 'NONE',  ( -130.0000000000001705, -8.934971063028665839, -169.5061115159166434 ) ) ;
#2081 = FACE_OUTER_BOUND ( 'NONE', #3690, .T. ) ;
#2082 = CARTESIAN_POINT ( 'NONE',  ( 59.18418828969294054, 42.51655208260712016, -181.5976525808377460 ) ) ;
#2083 = CARTESIAN_POINT ( 'NONE',  ( -54.21775475981680614, 25.28495042688380678, -402.1099864140522300 ) ) ;
#2084 = CARTESIAN_POINT ( 'NONE',  ( -25.39081472504541281, 7.571677338025263104, 49.60239926724166537 ) ) ;
#2085 = CARTESIAN_POINT ( 'NONE',  ( -650.0000000000007958, 9.720310308854706705, 5.904694971555132454 ) ) ;
#2086 = CARTESIAN_POINT ( 'NONE',  ( -107.1501576543631558, -11.79960450982352604, -102.7998221083219335 ) ) ;
#2087 = ORIENTED_EDGE ( 'NONE', *, *, #1105, .F. ) ;
#2088 = CARTESIAN_POINT ( 'NONE',  ( -130.0000000000000000, -8.496708998119645528, -26.62781525707767827 ) ) ;
#2089 = CARTESIAN_POINT ( 'NONE',  ( -650.0000000000003411, -5.046396820462216937, 139.7606741116833575 ) ) ;
#2090 = CARTESIAN_POINT ( 'NONE',  ( 649.9999999999990905, -2.531325720860393425, 2.225599052680761858 ) ) ;
#2091 = CARTESIAN_POINT ( 'NONE',  ( -98.87052144574271040, -2.473274540319627235, -321.7525092808858744 ) ) ;
#2092 = CARTESIAN_POINT ( 'NONE',  ( -129.9999999999999716, -8.876725016841113813, -140.7402265334908975 ) ) ;
#2093 = CARTESIAN_POINT ( 'NONE',  ( -28.43932802720839348, -21.69076064088256572, -86.11291380750699886 ) ) ;
#2094 = CARTESIAN_POINT ( 'NONE',  ( 37.08156580655296608, 15.57196250358455458, -27.35610195660632016 ) ) ;
#2095 = CARTESIAN_POINT ( 'NONE',  ( -39.65000497695372417, -27.57864985981318284, -402.5919391516306405 ) ) ;
#2096 = CARTESIAN_POINT ( 'NONE',  ( -129.9999999999999432, 29.42701556606589719, -178.9881341380071547 ) ) ;
#2097 = CARTESIAN_POINT ( 'NONE',  ( 130.0000000000002274, 6.864502809400072181, -300.0123823683189812 ) ) ;
#2098 = MANIFOLD_SOLID_BREP ( 'Mirror2[3]', #2418 ) ;
#2099 = DIRECTION ( 'NONE',  ( -0.9558012961052655410, 1.115995829525004288E-17, 0.2940134050744872551 ) ) ;
#2100 = CARTESIAN_POINT ( 'NONE',  ( -58.15599117200218160, -9.951449574462408521, -14.81273803401893652 ) ) ;
#2101 = CARTESIAN_POINT ( 'NONE',  ( 63.26019304216942629, -23.31464226830312825, -209.6885479836294905 ) ) ;
#2102 = CARTESIAN_POINT ( 'NONE',  ( 130.0000000000000000, 16.28277339688121117, -74.37844747927573508 ) ) ;
#2103 = CARTESIAN_POINT ( 'NONE',  ( 110.9511372408148588, 30.89176103967503195, -197.4491742904160105 ) ) ;
#2104 = EDGE_CURVE ( 'NONE', #2661, #1008, #340, .T. ) ;
#2105 = CARTESIAN_POINT ( 'NONE',  ( 4.332139420820277143E-14, 31.25295885950195895, -442.1281488609501480 ) ) ;
#2106 = CARTESIAN_POINT ( 'NONE',  ( -129.9999999999995737, 3.639857225084988546, -13.21975312245819545 ) ) ;
#2107 = CARTESIAN_POINT ( 'NONE',  ( -650.0000000000010232, 11.28702252924378158, 10.45691933972043053 ) ) ;
#2108 = CARTESIAN_POINT ( 'NONE',  ( -42.98371533817651624, -22.25596311447984732, -142.0975092896268279 ) ) ;
#2109 = B_SPLINE_CURVE_WITH_KNOTS ( 'NONE', 3,
 ( #2974, #2688, #2275, #3635, #616, #326, #4299, #2319, #676 ),
 .UNSPECIFIED., .F., .F.,
 ( 4, 1, 1, 1, 1, 1, 4 ),
 ( 0.000000000000000000, 0.05152519728655113873, 0.1225176524447658677, 0.1793469317526710238, 0.3414506521100941772, 0.6027086489726340979, 1.000000000000000000 ),
 .UNSPECIFIED. ) ;
#2110 = DIRECTION ( 'NONE',  ( -1.000000000000000000, 0.000000000000000000, 0.000000000000000000 ) ) ;
#2111 = CARTESIAN_POINT ( 'NONE',  ( -649.9999999999998863, -2.972785045662814873, 157.4442099128362713 ) ) ;
#2112 = CARTESIAN_POINT ( 'NONE',  ( -17.77595949421828436, -25.18724309314756482, 12.59575291572995326 ) ) ;
#2113 = MANIFOLD_SOLID_BREP ( 'Mirror2[2]', #1647 ) ;
#2114 = CARTESIAN_POINT ( 'NONE',  ( 650.0000000000000000, -0.4033536035164437816, -1.786374627026872774 ) ) ;
#2115 = CARTESIAN_POINT ( 'NONE',  ( -23.14675506831449070, -1.152335471769615038, -476.1501196153943170 ) ) ;
#2116 = CARTESIAN_POINT ( 'NONE',  ( -130.0000000000000000, -8.893409262128740167, -144.4394736982955578 ) ) ;
#2117 = CARTESIAN_POINT ( 'NONE',  ( 129.9999999999998010, -8.692696006862197677, -34.77199236976444752 ) ) ;
#2118 = CARTESIAN_POINT ( 'NONE',  ( -25.97717798757436825, 22.53363865995746096, -38.88004748216670947 ) ) ;
#2119 = CARTESIAN_POINT ( 'NONE',  ( 100.3056583885704498, -11.75008932846719212, -285.0651704083005598 ) ) ;
#2120 = LINE ( 'NONE', #3147, #112 ) ;
#2121 = CARTESIAN_POINT ( 'NONE',  ( -23.14014484771598745, 5.657482225837302536, -470.6591264156313059 ) ) ;
#2122 = CARTESIAN_POINT ( 'NONE',  ( 84.95618929356004401, -7.702045701965856139, -11.38075893808052896 ) ) ;
#2123 = CARTESIAN_POINT ( 'NONE',  ( 129.9999999999998863, -8.934971063028648075, -169.5061115159166434 ) ) ;
#2124 = CARTESIAN_POINT ( 'NONE',  ( 650.0000000000003411, -5.046396820462216937, 139.7606741116833575 ) ) ;
#2125 = CARTESIAN_POINT ( 'NONE',  ( 111.8802443104897009, 30.12856999167494720, -185.9611612682652435 ) ) ;
#2126 = CARTESIAN_POINT ( 'NONE',  ( -99.88895619249974800, 20.83962600760230899, -301.5952276023767809 ) ) ;
#2127 = CARTESIAN_POINT ( 'NONE',  ( -129.9999999999996021, 12.79742621928022039, -63.68662265073538009 ) ) ;
#2128 = FACE_OUTER_BOUND ( 'NONE', #1114, .T. ) ;
#2129 = EDGE_CURVE ( 'NONE', #2661, #1008, #4084, .T. ) ;
#2130 = CARTESIAN_POINT ( 'NONE',  ( -42.36076135101030360, -21.36072597608933066, -126.7042943280822840 ) ) ;
#2131 = VERTEX_POINT ( 'NONE', #3127 ) ;
#2132 = CARTESIAN_POINT ( 'NONE',  ( -129.9999999999999716, -8.846766485702698191, -31.62445015995287534 ) ) ;
#2133 = VECTOR ( 'NONE', #2463, 1000.000000000000000 ) ;
#2134 = CARTESIAN_POINT ( 'NONE',  ( 649.9999999999997726, -2.241123147502864565, 0.9852166963758295370 ) ) ;
#2135 = CARTESIAN_POINT ( 'NONE',  ( -650.0000000000000000, -1.591052431238389575, -0.6894684822842815919 ) ) ;
#2136 = CARTESIAN_POINT ( 'NONE',  ( 650.0000000000001137, 11.76039496753761782, 102.4800601122547761 ) ) ;
#2137 = VECTOR ( 'NONE', #2017, 1000.000000000000000 ) ;
#2138 = CARTESIAN_POINT ( 'NONE',  ( 108.6956897466389478, -10.97118557028482755, -61.58633644409126617 ) ) ;
#2139 = CARTESIAN_POINT ( 'NONE',  ( -112.9454686996905082, 3.929038512918342718, -5.757214361402495761 ) ) ;
#2140 = CARTESIAN_POINT ( 'NONE',  ( 3.359343482298495696E-14, -23.57970602917072966, -456.7341163919221003 ) ) ;
#2141 = CARTESIAN_POINT ( 'NONE',  ( -129.9999999999999716, 26.15601205123388340, -135.4725909452830024 ) ) ;
#2142 = CARTESIAN_POINT ( 'NONE',  ( 55.10948543668757793, 4.242617403130595655, -431.9340685874360588 ) ) ;
#2143 = CARTESIAN_POINT ( 'NONE',  ( -130.0000000000000000, -4.245932381134097433, -297.2971102132430588 ) ) ;
#2144 = CARTESIAN_POINT ( 'NONE',  ( -27.02025499559502464, -18.17842940649225625, -45.99513094526916035 ) ) ;
#2145 = CARTESIAN_POINT ( 'NONE',  ( -129.9999999999999432, -8.962138142817751785, -186.0429968193882075 ) ) ;
#2146 = CARTESIAN_POINT ( 'NONE',  ( 650.0000000000005684, -5.199055558446036507, 137.2234973597448686 ) ) ;
#2147 = CARTESIAN_POINT ( 'NONE',  ( 29.52682317705990300, 47.44761520306453662, -167.0812479720415240 ) ) ;
#2148 = CARTESIAN_POINT ( 'NONE',  ( 40.81164550994202500, 28.08155015603524873, -416.6672035966239491 ) ) ;
#2149 = FILL_AREA_STYLE ('',( #3808 ) ) ;
#2150 = CARTESIAN_POINT ( 'NONE',  ( -130.0000000000000000, 26.46956237226472908, -251.2589879999070490 ) ) ;
#2151 = CARTESIAN_POINT ( 'NONE',  ( -61.36974790507056099, -20.58577603254432731, -137.4773890027446157 ) ) ;
#2152 = EDGE_LOOP ( 'NONE', ( #4156, #2600, #298, #3029 ) ) ;
#2153 = CARTESIAN_POINT ( 'NONE',  ( -130.0000000000000284, -8.903310804015406532, -33.18684712893713851 ) ) ;
#2154 = CARTESIAN_POINT ( 'NONE',  ( 85.44460430324221534, -2.727258710266746267, 47.74578862643906518 ) ) ;
#2155 = LINE ( 'NONE', #1158, #2556 ) ;
#2156 = EDGE_CURVE ( 'NONE', #2946, #4315, #2492, .T. ) ;
#2157 = CARTESIAN_POINT ( 'NONE',  ( -650.0000000000003411, -5.046396820462216937, 139.7606741116833575 ) ) ;
#2158 = CARTESIAN_POINT ( 'NONE',  ( 84.45001373807099299, -14.45621122928062441, -72.75338674076503764 ) ) ;
#2159 = CARTESIAN_POINT ( 'NONE',  ( 23.84734180862186292, 10.07769314381486581, 20.61389384842332717 ) ) ;
#2160 = CARTESIAN_POINT ( 'NONE',  ( -99.75368264132879403, -9.784337997933111097, -299.5230120394675168 ) ) ;
#2161 = LINE ( 'NONE', #3913, #2068 ) ;
#2162 = CARTESIAN_POINT ( 'NONE',  ( -130.0000000000003411, 13.62396396833953993, -293.3645939909139884 ) ) ;
#2163 = CARTESIAN_POINT ( 'NONE',  ( -130.0000000000000000, 0.000000000000000000, -300.0000000000000000 ) ) ;
#2164 = CARTESIAN_POINT ( 'NONE',  ( -84.82298520001006636, -10.58232429064305968, -27.32605536536408763 ) ) ;
#2165 = CARTESIAN_POINT ( 'NONE',  ( 47.65587024192345922, -26.54784301046927908, -257.5577053290068648 ) ) ;
#2166 = CARTESIAN_POINT ( 'NONE',  ( 130.0000000000001705, -9.124989515595007816, -81.04903167990390500 ) ) ;
#2167 = CARTESIAN_POINT ( 'NONE',  ( -29.38491587389856363, 43.66636047217300387, -134.3370584977863018 ) ) ;
#2168 = CARTESIAN_POINT ( 'NONE',  ( 2.932639821631201349E-14, 46.55123309165938394, -400.0713995958981855 ) ) ;
#2169 = CARTESIAN_POINT ( 'NONE',  ( -120.0651153805628724, 3.023884168191370403, 0.9765068197985404819 ) ) ;
#2170 = CARTESIAN_POINT ( 'NONE',  ( -130.0000000000001705, 4.722660740073711949, -19.48979771647259440 ) ) ;
#2171 = CARTESIAN_POINT ( 'NONE',  ( -30.70984487778975236, -25.89146639246150272, -150.3329242406224751 ) ) ;
#2172 = ORIENTED_EDGE ( 'NONE', *, *, #2180, .F. ) ;
#2173 = DIRECTION ( 'NONE',  ( 1.000000000000000000, -0.000000000000000000, -0.000000000000000000 ) ) ;
#2174 = B_SPLINE_CURVE_WITH_KNOTS ( 'NONE', 3,
 ( #2770, #3053, #2810, #2443, #3097, #1399, #77, #2746, #426, #1465, #57, #4073, #1075, #3471, #3754, #755, #3449, #2485, #4118, #100, #468, #1794, #446, #143, #1773, #2727, #1378, #1752, #4138, #732, #3120, #3140, #123, #1421, #1444, #3814 ),
 .UNSPECIFIED., .F., .F.,
 ( 4, 2, 2, 2, 2, 2, 2, 2, 2, 2, 2, 2, 2, 2, 2, 2, 2, 4 ),
 ( 0.000000000000000000, 0.003766337121534384796, 0.007532674243068769593, 0.009415842803835960256, 0.01129901136460313878, 0.01506534848613750276, 0.02259802272920622898, 0.03013069697227495347, 0.03766337121534368143, 0.04142970833687804194, 0.04519604545841239551, 0.06026139394454979592, 0.07532674243068719633, 0.09039209091682458286, 0.09415842803835891561, 0.09792476515989324837, 0.1054574394029619416, 0.1205227878890993837 ),
 .UNSPECIFIED. ) ;
#2175 = VERTEX_POINT ( 'NONE', #1451 ) ;
#2176 = CARTESIAN_POINT ( 'NONE',  ( -649.9999999999994316, 14.14697658982787942, 86.78783521260029943 ) ) ;
#2177 = DIRECTION ( 'NONE',  ( 0.000000000000000000, 0.000000000000000000, -1.000000000000000000 ) ) ;
#2178 = CARTESIAN_POINT ( 'NONE',  ( -130.0000000000000000, -8.976031250693162988, -193.1204256086726616 ) ) ;
#2179 = CARTESIAN_POINT ( 'NONE',  ( 84.34345046323136330, -15.11830850604973087, -85.72947306586361549 ) ) ;
#2180 = EDGE_CURVE ( 'NONE', #2852, #4181, #2120, .T. ) ;
#2181 = CARTESIAN_POINT ( 'NONE',  ( 85.48265983623710440, 3.097821635115728167, 36.41218678035018286 ) ) ;
#2182 = CARTESIAN_POINT ( 'NONE',  ( -130.0000000000001137, -6.622624385911771938, -279.5846039636319347 ) ) ;
#2183 = LINE ( 'NONE', #4165, #3469 ) ;
#2184 = CARTESIAN_POINT ( 'NONE',  ( -22.90654442297447702, 19.02169878372218292, -451.9549603203914216 ) ) ;
#2185 = CARTESIAN_POINT ( 'NONE',  ( 24.22979730690076750, 8.514086436644786815, 50.00000000000000000 ) ) ;
#2186 = CARTESIAN_POINT ( 'NONE',  ( -18.40959267992629478, -29.82508169274476018, -45.70346983079588910 ) ) ;
#2187 = CARTESIAN_POINT ( 'NONE',  ( -103.1759322742253460, -12.92059656737800033, -208.6370463729120388 ) ) ;
#2188 = CARTESIAN_POINT ( 'NONE',  ( -650.0000000000001137, -5.357401994471258533, 108.4346719681422968 ) ) ;
#2189 = CARTESIAN_POINT ( 'NONE',  ( 40.93280946986595836, 39.22847566954359877, -121.1328981488462091 ) ) ;
#2190 = CARTESIAN_POINT ( 'NONE',  ( 22.17645109801056336, 35.82897437696320253, -419.2955131880468684 ) ) ;
#2191 = CARTESIAN_POINT ( 'NONE',  ( -130.0000000000000000, 15.95375500743536179, -77.25201030489496645 ) ) ;
#2192 = CARTESIAN_POINT ( 'NONE',  ( 655.0000000000000000, -5.848941126776869837, 142.9763654373284680 ) ) ;
#2193 = CARTESIAN_POINT ( 'NONE',  ( -130.0000000000000568, -8.972641692199312402, -184.5828039902957016 ) ) ;
#2194 = CARTESIAN_POINT ( 'NONE',  ( 17.86647852074799658, -25.96227646849971293, 4.276547637637927224 ) ) ;
#2195 = CARTESIAN_POINT ( 'NONE',  ( -19.81263759113677381, -35.52508550381891439, -175.0922807115334763 ) ) ;
#2196 = VERTEX_POINT ( 'NONE', #4104 ) ;
#2197 = CARTESIAN_POINT ( 'NONE',  ( 62.76199362571407647, 48.39710465023606645, -266.4864246165230952 ) ) ;
#2198 = CARTESIAN_POINT ( 'NONE',  ( -130.0000000000000000, -8.886626369814383253, -107.0389948126873065 ) ) ;
#2199 = CARTESIAN_POINT ( 'NONE',  ( 2.760683423653696748E-14, -36.81511914628293169, -377.7852376716745084 ) ) ;
#2200 = CARTESIAN_POINT ( 'NONE',  ( 35.19679049859815478, -2.571938710113016224, 49.99999999999999289 ) ) ;
#2201 = CARTESIAN_POINT ( 'NONE',  ( 82.05234005417585763, 0.000000000000000000, -360.0395846282601724 ) ) ;
#2202 = CARTESIAN_POINT ( 'NONE',  ( -650.0000000000001137, -5.357401994471258533, 108.4346719681422968 ) ) ;
#2203 = CARTESIAN_POINT ( 'NONE',  ( 19.17900440542878826, -33.87610981161876822, -116.6399448269881702 ) ) ;
#2204 = CARTESIAN_POINT ( 'NONE',  ( 17.29158454407412648, 23.87162984265211563, 20.26555444640467130 ) ) ;
#2205 = CARTESIAN_POINT ( 'NONE',  ( -53.88541011358612565, -18.21865034704153175, -409.2871639337056990 ) ) ;
#2206 = DIRECTION ( 'NONE',  ( 0.000000000000000000, -1.000000000000000000, 0.000000000000000000 ) ) ;
#2207 = CARTESIAN_POINT ( 'NONE',  ( 99.00736027979675669, 12.31289809082700337, -317.0051179705785671 ) ) ;
#2208 = VECTOR ( 'NONE', #2173, 1000.000000000000000 ) ;
#2209 = CARTESIAN_POINT ( 'NONE',  ( -655.0000000000000000, -2.500000000000002220, 159.9568563693341616 ) ) ;
#2210 = CARTESIAN_POINT ( 'NONE',  ( 58.72312471313186677, -12.87468189328070167, -36.32211828373468876 ) ) ;
#2211 = CARTESIAN_POINT ( 'NONE',  ( -130.0000000000000568, -8.981066681479063618, -202.5803577805394582 ) ) ;
#2212 = VECTOR ( 'NONE', #3591, 1000.000000000000114 ) ;
#2213 = CARTESIAN_POINT ( 'NONE',  ( -129.9999999999997158, -8.695353322149056652, -70.78809099570460717 ) ) ;
#2214 = CARTESIAN_POINT ( 'NONE',  ( 41.17205339440511835, 42.60228229707120562, -144.6249978607829689 ) ) ;
#2215 = CARTESIAN_POINT ( 'NONE',  ( 100.6007437108397795, 23.95977621934300217, -292.5501439385395770 ) ) ;
#2216 =( LENGTH_UNIT ( ) NAMED_UNIT ( * ) SI_UNIT ( .MILLI., .METRE. ) );
#2217 = CARTESIAN_POINT ( 'NONE',  ( 650.0000000000000000, -3.973513345664787977, 11.88415498105542056 ) ) ;
#2218 = CARTESIAN_POINT ( 'NONE',  ( -649.9999999999997726, -3.740088378652083989, 10.23665761907248317 ) ) ;
#2219 = CARTESIAN_POINT ( 'NONE',  ( -112.0443426132364948, -3.095294270312394236, 26.73369392407157008 ) ) ;
#2220 = CARTESIAN_POINT ( 'NONE',  ( -19.90315661766651445, -35.57364541977926109, -183.4447975929661823 ) ) ;
#2221 = EDGE_LOOP ( 'NONE', ( #1792, #904, #1485, #3319 ) ) ;
#2222 = CARTESIAN_POINT ( 'NONE',  ( -36.18330823977370159, 53.93215947993969195, -320.9784757358270895 ) ) ;
#2223 = CARTESIAN_POINT ( 'NONE',  ( -130.0000000000000000, -9.202337854742676626, -70.18716688883225174 ) ) ;
#2224 = CARTESIAN_POINT ( 'NONE',  ( 129.9999999999998010, -8.931957221959097026, -224.6090869753745949 ) ) ;
#2225 = CARTESIAN_POINT ( 'NONE',  ( -649.9999999999992042, 14.89092891359504023, 28.60060489153833174 ) ) ;
#2226 = CARTESIAN_POINT ( 'NONE',  ( -650.0000000000000000, -2.500000000000002220, 159.9568563693341616 ) ) ;
#2227 = CARTESIAN_POINT ( 'NONE',  ( -650.0000000000006821, -5.412791107391934808, 110.6479286398157882 ) ) ;
#2228 = CARTESIAN_POINT ( 'NONE',  ( 18.99796635236938513, -33.04773104409535733, -99.94344299818412480 ) ) ;
#2229 = CARTESIAN_POINT ( 'NONE',  ( -129.9999999999998295, 1.970784561647022537, 26.74182783278621045 ) ) ;
#2230 = CARTESIAN_POINT ( 'NONE',  ( 99.86407779077728719, -10.29612382821916583, -296.6534032300256740 ) ) ;
#2231 = DIRECTION ( 'NONE',  ( 1.000000000000000000, 0.000000000000000000, 0.000000000000000000 ) ) ;
#2232 = CARTESIAN_POINT ( 'NONE',  ( -68.44591464030715144, 10.89058713177452198, -395.7684356643758292 ) ) ;
#2233 = CARTESIAN_POINT ( 'NONE',  ( -649.9999999999994316, -4.097599610241743129, 149.8836976994703605 ) ) ;
#2234 = CARTESIAN_POINT ( 'NONE',  ( 110.6828024367075045, -5.155830760132342760, -8.736369410030180305 ) ) ;
#2235 = CARTESIAN_POINT ( 'NONE',  ( 64.58350463813876274, -24.17903299568936504, -260.2326087252083084 ) ) ;
#2236 = CARTESIAN_POINT ( 'NONE',  ( 130.0000000000000568, -6.242326174776001046, -282.0403509084834468 ) ) ;
#2237 = CARTESIAN_POINT ( 'NONE',  ( 87.82673085648832512, 26.54628357919831672, -111.2113029617161857 ) ) ;
#2238 = CARTESIAN_POINT ( 'NONE',  ( -66.67577668559727044, 37.33534978029584295, -345.2533853631071565 ) ) ;
#2239 = SURFACE_STYLE_USAGE ( .BOTH. , #2869 ) ;
#2240 = DIRECTION ( 'NONE',  ( 1.000000000000000000, 0.000000000000000000, -0.000000000000000000 ) ) ;
#2241 = CARTESIAN_POINT ( 'NONE',  ( -650.0000000000005684, -4.863142927703095530, 48.85613131265898090 ) ) ;
#2242 = CARTESIAN_POINT ( 'NONE',  ( 4.453422939187442461E-15, -32.07855182027461183, 7.414315150225259110 ) ) ;
#2243 = CARTESIAN_POINT ( 'NONE',  ( 32.12891790940307146, -27.22965258103236152, -190.4750995756732834 ) ) ;
#2244 = EDGE_CURVE ( 'NONE', #3834, #227, #958, .T. ) ;
#2245 = VERTEX_POINT ( 'NONE', #2776 ) ;
#2246 = CARTESIAN_POINT ( 'NONE',  ( -35.60448345171170104, 54.73869411906261462, -309.7911355899313435 ) ) ;
#2247 = CARTESIAN_POINT ( 'NONE',  ( -130.0000000000000000, -9.209544802664449747, -52.91630191720041410 ) ) ;
#2248 = CARTESIAN_POINT ( 'NONE',  ( -102.2927710786392623, -13.08623622041226753, -232.2377389270752701 ) ) ;
#2249 = CARTESIAN_POINT ( 'NONE',  ( -650.0000000000009095, 15.40563650848098831, 33.87739249011240616 ) ) ;
#2250 = CARTESIAN_POINT ( 'NONE',  ( 650.0000000000000000, 0.000000000000000000, 159.9568563693341616 ) ) ;
#2251 = PRODUCT_DEFINITION_CONTEXT ( 'detailed design', #3321, 'design' ) ;
#2252 = CARTESIAN_POINT ( 'NONE',  ( 650.0000000000000000, 97.50000000000000000, 209.9568563693341332 ) ) ;
#2253 = CARTESIAN_POINT ( 'NONE',  ( 56.90453838321697333, 9.675324361840795362, -9.105463999754006110 ) ) ;
#2254 = CARTESIAN_POINT ( 'NONE',  ( 22.98080351967674773, -12.06179479130502763, -463.0495281425540952 ) ) ;
#2255 = CARTESIAN_POINT ( 'NONE',  ( -655.0000000000000000, -3.973513345664787977, 11.88415498105542056 ) ) ;
#2256 = CARTESIAN_POINT ( 'NONE',  ( -41.64257562561708426, 11.09661798343550920, -443.8996305631324617 ) ) ;
#2257 = LINE ( 'NONE', #194, #2212 ) ;
#2258 = CARTESIAN_POINT ( 'NONE',  ( -58.81764696998691733, -13.37859270068664230, -39.91392950642545401 ) ) ;
#2259 = CARTESIAN_POINT ( 'NONE',  ( 130.0000000000000853, -8.962138142817746456, -186.0429968193882644 ) ) ;
#2260 = CARTESIAN_POINT ( 'NONE',  ( 129.9999999999998863, -8.959472574523710264, -218.7139999000703199 ) ) ;
#2261 = CARTESIAN_POINT ( 'NONE',  ( -88.06012320915397140, 31.08500366926368486, -145.3538642457651804 ) ) ;
#2262 = CARTESIAN_POINT ( 'NONE',  ( -51.89880769685473183, 42.86610492473292311, -359.1287108086575017 ) ) ;
#2263 = CARTESIAN_POINT ( 'NONE',  ( -130.0000000000000000, 15.99097858712697473, -77.42941822078557834 ) ) ;
#2264 = CARTESIAN_POINT ( 'NONE',  ( 655.0000000000000000, -0.5836569176662512737, -1.677570890800155201 ) ) ;
#2265 = CARTESIAN_POINT ( 'NONE',  ( -649.9999999999994316, -4.401328376356786087, 19.99354969893450118 ) ) ;
#2266 = CARTESIAN_POINT ( 'NONE',  ( -4.535278682088591336E-15, -31.72369839274897529, 11.67974847036801123 ) ) ;
#2267 = CARTESIAN_POINT ( 'NONE',  ( -106.7085770565700642, -11.96165237870750531, -114.5311152454964940 ) ) ;
#2268 = ORIENTED_EDGE ( 'NONE', *, *, #3995, .T. ) ;
#2269 = CARTESIAN_POINT ( 'NONE',  ( 64.13092413889681609, 47.41252419217644132, -293.5298699085478802 ) ) ;
#2270 = CARTESIAN_POINT ( 'NONE',  ( -130.0000000000000284, -9.200256677509923264, -70.56782046499792216 ) ) ;
#2271 = CARTESIAN_POINT ( 'NONE',  ( 2.350721880179935506E-14, -36.88208323745225670, -369.1921061860849704 ) ) ;
#2272 = FACE_OUTER_BOUND ( 'NONE', #510, .T. ) ;
#2273 = CARTESIAN_POINT ( 'NONE',  ( 68.17336506924220885, 7.963224597458997245, 6.076983575326048381 ) ) ;
#2274 = CARTESIAN_POINT ( 'NONE',  ( 54.35262560396082421, -12.82476307850196484, -419.6898321787531927 ) ) ;
#2275 = CARTESIAN_POINT ( 'NONE',  ( 650.0000000000000000, 8.848041154035682254, 2.234863720466158998 ) ) ;
#2276 = CARTESIAN_POINT ( 'NONE',  ( 68.13585009195551834, 20.09637958724356466, -382.6500407595096931 ) ) ;
#2277 = CARTESIAN_POINT ( 'NONE',  ( -655.0000000000000000, -1.753317928467107566E-16, -2.043143630665322785 ) ) ;
#2278 = B_SPLINE_CURVE_WITH_KNOTS ( 'NONE', 3,
 ( #3585, #3608, #261, #2992, #1892, #563, #2336, #909, #4317, #4232, #1314, #1273, #2602 ),
 .UNSPECIFIED., .F., .F.,
 ( 4, 1, 1, 1, 1, 1, 1, 1, 1, 1, 4 ),
 ( 0.000000000000000000, 0.3168749234375783930, 0.5360891197806090247, 0.7210716233239784501, 0.8748528582455298297, 0.9142575676723244671, 0.9375603347243219865, 0.9534890465804235493, 0.9747337880816442368, 0.9873352219761176718, 1.000000000000000000 ),
 .UNSPECIFIED. ) ;
#2279 = CARTESIAN_POINT ( 'NONE',  ( 6.655492332289817059E-15, -36.74476041131417503, -69.49905884951898827 ) ) ;
#2280 = CARTESIAN_POINT ( 'NONE',  ( 49.83620919700543794, -27.27773739793173746, -311.4684344688683382 ) ) ;
#2281 = AXIS2_PLACEMENT_3D ( 'NONE', #467, #2110, #3752 ) ;
#2282 = CARTESIAN_POINT ( 'NONE',  ( 650.0000000000000000, -4.712204861126742195, 78.57181924008365570 ) ) ;
#2283 = CARTESIAN_POINT ( 'NONE',  ( -58.43253382154171760, 30.64869326938083560, -97.05648910841237864 ) ) ;
#2284 = CARTESIAN_POINT ( 'NONE',  ( 103.3176780206461842, 29.94569113069663402, -265.7687506663089607 ) ) ;
#2285 = CARTESIAN_POINT ( 'NONE',  ( -129.9999999999999716, 20.41319750002800504, -99.23481979168825262 ) ) ;
#2286 = CARTESIAN_POINT ( 'NONE',  ( 41.77861452437384315, 0.000000000000000000, -456.9399091819586260 ) ) ;
#2287 = CARTESIAN_POINT ( 'NONE',  ( -650.0000000000001137, -4.656772858757602940, 27.62778761668477046 ) ) ;
#2288 = CARTESIAN_POINT ( 'NONE',  ( -17.95699754727772302, -26.69163357950167281, -4.045716209597019386 ) ) ;
#2289 = MECHANICAL_DESIGN_GEOMETRIC_PRESENTATION_REPRESENTATION (  '', ( #535 ), #3402 ) ;
#2290 = CARTESIAN_POINT ( 'NONE',  ( -31.27747409043504234, -26.51124112770007457, -166.3882550589829634 ) ) ;
#2291 = ORIENTED_EDGE ( 'NONE', *, *, #2047, .T. ) ;
#2292 = CARTESIAN_POINT ( 'NONE',  ( -106.6434590086863352, 32.05574913645461521, -237.3900869960223474 ) ) ;
#2293 = CARTESIAN_POINT ( 'NONE',  ( -129.9999999999999716, -9.136341497577875614, -79.52627407099677725 ) ) ;
#2294 = CARTESIAN_POINT ( 'NONE',  ( -65.90681623410804946, -25.35371276351606795, -310.9298116032920234 ) ) ;
#2295 = ORIENTED_EDGE ( 'NONE', *, *, #1074, .T. ) ;
#2296 = DIRECTION ( 'NONE',  ( -0.2940134050744871996, -5.852594989481019404E-17, 0.9558012961052655410 ) ) ;
#2297 = CARTESIAN_POINT ( 'NONE',  ( 655.0000000000000000, -5.030492278198098077, 44.20262323450449315 ) ) ;
#2298 = EDGE_CURVE ( 'NONE', #1833, #4315, #1759, .T. ) ;
#2299 = CARTESIAN_POINT ( 'NONE',  ( -67.98630588491690219, -13.48361027440238402, -387.7288528107035859 ) ) ;
#2300 = CARTESIAN_POINT ( 'NONE',  ( 17.36862387483456160, -21.02767035150206709, 50.00000000000000000 ) ) ;
#2301 = DIRECTION ( 'NONE',  ( 0.000000000000000000, -1.000000000000000000, 0.000000000000000000 ) ) ;
#2302 = CARTESIAN_POINT ( 'NONE',  ( 130.0000000000000568, -8.158198158922481014, -23.65418080433331838 ) ) ;
#2303 = CARTESIAN_POINT ( 'NONE',  ( 650.0000000000005684, -4.863142927703095530, 48.85613131265898090 ) ) ;
#2304 = CARTESIAN_POINT ( 'NONE',  ( 87.00478387536107050, 16.83994822417219339, -62.43815333079358965 ) ) ;
#2305 = CARTESIAN_POINT ( 'NONE',  ( -129.9999999999999432, 25.82975144747171825, -255.0224722531798704 ) ) ;
#2306 = CARTESIAN_POINT ( 'NONE',  ( -130.0000000000000284, 9.977806796291073255, -48.44146118415924462 ) ) ;
#2307 = CARTESIAN_POINT ( 'NONE',  ( -129.9999999999999716, 0.4382873388059870812, -300.1973819959395655 ) ) ;
#2308 = CARTESIAN_POINT ( 'NONE',  ( -130.0000000000000568, 29.10940593420113487, -171.9783760784620483 ) ) ;
#2309 = CARTESIAN_POINT ( 'NONE',  ( -85.11603420581957380, -6.019608506699364092, 7.752046103421689871 ) ) ;
#2310 = CARTESIAN_POINT ( 'NONE',  ( -105.8254158609838527, -12.27115312523841339, -137.9891078557832031 ) ) ;
#2311 = ORIENTED_EDGE ( 'NONE', *, *, #2563, .F. ) ;
#2312 = CARTESIAN_POINT ( 'NONE',  ( -60.29934839442680783, 45.86545472418320912, -214.1725746244130164 ) ) ;
#2313 = CARTESIAN_POINT ( 'NONE',  ( 49.28813113667920476, 4.295347259924104932, 29.30500200686264023 ) ) ;
#2314 = CARTESIAN_POINT ( 'NONE',  ( 51.39359416492107613, -28.40714021070237294, -350.0536760169219406 ) ) ;
#2315 = CARTESIAN_POINT ( 'NONE',  ( -23.89829432604569703, -8.110464453835271925, 41.98439745538075840 ) ) ;
#2316 = DIRECTION ( 'NONE',  ( 0.000000000000000000, -1.000000000000000000, 0.000000000000000000 ) ) ;
#2317 = CARTESIAN_POINT ( 'NONE',  ( 105.6555415036852708, -4.532454168271270234, 3.957014946927273513 ) ) ;
#2318 = CARTESIAN_POINT ( 'NONE',  ( 41.06907800856716761, -13.54089056644986044, -439.7354703126753748 ) ) ;
#2319 = CARTESIAN_POINT ( 'NONE',  ( 650.0000000000000000, 3.426454217029234695, 137.4199310406134487 ) ) ;
#2320 = LINE ( 'NONE', #1014, #2768 ) ;
#2321 = EDGE_CURVE ( 'NONE', #161, #1624, #3393, .T. ) ;
#2322 = CARTESIAN_POINT ( 'NONE',  ( 129.9999999999998863, -7.679362935569934656, -20.92233369293587941 ) ) ;
#2323 = CARTESIAN_POINT ( 'NONE',  ( -16.05143921963776776, 37.27487268669534615, -72.33234409089523353 ) ) ;
#2324 = CARTESIAN_POINT ( 'NONE',  ( 2.948182876213317760E-14, 49.42775874413556636, -388.4832500570348657 ) ) ;
#2325 = CARTESIAN_POINT ( 'NONE',  ( -129.9999999999999716, 13.98462146217864976, -67.89755020905033689 ) ) ;
#2326 = CARTESIAN_POINT ( 'NONE',  ( -129.9999999999998863, 2.746467907493157501, -300.7987734588918443 ) ) ;
#2327 = CARTESIAN_POINT ( 'NONE',  ( -129.9999999999999432, -8.266057785502670896, -24.73830269821769079 ) ) ;
#2328 = CARTESIAN_POINT ( 'NONE',  ( 37.53286795047171154, -10.04544005628297043, -7.545823084073909115 ) ) ;
#2329 = CARTESIAN_POINT ( 'NONE',  ( 20.47644378568804413, -35.96142880512100248, -236.3613790257591631 ) ) ;
#2330 = ORIENTED_EDGE ( 'NONE', *, *, #98, .T. ) ;
#2331 = CARTESIAN_POINT ( 'NONE',  ( 45.58544396523032560, 52.68112078623681782, -258.5498001222537141 ) ) ;
#2332 = DIRECTION ( 'NONE',  ( 0.000000000000000000, 0.000000000000000000, 1.000000000000000000 ) ) ;
#2333 = CARTESIAN_POINT ( 'NONE',  ( 2.434392314886973507E-14, -32.84988184848879200, -427.1283468915572143 ) ) ;
#2334 = ORIENTED_EDGE ( 'NONE', *, *, #3444, .T. ) ;
#2335 = DIRECTION ( 'NONE',  ( 0.000000000000000000, 0.5399176832049001895, 0.8417178240732775540 ) ) ;
#2336 = CARTESIAN_POINT ( 'NONE',  ( 650.0000000000000000, -3.973513345664787977, 11.88415498105542056 ) ) ;
#2337 = CARTESIAN_POINT ( 'NONE',  ( -655.0000000000000000, -4.760486024848496811, 78.56379940855549648 ) ) ;
#2338 = CARTESIAN_POINT ( 'NONE',  ( -41.21098531172841462, -11.26967512977486940, -443.2782740653681230 ) ) ;
#2339 = CARTESIAN_POINT ( 'NONE',  ( -130.0000000000000000, -8.853451426925673218, -134.8489464766000197 ) ) ;
#2340 = CARTESIAN_POINT ( 'NONE',  ( 3.816391647148975608E-14, 0.000000000000000000, -490.5886635386124226 ) ) ;
#2341 = CARTESIAN_POINT ( 'NONE',  ( -1.228654295793409253E-15, -36.12970027715994803, -56.66937449663407023 ) ) ;
#2342 = B_SPLINE_CURVE_WITH_KNOTS ( 'NONE', 3,
 ( #4246, #3251, #2543, #2894, #1830, #2846 ),
 .UNSPECIFIED., .F., .F.,
 ( 4, 1, 1, 4 ),
 ( 0.8750935797059884447, 0.8906250000000000000, 0.9062500000000001110, 0.9145340778646540159 ),
 .UNSPECIFIED. ) ;
#2343 = CARTESIAN_POINT ( 'NONE',  ( 57.84326203815170686, 22.11797863457495694, -61.76224757433009671 ) ) ;
#2344 = CARTESIAN_POINT ( 'NONE',  ( 50.71792751709347158, 47.46847955267540442, -339.9095039580555522 ) ) ;
#2345 = CARTESIAN_POINT ( 'NONE',  ( -130.0000000000000000, 6.444160179288846990, -29.37185558454150325 ) ) ;
#2346 = CARTESIAN_POINT ( 'NONE',  ( -98.76012629629448725, 0.4457122049340408454, -323.8793693256814095 ) ) ;
#2347 = SURFACE_STYLE_FILL_AREA ( #3722 ) ;
#2348 = CARTESIAN_POINT ( 'NONE',  ( -57.68337988772762515, -8.075650528961004326, 3.095968406072892698 ) ) ;
#2349 = CARTESIAN_POINT ( 'NONE',  ( 62.31497047361996522, -21.87528366271498825, -173.5717009696581101 ) ) ;
#2350 = AXIS2_PLACEMENT_3D ( 'NONE', #1510, #2552, #2853 ) ;
#2351 = DIRECTION ( 'NONE',  ( -1.000000000000000000, -0.000000000000000000, -0.000000000000000000 ) ) ;
#2352 = CARTESIAN_POINT ( 'NONE',  ( 17.55095661339987956, 57.09282625549559498, -260.4024980270934293 ) ) ;
#2353 = EDGE_CURVE ( 'NONE', #2131, #2852, #1156, .T. ) ;
#2354 = FACE_OUTER_BOUND ( 'NONE', #9, .T. ) ;
#2355 = VECTOR ( 'NONE', #1541, 1000.000000000000000 ) ;
#2356 = CARTESIAN_POINT ( 'NONE',  ( -38.37283924850181194, -30.64703801359158675, -367.2103580780714083 ) ) ;
#2357 = ORIENTED_EDGE ( 'NONE', *, *, #4239, .F. ) ;
#2358 = CARTESIAN_POINT ( 'NONE',  ( 23.61447971972303961, 7.351885871347413115, 44.48986738629506021 ) ) ;
#2359 = CARTESIAN_POINT ( 'NONE',  ( 25.00000000000000711, -7.868799009346734152, 49.99999999999999289 ) ) ;
#2360 = CARTESIAN_POINT ( 'NONE',  ( 68.26987265548170569, -7.849430579770290350, -397.4335337341316290 ) ) ;
#2361 = CARTESIAN_POINT ( 'NONE',  ( 129.9999999999997158, 15.44109293396661009, -290.4404288899661424 ) ) ;
#2362 =( LENGTH_UNIT ( ) NAMED_UNIT ( * ) SI_UNIT ( .MILLI., .METRE. ) );
#2363 = CARTESIAN_POINT ( 'NONE',  ( 109.4684557927765525, -10.47224214625281213, -40.80847012971550924 ) ) ;
#2364 = CARTESIAN_POINT ( 'NONE',  ( -86.76124402910160427, 14.22936532465984705, -50.28599204849842863 ) ) ;
#2365 = CARTESIAN_POINT ( 'NONE',  ( -129.9999999999997726, -8.094865814425009631, -260.3610916193331377 ) ) ;
#2366 = CARTESIAN_POINT ( 'NONE',  ( -130.0000000000000000, 11.93551476540857159, -58.09025976713881079 ) ) ;
#2367 = CARTESIAN_POINT ( 'NONE',  ( 130.0000000000001421, 1.339184022845500532, -300.5307938009486861 ) ) ;
#2368 = CARTESIAN_POINT ( 'NONE',  ( -129.9999999999999716, -2.500173553314636088, -0.002433863739441875437 ) ) ;
#2369 = CARTESIAN_POINT ( 'NONE',  ( -38.15582193763801655, -11.73305692326804817, -22.86916374511931949 ) ) ;
#2370 = CARTESIAN_POINT ( 'NONE',  ( 83.81063408903219170, -17.28970035854442955, -150.4085538580149262 ) ) ;
#2371 = ORIENTED_EDGE ( 'NONE', *, *, #1074, .F. ) ;
#2372 = CARTESIAN_POINT ( 'NONE',  ( -110.0361075509837860, 31.39819121378547351, -206.9645464474980656 ) ) ;
#2373 = DIRECTION ( 'NONE',  ( 0.000000000000000000, 0.000000000000000000, -1.000000000000000000 ) ) ;
#2374 = EDGE_CURVE ( 'NONE', #161, #3301, #2183, .T. ) ;
#2375 = CARTESIAN_POINT ( 'NONE',  ( 52.32802514567036667, -27.38223397387093527, -372.8339054360449722 ) ) ;
#2376 = ORIENTED_EDGE ( 'NONE', *, *, #122, .F. ) ;
#2377 = CARTESIAN_POINT ( 'NONE',  ( 130.0000000000000000, 2.426920770987674558, 46.24849529766873246 ) ) ;
#2378 = CARTESIAN_POINT ( 'NONE',  ( -129.9999999999998863, -9.231549438147963471, -61.73735447066977144 ) ) ;
#2379 = CARTESIAN_POINT ( 'NONE',  ( 130.0000000000002274, -8.979508849367599410, -202.4468954342225970 ) ) ;
#2380 = CARTESIAN_POINT ( 'NONE',  ( 23.14675506831455465, -1.152335471769614594, -476.1501196153942033 ) ) ;
#2381 = CARTESIAN_POINT ( 'NONE',  ( 130.0000000000000000, 3.106023750649358650, -6.515892717697534309 ) ) ;
#2382 = CARTESIAN_POINT ( 'NONE',  ( 82.05234005417585763, 0.000000000000000000, -360.0395846282601724 ) ) ;
#2383 = CARTESIAN_POINT ( 'NONE',  ( 18.68114975951541368, -31.41015820229346645, -70.72891816975972290 ) ) ;
#2384 = CARTESIAN_POINT ( 'NONE',  ( -57.02673233829965938, 11.25643755636366095, -17.06176427628256675 ) ) ;
#2385 = CARTESIAN_POINT ( 'NONE',  ( -22.61872741355787042, -27.12106275147322876, -432.6732670769554261 ) ) ;
#2386 = CARTESIAN_POINT ( 'NONE',  ( -130.0000000000000284, 9.983682313699549837, -48.47107050138248496 ) ) ;
#2387 = CARTESIAN_POINT ( 'NONE',  ( -55.10948543668754240, 4.242617403130593878, -431.9340685874362293 ) ) ;
#2388 = FILL_AREA_STYLE_COLOUR ( '', #185 ) ;
#2389 = CARTESIAN_POINT ( 'NONE',  ( 84.92954847484978131, -8.166597351092455881, -14.57058619705319025 ) ) ;
#2390 = CARTESIAN_POINT ( 'NONE',  ( 130.0000000000000853, -8.863031659475456792, -138.3411656570547734 ) ) ;
#2391 = ORIENTED_EDGE ( 'NONE', *, *, #3712, .T. ) ;
#2392 = CARTESIAN_POINT ( 'NONE',  ( 129.9999999999998863, 29.65749434793714556, -192.3822924841692270 ) ) ;
#2393 = CARTESIAN_POINT ( 'NONE',  ( 129.9999999999999716, 20.18002502112749141, -279.1877355776705372 ) ) ;
#2394 = CARTESIAN_POINT ( 'NONE',  ( 95.84327788353651556, 4.401712042692876636, 6.647708984253067221 ) ) ;
#2395 = CARTESIAN_POINT ( 'NONE',  ( -82.58515642837492976, -19.33794755901372397, -299.3736400151739190 ) ) ;
#2396 = ORIENTED_EDGE ( 'NONE', *, *, #2321, .F. ) ;
#2397 = CARTESIAN_POINT ( 'NONE',  ( 85.46236484904882502, 2.531508166415109340, 49.99999999999998579 ) ) ;
#2398 = CARTESIAN_POINT ( 'NONE',  ( 655.0000000000000000, -2.541022349665869928, 1.707494875082272490 ) ) ;
#2399 = CARTESIAN_POINT ( 'NONE',  ( -649.9999999999996589, 13.70633108790438826, 20.90311914613367605 ) ) ;
#2400 = CARTESIAN_POINT ( 'NONE',  ( 41.63670722121248247, -3.216447729779960518, -453.6274791830537652 ) ) ;
#2401 = CARTESIAN_POINT ( 'NONE',  ( 650.0000000000000000, 2.645745404259604694, 156.4114536581937784 ) ) ;
#2402 = CARTESIAN_POINT ( 'NONE',  ( -28.01360611772436116, -20.71786903631943133, -74.06958407269652866 ) ) ;
#2403 = CARTESIAN_POINT ( 'NONE',  ( 130.0000000000002274, 5.081607768895532118, -24.12316318698889361 ) ) ;
#2404 = CARTESIAN_POINT ( 'NONE',  ( 82.45195233482488106, -17.89728439743728927, -315.2673881199036146 ) ) ;
#2405 = DIRECTION ( 'NONE',  ( -0.000000000000000000, 0.5399176832049001895, 0.8417178240732775540 ) ) ;
#2406 = CARTESIAN_POINT ( 'NONE',  ( 82.07878728074173580, 6.927734484477587884, -356.0629164991874518 ) ) ;
#2407 = CARTESIAN_POINT ( 'NONE',  ( -130.0000000000000000, -7.011796500505003138, -278.1647499718656604 ) ) ;
#2408 = CARTESIAN_POINT ( 'NONE',  ( 25.88499657030433454, -14.87580720088088349, -13.98113659469694348 ) ) ;
#2409 = CARTESIAN_POINT ( 'NONE',  ( -35.44008831650084801, -29.47509441825918231, -284.1207937606199607 ) ) ;
#2410 = CARTESIAN_POINT ( 'NONE',  ( -649.9999999999992042, -4.771309895478064611, 63.28938723049040505 ) ) ;
#2411 = CARTESIAN_POINT ( 'NONE',  ( -16.13787275863083082, 53.62510182830181549, -205.9151238175753065 ) ) ;
#2412 = CARTESIAN_POINT ( 'NONE',  ( -22.65678185164407310, 26.35432817890536228, -439.3320247003425152 ) ) ;
#2413 = SURFACE_STYLE_FILL_AREA ( #2149 ) ;
#2414 = CARTESIAN_POINT ( 'NONE',  ( -650.0000000000003411, 15.93427308426123545, 44.46099126754911879 ) ) ;
#2415 = CARTESIAN_POINT ( 'NONE',  ( 1.358734564291380467E-14, -39.90179324754303281, -163.6288346082363603 ) ) ;
#2416 = ORIENTED_EDGE ( 'NONE', *, *, #1448, .F. ) ;
#2417 = CARTESIAN_POINT ( 'NONE',  ( -17.36862387483457937, 21.02767035150204222, 50.00000000000000000 ) ) ;
#2418 = CLOSED_SHELL ( 'NONE', ( #1423, #4180, #1267, #3013, #492, #870 ) ) ;
#2419 = CARTESIAN_POINT ( 'NONE',  ( -129.9999999999998579, -6.805084976091719362, -17.74748512309149007 ) ) ;
#2420 = CARTESIAN_POINT ( 'NONE',  ( 650.0000000000002274, -2.812409971370488648, 4.153640095271645905 ) ) ;
#2421 = CARTESIAN_POINT ( 'NONE',  ( 98.87052144574272461, -2.473274540319623238, -321.7525092808856471 ) ) ;
#2422 = CARTESIAN_POINT ( 'NONE',  ( -130.0000000000000000, -8.876362500096485419, -140.6627933384177993 ) ) ;
#2423 = CARTESIAN_POINT ( 'NONE',  ( 40.23233522819219132, -17.27560633776584353, -74.08746911442834460 ) ) ;
#2424 = EDGE_CURVE ( 'NONE', #2196, #1860, #2161, .T. ) ;
#2425 = CARTESIAN_POINT ( 'NONE',  ( 113.0063476692824906, 8.246680592882638550, -37.63065850170079329 ) ) ;
#2426 = CARTESIAN_POINT ( 'NONE',  ( -53.10671762962819287, -24.24205940510008261, -391.3511002128089444 ) ) ;
#2427 = B_SPLINE_CURVE_WITH_KNOTS ( 'NONE', 3,
 ( #4015, #1297, #2975, #2689, #2031, #994, #677, #2340, #1614, #3716, #1034, #1691, #2382, #3975, #3035 ),
 .UNSPECIFIED., .F., .F.,
 ( 4, 1, 1, 1, 1, 1, 1, 1, 1, 1, 1, 1, 4 ),
 ( 0.000000000000000000, 0.1925092555762236979, 0.2887638833643355607, 0.3380068029285605014, 0.3963383804892443019, 0.4247020925899207544, 0.5000000000000000000, 0.5752979074100792456, 0.6036616195107555871, 0.6619931970714391101, 0.7112361166356643283, 0.8074907444237761078, 1.000000000000000000 ),
 .UNSPECIFIED. ) ;
#2428 = CARTESIAN_POINT ( 'NONE',  ( -130.0000000000000284, 29.65332454770119952, -194.7536440324306284 ) ) ;
#2429 = CARTESIAN_POINT ( 'NONE',  ( 82.06173638250528768, 4.202788770564976240, -358.0747408614857363 ) ) ;
#2430 = FACE_OUTER_BOUND ( 'NONE', #3005, .T. ) ;
#2431 = CARTESIAN_POINT ( 'NONE',  ( 38.15582193763798813, -11.73305692326804817, -22.86916374511934080 ) ) ;
#2432 = CARTESIAN_POINT ( 'NONE',  ( 1.657536549117536824E-14, -39.42212049464453827, -274.9582915469237605 ) ) ;
#2433 = CARTESIAN_POINT ( 'NONE',  ( 130.0000000000000000, 16.38521706740851513, -292.0777583804543269 ) ) ;
#2434 = CARTESIAN_POINT ( 'NONE',  ( 87.81957720392534839, 34.43850135248872846, -177.8496178127251994 ) ) ;
#2435 = CARTESIAN_POINT ( 'NONE',  ( 130.0000000000001137, 19.37906185719241492, -281.6197276976487274 ) ) ;
#2436 =( LENGTH_UNIT ( ) NAMED_UNIT ( * ) SI_UNIT ( .MILLI., .METRE. ) );
#2437 = CARTESIAN_POINT ( 'NONE',  ( -130.0000000000000000, 0.000000000000000000, -300.0000000000000000 ) ) ;
#2438 = CARTESIAN_POINT ( 'NONE',  ( 19.54108051154764070, -35.11325773336824341, -150.0383456621712241 ) ) ;
#2439 = VERTEX_POINT ( 'NONE', #2837 ) ;
#2440 = CARTESIAN_POINT ( 'NONE',  ( -130.0000000000000000, -8.945809294844092818, -34.69190231811509761 ) ) ;
#2441 = CARTESIAN_POINT ( 'NONE',  ( 130.0000000000000000, -4.245936128907584539, -297.2971235733646722 ) ) ;
#2442 = CARTESIAN_POINT ( 'NONE',  ( 130.0000000000000568, -2.085892429219001976, 24.40799800510299988 ) ) ;
#2443 = CARTESIAN_POINT ( 'NONE',  ( -28.37136293171294810, -6.222779234854971975, 46.64985885444225744 ) ) ;
#2444 = CARTESIAN_POINT ( 'NONE',  ( -68.52193200709487542, -1.047251233556475203, -405.5232985243457051 ) ) ;
#2445 = CARTESIAN_POINT ( 'NONE',  ( 650.0000000000009095, 15.40563650848098831, 33.87739249011240616 ) ) ;
#2446 = CARTESIAN_POINT ( 'NONE',  ( 84.63649946904041599, -13.19528524065200337, -49.97868297110039748 ) ) ;
#2447 = CARTESIAN_POINT ( 'NONE',  ( -112.9603409593848653, 4.777557059375235227, -14.21221565010919363 ) ) ;
#2448 = CARTESIAN_POINT ( 'NONE',  ( -82.42531151611517259, -17.44100863308000982, -318.4167542937395865 ) ) ;
#2449 = CARTESIAN_POINT ( 'NONE',  ( -130.0000000000000284, 28.12898381179351759, -155.8943579256344094 ) ) ;
#2450 = CARTESIAN_POINT ( 'NONE',  ( 129.9999999999997442, 8.475152473550430443, -299.0843855603405927 ) ) ;
#2451 = ADVANCED_FACE ( 'NONE', ( #2513 ), #3213, .T. ) ;
#2452 = DIRECTION ( 'NONE',  ( -0.000000000000000000, -1.000000000000000000, -0.000000000000000000 ) ) ;
#2453 = CARTESIAN_POINT ( 'NONE',  ( 84.98283011226966721, -7.347200828547798324, -8.185369371464689792 ) ) ;
#2454 = CARTESIAN_POINT ( 'NONE',  ( 47.03291625475720394, -26.28338676402352547, -242.1767072047424563 ) ) ;
#2455 = CARTESIAN_POINT ( 'NONE',  ( 650.0000000000000000, -2.662967972850617038, 159.1197200705490218 ) ) ;
#2456 = CARTESIAN_POINT ( 'NONE',  ( 30.53976655616852298, 51.38497505080693628, -203.6746930501934969 ) ) ;
#2457 = CARTESIAN_POINT ( 'NONE',  ( 99.53262251520982318, 18.50128778569874655, -306.9133637896869686 ) ) ;
#2458 = DIRECTION ( 'NONE',  ( -1.000000000000000000, 0.000000000000000000, 0.000000000000000000 ) ) ;
#2459 = CARTESIAN_POINT ( 'NONE',  ( -129.9999999999997726, 18.01225271040564380, -285.2541657737076548 ) ) ;
#2460 = CARTESIAN_POINT ( 'NONE',  ( 84.18360555097132192, -15.97901650311760946, -105.1567381373451298 ) ) ;
#2461 = ORIENTED_EDGE ( 'NONE', *, *, #3550, .T. ) ;
#2462 = CARTESIAN_POINT ( 'NONE',  ( -129.9999999999999716, -8.816346458827107213, -30.95699541345382855 ) ) ;
#2463 = DIRECTION ( 'NONE',  ( 0.000000000000000000, -1.000000000000000000, 0.000000000000000000 ) ) ;
#2464 = DIRECTION ( 'NONE',  ( -0.000000000000000000, 0.000000000000000000, -1.000000000000000000 ) ) ;
#2465 = CARTESIAN_POINT ( 'NONE',  ( -130.0000000000000000, -8.905862598762482207, -147.5725203699803956 ) ) ;
#2466 = CARTESIAN_POINT ( 'NONE',  ( -108.9164800455352804, -10.83008048733094952, -55.66544949645072649 ) ) ;
#2467 = CARTESIAN_POINT ( 'NONE',  ( 16.89793235396891191, 28.91791695795198081, -18.30641268631513441 ) ) ;
#2468 = CARTESIAN_POINT ( 'NONE',  ( -99.97447294022526876, -10.73651364213176329, -293.7687120887234755 ) ) ;
#2469 = CARTESIAN_POINT ( 'NONE',  ( -130.0000000000000568, 29.66046770032466640, -201.1141874128702796 ) ) ;
#2470 = CARTESIAN_POINT ( 'NONE',  ( -82.09423392779964956, 8.634689852807854393, -354.5033616143031736 ) ) ;
#2471 = CARTESIAN_POINT ( 'NONE',  ( -650.0000000000012506, 6.819605414966197543, 0.7794529595290836665 ) ) ;
#2472 = CARTESIAN_POINT ( 'NONE',  ( 84.84962601872031485, -9.953289812295967209, -24.13205946559964588 ) ) ;
#2473 = CARTESIAN_POINT ( 'NONE',  ( 129.9999999999999432, -8.951228854442620175, -178.6926872030599327 ) ) ;
#2474 = CARTESIAN_POINT ( 'NONE',  ( 129.9999999999998579, -6.805084976091719362, -17.74748512309149007 ) ) ;
#2475 = CARTESIAN_POINT ( 'NONE',  ( 42.42620608171296226, 48.84822276117570539, -201.3182806796655200 ) ) ;
#2476 = CARTESIAN_POINT ( 'NONE',  ( -40.97048317150976970, 25.86203400624112447, -420.8584863575807731 ) ) ;
#2477 = CARTESIAN_POINT ( 'NONE',  ( -45.23897725290935057, 4.092612573917980612, 32.22721662715073876 ) ) ;
#2478 = DIRECTION ( 'NONE',  ( 0.000000000000000000, -1.000000000000000000, 0.000000000000000000 ) ) ;
#2479 = CARTESIAN_POINT ( 'NONE',  ( 60.61356985023078181, -19.04417413715230722, -108.5942974373751042 ) ) ;
#2480 = EDGE_CURVE ( 'NONE', #1311, #4315, #3167, .T. ) ;
#2481 = VERTEX_POINT ( 'NONE', #1897 ) ;
#2482 = CARTESIAN_POINT ( 'NONE',  ( -129.9999999999999716, -8.828477517487918647, -31.21401320339308683 ) ) ;
#2483 = AXIS2_PLACEMENT_3D ( 'NONE', #1838, #1117, #2464 ) ;
#2484 = ORIENTED_EDGE ( 'NONE', *, *, #4293, .F. ) ;
#2485 = CARTESIAN_POINT ( 'NONE',  ( -54.55536902416744027, -5.569030612768841593, 25.74980610098394607 ) ) ;
#2486 = DIRECTION ( 'NONE',  ( 0.000000000000000000, -0.8944271909999158554, -0.4472135954999578167 ) ) ;
#2487 = CARTESIAN_POINT ( 'NONE',  ( -130.0000000000000000, -8.971559802932205230, -183.7810843408570634 ) ) ;
#2488 = VECTOR ( 'NONE', #1145, 1000.000000000000000 ) ;
#2489 = CARTESIAN_POINT ( 'NONE',  ( -84.45001373807096456, -14.45621122928060842, -72.75338674076506607 ) ) ;
#2490 = CARTESIAN_POINT ( 'NONE',  ( -56.47286254189669563, 3.522019163628948402, 35.21225477866884290 ) ) ;
#2491 = CARTESIAN_POINT ( 'NONE',  ( -53.57393312000302643, -21.03959952987080584, -402.1966798015035351 ) ) ;
#2492 = LINE ( 'NONE', #1082, #4158 ) ;
#2493 = CARTESIAN_POINT ( 'NONE',  ( 54.66953088919519388, 18.48255949274282983, -413.4233036919869733 ) ) ;
#2494 = CARTESIAN_POINT ( 'NONE',  ( -650.0000000000000000, -1.753317928467107566E-16, -2.043143630665322785 ) ) ;
#2495 = CARTESIAN_POINT ( 'NONE',  ( 84.90290765614011548, -8.716887656857373656, -17.75708998187892718 ) ) ;
#2496 = CARTESIAN_POINT ( 'NONE',  ( -20.98938493602303978, -35.81826908806984733, -283.6653138257170781 ) ) ;
#2497 = CARTESIAN_POINT ( 'NONE',  ( 129.9999999999998863, -8.966549273659961017, -35.35938572255933110 ) ) ;
#2498 = CARTESIAN_POINT ( 'NONE',  ( 29.43035237904954826, 44.93235744177405167, -144.5063613873018653 ) ) ;
#2499 = CARTESIAN_POINT ( 'NONE',  ( 52.95699902677074533, 36.83338997432332462, -377.2738785496925971 ) ) ;
#2500 =( NAMED_UNIT ( * ) SI_UNIT ( $, .STERADIAN. ) SOLID_ANGLE_UNIT ( ) );
#2501 = CARTESIAN_POINT ( 'NONE',  ( -649.9999999999985221, 8.692884585785762397, 118.0729019719696566 ) ) ;
#2502 = CARTESIAN_POINT ( 'NONE',  ( 60.99165887765061456, -19.89283203832073710, -123.0383646369395763 ) ) ;
#2503 = ORIENTED_EDGE ( 'NONE', *, *, #2646, .F. ) ;
#2504 = CARTESIAN_POINT ( 'NONE',  ( -130.0000000000000000, -8.961037531601977690, -35.32830009090127987 ) ) ;
#2505 = EDGE_CURVE ( 'NONE', #4201, #4315, #215, .T. ) ;
#2506 = CARTESIAN_POINT ( 'NONE',  ( -650.0000000000000000, 4.691082399356535149, 138.8800127147841863 ) ) ;
#2507 = CARTESIAN_POINT ( 'NONE',  ( -129.9999999999999432, -8.268814937514772367, -24.76157651710975927 ) ) ;
#2508 = CARTESIAN_POINT ( 'NONE',  ( -130.0000000000000284, -8.973740510472016041, -188.1276078120845625 ) ) ;
#2509 = CARTESIAN_POINT ( 'NONE',  ( -41.73780736384404122, -20.30000708250973318, -111.3090185864885058 ) ) ;
#2510 = B_SPLINE_SURFACE_WITH_KNOTS ( 'NONE', 3, 1, ( 
 ( #2437, #3113 ),
 ( #1726, #139 ),
 ( #3090, #3069 ),
 ( #1481, #1393 ),
 ( #420, #72 ),
 ( #3669, #3156 ),
 ( #1131, #2825 ),
 ( #4113, #3768 ),
 ( #4134, #3809 ),
 ( #771, #1112 ),
 ( #4068, #4153 ),
 ( #2459, #2085 ),
 ( #1461, #3790 ),
 ( #1152, #2107 ),
 ( #1809, #3485 ),
 ( #3464, #2740 ),
 ( #792, #1069 ),
 ( #811, #400 ),
 ( #2150, #2806 ),
 ( #159, #3136 ),
 ( #117, #3349 ),
 ( #484, #673 ),
 ( #2008, #2414 ),
 ( #3442, #3748 ),
 ( #3422, #1746 ),
 ( #92, #462 ),
 ( #441, #1414 ),
 ( #1790, #4090 ),
 ( #1090, #1767 ),
 ( #1438, #2785 ),
 ( #3175, #1502 ),
 ( #1601, #3276 ),
 ( #275, #1856 ),
 ( #3875, #2870 ),
 ( #2942, #3899 ),
 ( #4269, #2501 ),
 ( #3828, #1930 ),
 ( #831, #3552 ),
 ( #2170, #4197 ),
 ( #1219, #876 ),
 ( #3504, #504 ) ),
 .UNSPECIFIED., .F., .F., .F.,
 ( 4, 1, 1, 1, 1, 1, 1, 1, 1, 1, 1, 1, 1, 1, 1, 1, 1, 1, 1, 1, 1, 1, 1, 1, 1, 1, 1, 1, 1, 1, 1, 1, 1, 1, 1, 1, 1, 1, 4 ),
 ( 2, 2 ),
 ( 0.000000000000000000, 0.007812500000000000000, 0.01562500000000000000, 0.02343750000000000000, 0.03125000000000000000, 0.03906250000000000000, 0.04687500000000000000, 0.05468750000000000000, 0.06250000000000000000, 0.07031250000000000000, 0.07812500000000000000, 0.09375000000000000000, 0.1093750000000000000, 0.1250000000000000000, 0.1406250000000000000, 0.1562500000000000000, 0.1718750000000000000, 0.1875000000000000000, 0.2187500000000000000, 0.2500000000000000000, 0.2812500000000000000, 0.3125000000000000000, 0.3437500000000000000, 0.3750000000000000000, 0.4062500000000000000, 0.4375000000000000000, 0.4687500000000000000, 0.5000000000000000000, 0.5312500000000000000, 0.5625000000000000000, 0.5937500000000000000, 0.6250000000000000000, 0.6562500000000000000, 0.6875000000000000000, 0.7500000000000000000, 0.8125000000000000000, 0.8750000000000000000, 0.9375000000000000000, 1.000000000000000000 ),
 ( 0.000000000000000000, 1.000000000000000000 ),
 .UNSPECIFIED. ) ;
#2511 = CARTESIAN_POINT ( 'NONE',  ( 35.24347223997163070, 3.868378016552844745, 34.64500155190338404 ) ) ;
#2512 = CARTESIAN_POINT ( 'NONE',  ( 99.97447294022548192, -10.73651364213177928, -293.7687120887234187 ) ) ;
#2513 = FACE_OUTER_BOUND ( 'NONE', #1375, .T. ) ;
#2514 = CARTESIAN_POINT ( 'NONE',  ( 41.64257562561713399, 11.09661798343552164, -443.8996305631324617 ) ) ;
#2515 = CARTESIAN_POINT ( 'NONE',  ( -649.9999999999995453, -4.389676193718264230, 147.3571413200975542 ) ) ;
#2516 = CARTESIAN_POINT ( 'NONE',  ( 58.53408019942200724, -11.82428471191898112, -29.14998647309350943 ) ) ;
#2517 = CARTESIAN_POINT ( 'NONE',  ( -64.77254915184865069, -24.24942247740263923, -267.4587461961458530 ) ) ;
#2518 = CARTESIAN_POINT ( 'NONE',  ( 649.9999999999997726, -4.643783609187643435, 144.8276695941491710 ) ) ;
#2519 = CARTESIAN_POINT ( 'NONE',  ( -113.1497885291447290, 22.70366338382600446, -113.3336686403447686 ) ) ;
#2520 = CARTESIAN_POINT ( 'NONE',  ( 129.9999999999998863, 20.90640642982213748, -276.7507542457532281 ) ) ;
#2521 = CARTESIAN_POINT ( 'NONE',  ( -130.0000000000000284, 16.39105328059638111, -79.33802455290538092 ) ) ;
#2522 = DIRECTION ( 'NONE',  ( 0.000000000000000000, 0.000000000000000000, 1.000000000000000000 ) ) ;
#2523 = CARTESIAN_POINT ( 'NONE',  ( -650.0000000000004547, -5.417466416099039783, 132.1425275383831490 ) ) ;
#2524 = CARTESIAN_POINT ( 'NONE',  ( -111.6763587817421808, -3.423352756031821542, 17.09563831399864853 ) ) ;
#2525 = CARTESIAN_POINT ( 'NONE',  ( 130.0000000000000000, -8.781052871370604862, -109.1472738373411033 ) ) ;
#2526 = ORIENTED_EDGE ( 'NONE', *, *, #2906, .F. ) ;
#2527 = CARTESIAN_POINT ( 'NONE',  ( 47.49734520865339249, 52.81376452060588633, -289.0985607875995811 ) ) ;
#2528 = CARTESIAN_POINT ( 'NONE',  ( -130.0000000000000000, -8.884891995180977275, -107.2797887459063446 ) ) ;
#2529 = CARTESIAN_POINT ( 'NONE',  ( -2.166866426686165235E-15, -27.88542771651253815, 50.00000000000000711 ) ) ;
#2530 = CARTESIAN_POINT ( 'NONE',  ( 130.0000000000000000, 0.000000000000000000, -300.0000000000000000 ) ) ;
#2531 = CARTESIAN_POINT ( 'NONE',  ( -650.0000000000005684, -5.322052703166394672, 134.6840678185083675 ) ) ;
#2532 = CARTESIAN_POINT ( 'NONE',  ( 41.11485337667770779, -19.11189900967364608, -95.91041524697892839 ) ) ;
#2533 = CARTESIAN_POINT ( 'NONE',  ( -112.9021028583364767, 2.587878216661640973, 25.47573219146363144 ) ) ;
#2534 = CARTESIAN_POINT ( 'NONE',  ( 67.79726137120700002, -16.55322949076236938, -381.1469889755223335 ) ) ;
#2535 = DIRECTION ( 'NONE',  ( -1.000000000000000000, -0.000000000000000000, -0.000000000000000000 ) ) ;
#2536 = CARTESIAN_POINT ( 'NONE',  ( 68.23056721623572685, 17.92552020176968597, -386.0400837861437253 ) ) ;
#2537 = CARTESIAN_POINT ( 'NONE',  ( -655.0000000000000000, -5.030492278198098077, 44.20262323450449315 ) ) ;
#2538 = CARTESIAN_POINT ( 'NONE',  ( 5.395155366721820602E-15, -35.91852148401569167, -52.39302933725482347 ) ) ;
#2539 = CARTESIAN_POINT ( 'NONE',  ( -21.44198006867159023, -34.81638368557118923, -325.3960445811599698 ) ) ;
#2540 = CARTESIAN_POINT ( 'NONE',  ( -130.0000000000000000, -8.817824135439590094, -122.1342141468993674 ) ) ;
#2541 = CARTESIAN_POINT ( 'NONE',  ( 113.1753632560969436, 27.50959897610585259, -154.2034531926993566 ) ) ;
#2542 = CARTESIAN_POINT ( 'NONE',  ( 82.69440721142473194, 26.20145695832315624, -325.7614173343953325 ) ) ;
#2543 = CARTESIAN_POINT ( 'NONE',  ( -649.9999999999992042, -4.135427596569544839, 14.89120449937323265 ) ) ;
#2544 = CARTESIAN_POINT ( 'NONE',  ( -650.0000000000003411, -4.502784281943032596, 22.53906048993645683 ) ) ;
#2545 = CARTESIAN_POINT ( 'NONE',  ( -36.39078564066688415, -6.692457749266790046, 20.51681733692468157 ) ) ;
#2546 = CARTESIAN_POINT ( 'NONE',  ( 31.27747409043506011, -26.51124112770009233, -166.3882550589829066 ) ) ;
#2547 = ORIENTED_EDGE ( 'NONE', *, *, #1000, .T. ) ;
#2548 = CARTESIAN_POINT ( 'NONE',  ( -62.31521473759951846, 48.28323599138008859, -257.5320509269585614 ) ) ;
#2549 = CARTESIAN_POINT ( 'NONE',  ( -130.0000000000000000, -9.212953439000354905, -53.53262110785225758 ) ) ;
#2550 = B_SPLINE_SURFACE_WITH_KNOTS ( 'NONE', 3, 1, ( 
 ( #956, #1338 ),
 ( #3352, #1945 ),
 ( #3672, #2627 ),
 ( #2953, #348 ),
 ( #1672, #1989 ),
 ( #3955, #2030 ),
 ( #3015, #4014 ),
 ( #655, #1013 ),
 ( #1690, #1967 ),
 ( #2361, #1613 ),
 ( #3614, #3370 ),
 ( #3934, #2605 ),
 ( #4280, #3034 ),
 ( #1655, #37 ),
 ( #934, #3974 ),
 ( #974, #3329 ),
 ( #3288, #286 ),
 ( #1277, #2995 ),
 ( #3309, #306 ),
 ( #4321, #448 ),
 ( #715, #2445 ),
 ( #407, #2050 ),
 ( #1424, #1055 ),
 ( #1733, #4099 ),
 ( #3473, #2729 ),
 ( #79, #3388 ),
 ( #59, #1401 ),
 ( #3451, #1796 ),
 ( #1118, #102 ),
 ( #3077, #3142 ),
 ( #3715, #3429 ),
 ( #385, #428 ),
 ( #1754, #3099 ),
 ( #471, #2136 ),
 ( #1359, #734 ),
 ( #4055, #2709 ),
 ( #1033, #798 ),
 ( #1077, #3736 ),
 ( #1380, #2748 ),
 ( #2381, #2401 ),
 ( #125, #1098 ) ),
 .UNSPECIFIED., .F., .F., .F.,
 ( 4, 1, 1, 1, 1, 1, 1, 1, 1, 1, 1, 1, 1, 1, 1, 1, 1, 1, 1, 1, 1, 1, 1, 1, 1, 1, 1, 1, 1, 1, 1, 1, 1, 1, 1, 1, 1, 1, 4 ),
 ( 2, 2 ),
 ( 0.000000000000000000, 0.007812500000000000000, 0.01562500000000000000, 0.02343750000000000000, 0.03125000000000000000, 0.03906250000000000000, 0.04687500000000000000, 0.05468750000000000000, 0.06250000000000000000, 0.07031250000000000000, 0.07812500000000000000, 0.09375000000000000000, 0.1093750000000000000, 0.1250000000000000000, 0.1406250000000000000, 0.1562500000000000000, 0.1718750000000000000, 0.1875000000000000000, 0.2187500000000000000, 0.2500000000000000000, 0.2812500000000000000, 0.3125000000000000000, 0.3437500000000000000, 0.3750000000000000000, 0.4062500000000000000, 0.4375000000000000000, 0.4687500000000000000, 0.5000000000000000000, 0.5312500000000000000, 0.5625000000000000000, 0.5937500000000000000, 0.6250000000000000000, 0.6562500000000000000, 0.6875000000000000000, 0.7500000000000000000, 0.8125000000000000000, 0.8750000000000000000, 0.9375000000000000000, 1.000000000000000000 ),
 ( 0.000000000000000000, 1.000000000000000000 ),
 .UNSPECIFIED. ) ;
#2551 = CARTESIAN_POINT ( 'NONE',  ( 21.89457520132019042, -34.71992384997034975, -367.2942612904270732 ) ) ;
#2552 = DIRECTION ( 'NONE',  ( 1.000000000000000000, 0.000000000000000000, 0.000000000000000000 ) ) ;
#2553 = CARTESIAN_POINT ( 'NONE',  ( -129.9999999999999716, -2.500173553314636088, -0.002433863739441875437 ) ) ;
#2554 = CARTESIAN_POINT ( 'NONE',  ( -650.0000000000000000, 97.50000000000000000, 209.9568563693341332 ) ) ;
#2555 = CARTESIAN_POINT ( 'NONE',  ( -84.39673210065086550, -14.79446772209983862, -79.24436901717017179 ) ) ;
#2556 = VECTOR ( 'NONE', #2791, 1000.000000000000000 ) ;
#2557 = CARTESIAN_POINT ( 'NONE',  ( -24.13699952895939660, 12.12656910824738965, 7.814767007473130356 ) ) ;
#2558 = CARTESIAN_POINT ( 'NONE',  ( -129.9999999999999147, -6.202876248658792946, -282.2854226817591439 ) ) ;
#2559 = CARTESIAN_POINT ( 'NONE',  ( -649.9999999999997726, -3.973513345664787977, 11.88415498105542056 ) ) ;
#2560 = CARTESIAN_POINT ( 'NONE',  ( -54.97753102266121772, 11.02544649462914883, -423.9564019080662547 ) ) ;
#2561 = PRESENTATION_LAYER_ASSIGNMENT (  '', '', ( #2703 ) ) ;
#2562 = CARTESIAN_POINT ( 'NONE',  ( -650.0000000000000000, -4.806817352304094904, 142.9051601418954647 ) ) ;
#2563 = EDGE_CURVE ( 'NONE', #3985, #3709, #822, .T. ) ;
#2564 = CARTESIAN_POINT ( 'NONE',  ( -110.5724072872596651, -5.768768501029031270, -11.60278116827337236 ) ) ;
#2565 = CARTESIAN_POINT ( 'NONE',  ( 48.90177821625602661, -26.83703159906615454, -288.3326006341901575 ) ) ;
#2566 = CARTESIAN_POINT ( 'NONE',  ( 650.0000000000006821, -3.954865763509386234, 12.34764579996642730 ) ) ;
#2567 = CARTESIAN_POINT ( 'NONE',  ( -113.1753632560969436, 26.74422347094776597, -145.8985430817259612 ) ) ;
#2568 = CARTESIAN_POINT ( 'NONE',  ( -21.67716146932545485, 42.64267860922222297, -400.7374691718561621 ) ) ;
#2569 = CARTESIAN_POINT ( 'NONE',  ( -130.0000000000000568, 17.91454697921233219, -86.68942064342702736 ) ) ;
#2570 = FACE_OUTER_BOUND ( 'NONE', #4093, .T. ) ;
#2571 = CARTESIAN_POINT ( 'NONE',  ( -650.0000000000009095, -5.092040414051684394, 98.98529310080689925 ) ) ;
#2572 = CARTESIAN_POINT ( 'NONE',  ( 85.16931584323954496, -5.504644381044218271, 14.11862860336609593 ) ) ;
#2573 = CARTESIAN_POINT ( 'NONE',  ( 9.169125670142570781E-15, -39.81363074185110662, -197.8798415510819666 ) ) ;
#2574 = ORIENTED_EDGE ( 'NONE', *, *, #3091, .T. ) ;
#2575 = CARTESIAN_POINT ( 'NONE',  ( -35.02565866364955838, 55.23207753358219918, -298.5859562966078897 ) ) ;
#2576 = CARTESIAN_POINT ( 'NONE',  ( -130.0000000000000284, -9.136562376977805044, -79.50019228683291317 ) ) ;
#2577 = CARTESIAN_POINT ( 'NONE',  ( 38.08902464217915451, -30.62344289195462821, -359.1996034285843962 ) ) ;
#2578 = CARTESIAN_POINT ( 'NONE',  ( -23.70908458849724809, -7.330316832741160304, 47.32691302902253483 ) ) ;
#2579 = CARTESIAN_POINT ( 'NONE',  ( 130.0000000000000000, -2.499971983464750913, -1.126675055215588883E-15 ) ) ;
#2580 = DIRECTION ( 'NONE',  ( -5.337610695313252124E-17, 0.000000000000000000, 1.000000000000000000 ) ) ;
#2581 = CARTESIAN_POINT ( 'NONE',  ( -17.35359181029595277, 22.40596775075122338, 34.11531779054519120 ) ) ;
#2582 = CARTESIAN_POINT ( 'NONE',  ( 130.0000000000001421, -5.308724525222125123, -287.7209577341293993 ) ) ;
#2583 = CARTESIAN_POINT ( 'NONE',  ( -655.0000000000000000, -1.753317928467107566E-16, -2.043143630665322785 ) ) ;
#2584 = CARTESIAN_POINT ( 'NONE',  ( 3.202393345552094310E-14, 16.54807549796467114, -468.6024368597347802 ) ) ;
#2585 = CARTESIAN_POINT ( 'NONE',  ( -655.0000000000000000, -4.458943618638788742, 74.54809306092938925 ) ) ;
#2586 = CARTESIAN_POINT ( 'NONE',  ( -27.58788420824035725, -19.70519898162738315, -62.02818922919045264 ) ) ;
#2587 = CARTESIAN_POINT ( 'NONE',  ( -102.5135613775356376, -13.03089321389128230, -226.3358480662872694 ) ) ;
#2588 = CARTESIAN_POINT ( 'NONE',  ( 649.9999999999997726, -4.859320796605738124, 42.90932284850406120 ) ) ;
#2589 = CARTESIAN_POINT ( 'NONE',  ( -113.1639658234335570, 24.46260550733703454, -125.5991428414170485 ) ) ;
#2590 = CARTESIAN_POINT ( 'NONE',  ( -66.29333395737117485, 39.83695611934881242, -337.0665616022423023 ) ) ;
#2591 = CARTESIAN_POINT ( 'NONE',  ( -130.0000000000000284, 15.09601845254169206, -73.17340067639565859 ) ) ;
#2592 = CARTESIAN_POINT ( 'NONE',  ( 650.0000000000000000, -2.541022349665869928, 1.707494875082272490 ) ) ;
#2593 = CARTESIAN_POINT ( 'NONE',  ( -649.9999999999987494, -4.847413472381434829, 53.10225853387641592 ) ) ;
#2594 = CARTESIAN_POINT ( 'NONE',  ( 129.9999999999999432, -2.077689709661918460, 21.72280003158305206 ) ) ;
#2595 = CARTESIAN_POINT ( 'NONE',  ( 130.0000000000000568, -8.738101039745558296, -92.73461728397407455 ) ) ;
#2596 = VERTEX_POINT ( 'NONE', #1492 ) ;
#2597 = CARTESIAN_POINT ( 'NONE',  ( -84.77461679627518265, 39.05663214666447658, -268.3599117295778456 ) ) ;
#2598 = CARTESIAN_POINT ( 'NONE',  ( -130.0000000000000284, -9.093298578815510069, -84.34823422053514719 ) ) ;
#2599 = CARTESIAN_POINT ( 'NONE',  ( 21.71353714826075532, -34.63540505498521327, -350.5206492979065729 ) ) ;
#2600 = ORIENTED_EDGE ( 'NONE', *, *, #3517, .T. ) ;
#2601 = CARTESIAN_POINT ( 'NONE',  ( -650.0000000000011369, 6.585861870703388021, 128.4612624807222119 ) ) ;
#2602 = CARTESIAN_POINT ( 'NONE',  ( 650.0000000000000000, -1.753317928467107566E-16, -2.043143630665322785 ) ) ;
#2603 = CARTESIAN_POINT ( 'NONE',  ( -650.0000000000000000, 97.50000000000000000, 209.9568563693341332 ) ) ;
#2604 = CARTESIAN_POINT ( 'NONE',  ( 129.9999999999999432, -4.943572655350513045, -290.5132521325556354 ) ) ;
#2605 = CARTESIAN_POINT ( 'NONE',  ( 650.0000000000007958, 9.720310308854706705, 5.904694971555132454 ) ) ;
#2606 = CARTESIAN_POINT ( 'NONE',  ( 22.83165097867182070, 21.52997303534530715, -447.8637636709364642 ) ) ;
#2607 = PLANE ( 'NONE',  #327 ) ;
#2608 = CARTESIAN_POINT ( 'NONE',  ( -84.74306274388017357, -12.15802227044956751, -36.96882399970308342 ) ) ;
#2609 = CARTESIAN_POINT ( 'NONE',  ( 64.96159366555851022, -24.34026741626549395, -274.6898732705921589 ) ) ;
#2610 = CARTESIAN_POINT ( 'NONE',  ( 649.9999999999992042, -4.135788785330901440, 14.89629253376292972 ) ) ;
#2611 = CARTESIAN_POINT ( 'NONE',  ( -129.9999999999996021, 12.79742621928022039, -63.68662265073538009 ) ) ;
#2612 = CARTESIAN_POINT ( 'NONE',  ( 2.612757829100614826E-14, 53.97965414726974132, -364.3436849853850390 ) ) ;
#2613 = CARTESIAN_POINT ( 'NONE',  ( -130.0000000000000284, 15.96717634399178642, -77.31597267910200344 ) ) ;
#2614 = CARTESIAN_POINT ( 'NONE',  ( 23.15670442413912156, 2.845425125381018550, -474.0462820185991291 ) ) ;
#2615 = CARTESIAN_POINT ( 'NONE',  ( -649.9999999999996589, -5.527026919631540025, 116.8581362576329212 ) ) ;
#2616 = CARTESIAN_POINT ( 'NONE',  ( 57.87242440143754862, -8.834077954428499524, -4.060508185268601800 ) ) ;
#2617 = CARTESIAN_POINT ( 'NONE',  ( 107.1501576543630989, -11.79960450982354203, -102.7998221083219761 ) ) ;
#2618 = ORIENTED_EDGE ( 'NONE', *, *, #152, .F. ) ;
#2619 = CARTESIAN_POINT ( 'NONE',  ( 84.77461679627512581, 39.05663214666461158, -268.3599117295777319 ) ) ;
#2620 = CARTESIAN_POINT ( 'NONE',  ( -130.0000000000000000, -9.137076803941319270, -79.43937864196566068 ) ) ;
#2621 = ADVANCED_FACE ( 'NONE', ( #1232 ), #2860, .F. ) ;
#2622 = CARTESIAN_POINT ( 'NONE',  ( -65.52872720668823092, -24.86233056611987990, -296.4241769065336030 ) ) ;
#2623 = ORIENTED_EDGE ( 'NONE', *, *, #4210, .F. ) ;
#2624 = FACE_OUTER_BOUND ( 'NONE', #984, .T. ) ;
#2625 = CARTESIAN_POINT ( 'NONE',  ( 91.46902869092987487, -5.446884952526561463, 7.972763704365180004 ) ) ;
#2626 = CARTESIAN_POINT ( 'NONE',  ( -99.42249719298430932, -7.751653079658615830, -308.0268709887337764 ) ) ;
#2627 = CARTESIAN_POINT ( 'NONE',  ( 650.0000000000000000, 1.401587967563389103, -2.514511436744269357 ) ) ;
#2628 = APPLICATION_PROTOCOL_DEFINITION ( 'draft international standard', 'automotive_design', 1998, #94 ) ;
#2629 = CARTESIAN_POINT ( 'NONE',  ( 39.40172991197043473, -15.38707619034839880, -53.54923683590956074 ) ) ;
#2630 = AXIS2_PLACEMENT_3D ( 'NONE', #851, #2240, #2522 ) ;
#2631 = CARTESIAN_POINT ( 'NONE',  ( 130.0000000000000853, -8.973273282897348935, -213.8324436317087134 ) ) ;
#2632 = CARTESIAN_POINT ( 'NONE',  ( -87.00478387536098523, 16.83994822417222181, -62.43815333079346885 ) ) ;
#2633 = CARTESIAN_POINT ( 'NONE',  ( -104.6215953286556299, 31.22743167469040770, -254.4702398329300479 ) ) ;
#2634 = CARTESIAN_POINT ( 'NONE',  ( -130.0000000000000000, 5.059729451622947849, -20.74297374720532261 ) ) ;
#2635 = CARTESIAN_POINT ( 'NONE',  ( -41.77861452437377210, 0.000000000000000000, -456.9399091819586829 ) ) ;
#2636 = CARTESIAN_POINT ( 'NONE',  ( -650.0000000000004547, -4.847149732450782622, 40.36156808454201439 ) ) ;
#2637 = CARTESIAN_POINT ( 'NONE',  ( 85.14267502452935332, -5.762139538812613537, 10.93381451310368924 ) ) ;
#2638 = VECTOR ( 'NONE', #546, 1000.000000000000227 ) ;
#2639 = CARTESIAN_POINT ( 'NONE',  ( 83.75735245161234843, -17.47196920898721473, -156.8743391221324259 ) ) ;
#2640 = ORIENTED_EDGE ( 'NONE', *, *, #3609, .T. ) ;
#2641 = CARTESIAN_POINT ( 'NONE',  ( -130.0000000000000568, 29.67306255859434572, -200.6003812983393004 ) ) ;
#2642 = CARTESIAN_POINT ( 'NONE',  ( -655.0000000000000000, 97.50000000000000000, 209.9568563693341332 ) ) ;
#2643 = CARTESIAN_POINT ( 'NONE',  ( 101.6304001819496392, -13.18692646464631579, -249.9299045173764000 ) ) ;
#2644 = ORIENTED_EDGE ( 'NONE', *, *, #2129, .T. ) ;
#2645 = DIRECTION ( 'NONE',  ( -0.000000000000000000, 0.5399176832049001895, 0.8417178240732775540 ) ) ;
#2646 = EDGE_CURVE ( 'NONE', #2681, #3904, #1186, .T. ) ;
#2647 = UNCERTAINTY_MEASURE_WITH_UNIT (LENGTH_MEASURE( 1.000000000000000082E-05 ), #2436, 'distance_accuracy_value', 'NONE');
#2648 = CARTESIAN_POINT ( 'NONE',  ( 120.1497627623755307, -3.328076357550396658, 1.158875832217227009 ) ) ;
#2649 = CARTESIAN_POINT ( 'NONE',  ( -67.89178362806187295, -15.08776950380883974, -384.4506466048208608 ) ) ;
#2650 = CARTESIAN_POINT ( 'NONE',  ( -130.0000000000000000, -8.842984877391282694, -131.0336439933634267 ) ) ;
#2651 = CARTESIAN_POINT ( 'NONE',  ( -650.0000000000000000, -2.500000000000002220, 159.9568563693341616 ) ) ;
#2652 = CARTESIAN_POINT ( 'NONE',  ( 130.0000000000002274, -7.022249691474633515, -18.21793724167746120 ) ) ;
#2653 = CARTESIAN_POINT ( 'NONE',  ( 650.0000000000004547, -4.734311957898108325, 68.38241699468613888 ) ) ;
#2654 = CARTESIAN_POINT ( 'NONE',  ( -2.624819883282151587E-15, 39.10295135955098544, -61.08051289285072727 ) ) ;
#2655 = CARTESIAN_POINT ( 'NONE',  ( 64.58485148922136432, 46.54119814720847614, -302.4868284024201444 ) ) ;
#2656 = CARTESIAN_POINT ( 'NONE',  ( -130.0000000000000000, 13.94441393775682769, -67.70654025451528923 ) ) ;
#2657 = CARTESIAN_POINT ( 'NONE',  ( -649.9999999999998863, -4.717236727391197704, 72.72280693406710839 ) ) ;
#2658 = CARTESIAN_POINT ( 'NONE',  ( -130.0000000000000000, 5.849075671452538927, -302.6341217922894202 ) ) ;
#2659 = CARTESIAN_POINT ( 'NONE',  ( -130.0000000000001137, -2.192000006706469772, 8.441906846562877931 ) ) ;
#2660 = CARTESIAN_POINT ( 'NONE',  ( 105.6046255620873353, -12.35850548955498773, -143.8587057243482548 ) ) ;
#2661 = VERTEX_POINT ( 'NONE', #3267 ) ;
#2662 = CARTESIAN_POINT ( 'NONE',  ( 18.22923686368901386, 57.61583447980758166, -283.8452845316095363 ) ) ;
#2663 = CARTESIAN_POINT ( 'NONE',  ( 26.60575822344239683, 6.783475793461758663, 48.38059290093758591 ) ) ;
#2664 = CARTESIAN_POINT ( 'NONE',  ( -51.70507115850409718, -28.31123488927379128, -357.6983286634656451 ) ) ;
#2665 = ORIENTED_EDGE ( 'NONE', *, *, #3091, .F. ) ;
#2666 = B_SPLINE_CURVE_WITH_KNOTS ( 'NONE', 3,
 ( #3617, #869, #3868, #2862, #1495, #2233, #2515, #936, #570, #2562 ),
 .UNSPECIFIED., .F., .F.,
 ( 4, 1, 1, 1, 1, 1, 1, 4 ),
 ( 0.000000000000000000, 0.01562500000000000347, 0.03125000000000000694, 0.04687500000000000694, 0.06250000000000001388, 0.07812500000000000000, 0.09375000000000001388, 0.1056115943010263458 ),
 .UNSPECIFIED. ) ;
#2667 = CARTESIAN_POINT ( 'NONE',  ( -129.9999999999999716, -8.951228854442623728, -178.6926872030599327 ) ) ;
#2668 = CARTESIAN_POINT ( 'NONE',  ( 130.0000000000000000, -8.630003097953409252, -65.74161141149923537 ) ) ;
#2669 = CARTESIAN_POINT ( 'NONE',  ( 125.0485777730690415, -2.889925563987330470, 0.4866787846574606169 ) ) ;
#2670 = CARTESIAN_POINT ( 'NONE',  ( -54.35262560396078868, -12.82476307850196129, -419.6898321787532495 ) ) ;
#2671 = CARTESIAN_POINT ( 'NONE',  ( -2.166866426686165235E-15, -27.88542771651253815, 50.00000000000000711 ) ) ;
#2672 = CARTESIAN_POINT ( 'NONE',  ( -39.55746840876199855, -15.77292617757610316, -57.39648235071578597 ) ) ;
#2673 = ADVANCED_FACE ( 'NONE', ( #544 ), #1591, .F. ) ;
#2674 = CARTESIAN_POINT ( 'NONE',  ( -16.22618696989918874, 35.53002955630852711, -61.14900161645096688 ) ) ;
#2675 = CARTESIAN_POINT ( 'NONE',  ( 102.0982249916977764, 27.97820567067997288, -276.9475356082886606 ) ) ;
#2676 = CARTESIAN_POINT ( 'NONE',  ( -130.0000000000000284, 6.481329128051767974, -29.59112132735378964 ) ) ;
#2677 = CARTESIAN_POINT ( 'NONE',  ( -98.76188596877497616, 1.355743916401189519, -323.9380370174596351 ) ) ;
#2678 = CARTESIAN_POINT ( 'NONE',  ( -129.9999999999998579, -5.645899566791786839, -285.6430362140716852 ) ) ;
#2679 = CARTESIAN_POINT ( 'NONE',  ( -57.87242440143754152, -8.834077954428481760, -4.060508185268560943 ) ) ;
#2680 = CARTESIAN_POINT ( 'NONE',  ( -62.31497047361997232, -21.87528366271497404, -173.5717009696581101 ) ) ;
#2681 = VERTEX_POINT ( 'NONE', #1210 ) ;
#2682 = CARTESIAN_POINT ( 'NONE',  ( 109.2407355898227053, 31.71876900150743239, -214.5691019438200158 ) ) ;
#2683 = CARTESIAN_POINT ( 'NONE',  ( 57.60950222827445799, 4.699890435593546023, 23.80411591022980033 ) ) ;
#2684 = CARTESIAN_POINT ( 'NONE',  ( 51.70507115850412561, -28.31123488927378773, -357.6983286634658725 ) ) ;
#2685 = CARTESIAN_POINT ( 'NONE',  ( -130.0000000000000568, -8.977185716767259294, -198.4451320048974026 ) ) ;
#2686 = CARTESIAN_POINT ( 'NONE',  ( 49.39968841977680114, -5.264912269028068081, 29.20950306453288547 ) ) ;
#2687 = CARTESIAN_POINT ( 'NONE',  ( 82.13226251030569358, -6.655198309409448676, -352.0282562147009457 ) ) ;
#2688 = CARTESIAN_POINT ( 'NONE',  ( 650.0000000000000000, 3.158496787722590238, -3.465568866807066772 ) ) ;
#2689 = CARTESIAN_POINT ( 'NONE',  ( -68.55343942604652341, 0.000000000000000000, -406.4608131203299877 ) ) ;
#2690 = CARTESIAN_POINT ( 'NONE',  ( 2.816686950391394303E-15, -37.60016017591095761, -88.03222526141833271 ) ) ;
#2691 = CARTESIAN_POINT ( 'NONE',  ( -57.62399811875119582, 19.13047726249968150, -50.16322625443942229 ) ) ;
#2692 = CARTESIAN_POINT ( 'NONE',  ( 104.6215953286558005, 31.22743167469029402, -254.4702398329299342 ) ) ;
#2693 = CARTESIAN_POINT ( 'NONE',  ( -130.0000000000000000, 6.417701632866822159, -29.21547707693292750 ) ) ;
#2694 = CARTESIAN_POINT ( 'NONE',  ( -82.05307342614298705, 1.381230683145056037, -359.5257301031339239 ) ) ;
#2695 = EDGE_CURVE ( 'NONE', #1911, #2986, #3100, .T. ) ;
#2696 = CARTESIAN_POINT ( 'NONE',  ( -129.9999999999999147, 29.47584741036531497, -182.3167206850823163 ) ) ;
#2697 = CARTESIAN_POINT ( 'NONE',  ( -18.09277608707224871, -27.70843186591711671, -16.53534900203320746 ) ) ;
#2698 = CARTESIAN_POINT ( 'NONE',  ( 2.209814045713940942E-14, -39.64778461610355009, -232.1441337145463137 ) ) ;
#2699 = VECTOR ( 'NONE', #4026, 1000.000000000000227 ) ;
#2700 = CARTESIAN_POINT ( 'NONE',  ( -130.0000000000000568, -8.685826090184447068, -38.49553865317676582 ) ) ;
#2701 = CARTESIAN_POINT ( 'NONE',  ( -61.87915854279975036, 48.00818461823251226, -248.6537584076021403 ) ) ;
#2702 = CARTESIAN_POINT ( 'NONE',  ( 30.94846578006330517, 5.072528611794135500, 44.20457672020363304 ) ) ;
#2703 = STYLED_ITEM ( 'NONE', ( #3682 ), #3612 ) ;
#2704 = CARTESIAN_POINT ( 'NONE',  ( -39.22428306746968474, -29.37166931543716686, -390.9573235214735973 ) ) ;
#2705 = ORIENTED_EDGE ( 'NONE', *, *, #1998, .T. ) ;
#2706 = CARTESIAN_POINT ( 'NONE',  ( 112.8929293149732587, 2.538151178880157843, 37.73033202620285209 ) ) ;
#2707 = CARTESIAN_POINT ( 'NONE',  ( -130.0000000000001705, -9.221726567762598137, -66.16607743290106214 ) ) ;
#2708 = CARTESIAN_POINT ( 'NONE',  ( 98.79692467944394707, -0.9170501273453727231, -323.1808986415592244 ) ) ;
#2709 = CARTESIAN_POINT ( 'NONE',  ( 649.9999999999985221, 8.692884585785762397, 118.0729019719696566 ) ) ;
#2710 = CARTESIAN_POINT ( 'NONE',  ( -18.77166878604509037, -31.89388769295165105, -79.07525579545821870 ) ) ;
#2711 = CARTESIAN_POINT ( 'NONE',  ( -129.9999999999996874, 7.333531795310619827, -37.30925049152386208 ) ) ;
#2712 = CARTESIAN_POINT ( 'NONE',  ( 22.52820838702820083, -29.37035862275779863, -424.7704237912560643 ) ) ;
#2713 = CARTESIAN_POINT ( 'NONE',  ( -130.0000000000000000, 13.95371530749749667, -67.75073679821362305 ) ) ;
#2714 = CARTESIAN_POINT ( 'NONE',  ( 23.12786868172780075, 7.048340713668441282, -468.9193015036073007 ) ) ;
#2715 = CARTESIAN_POINT ( 'NONE',  ( -130.0000000000000000, 29.64889676611488056, -202.8005194195359309 ) ) ;
#2716 = CARTESIAN_POINT ( 'NONE',  ( -18.22855462686686678, -28.64707769396401105, -29.03268644373386209 ) ) ;
#2717 = CARTESIAN_POINT ( 'NONE',  ( -45.16405429325839549, -24.43239541164306416, -195.9796325840932525 ) ) ;
#2718 = VERTEX_POINT ( 'NONE', #1296 ) ;
#2719 = CARTESIAN_POINT ( 'NONE',  ( -33.33440498603071944, 55.21888224111927457, -265.3741215431672913 ) ) ;
#2720 = CARTESIAN_POINT ( 'NONE',  ( -68.03041027436043464, 22.18105252923216852, -379.1908511804445538 ) ) ;
#2721 = CARTESIAN_POINT ( 'NONE',  ( 77.26706298926779937, 4.992394291381854643, 13.42797759203977570 ) ) ;
#2722 = CARTESIAN_POINT ( 'NONE',  ( 129.9999999999998579, -8.714370557380776816, -241.1138923804298315 ) ) ;
#2723 = EDGE_LOOP ( 'NONE', ( #3050, #4290, #4273, #2024 ) ) ;
#2724 = CARTESIAN_POINT ( 'NONE',  ( -130.0000000000000000, 22.05342151525222860, -108.0141617278851243 ) ) ;
#2725 = UNCERTAINTY_MEASURE_WITH_UNIT (LENGTH_MEASURE( 1.000000000000000082E-05 ), #3479, 'distance_accuracy_value', 'NONE');
#2726 = CARTESIAN_POINT ( 'NONE',  ( 130.0000000000000000, -2.499999999999994227, 1.184918829155061596E-13 ) ) ;
#2727 = CARTESIAN_POINT ( 'NONE',  ( -91.21441212996342074, -5.459850759324057279, 8.057855511827078487 ) ) ;
#2728 = CARTESIAN_POINT ( 'NONE',  ( -23.16184157273610822, 0.000000000000000000, -477.3061618411491054 ) ) ;
#2729 = CARTESIAN_POINT ( 'NONE',  ( 650.0000000000002274, 16.02560884678971576, 55.07007812713926853 ) ) ;
#2730 = CARTESIAN_POINT ( 'NONE',  ( -129.9999999999998863, -8.692696006862201230, -34.77199236976445462 ) ) ;
#2731 = CARTESIAN_POINT ( 'NONE',  ( -1.499898032502515220E-15, 35.55926302581499243, -27.89160188499256776 ) ) ;
#2732 = CARTESIAN_POINT ( 'NONE',  ( -100.1952632391218572, -11.45236532053486300, -287.9708932253681724 ) ) ;
#2733 = DIRECTION ( 'NONE',  ( -0.8676574605970863718, 2.925537271986758358E-19, -0.4971624795478994385 ) ) ;
#2734 = CARTESIAN_POINT ( 'NONE',  ( -130.0000000000002558, 6.864502809400051753, -300.0123823683186401 ) ) ;
#2735 = CARTESIAN_POINT ( 'NONE',  ( -129.9999999999996874, -2.442947218822552280, 0.4396676552710890307 ) ) ;
#2736 = CARTESIAN_POINT ( 'NONE',  ( -47.03291625475716842, -26.28338676402352547, -242.1767072047425415 ) ) ;
#2737 = ORIENTED_EDGE ( 'NONE', *, *, #929, .T. ) ;
#2738 = CARTESIAN_POINT ( 'NONE',  ( -41.17205339440513967, 43.79370111176757518, -155.5086693224038754 ) ) ;
#2739 = CARTESIAN_POINT ( 'NONE',  ( -40.81164550994196105, 28.08155015603523807, -416.6672035966237218 ) ) ;
#2740 = CARTESIAN_POINT ( 'NONE',  ( -650.0000000000003411, 12.58747659448761880, 15.56301788334872072 ) ) ;
#2741 = CARTESIAN_POINT ( 'NONE',  ( 101.4096098830531076, -13.14981432882818702, -255.8157059792468999 ) ) ;
#2742 = VERTEX_POINT ( 'NONE', #1319 ) ;
#2743 = CARTESIAN_POINT ( 'NONE',  ( -35.19679049859818321, 2.571938710113037097, 49.99999999999999289 ) ) ;
#2744 = CARTESIAN_POINT ( 'NONE',  ( -130.0000000000000000, -2.592327358967860818, -1.473838639193226108 ) ) ;
#2745 = EDGE_CURVE ( 'NONE', #2852, #582, #2109, .T. ) ;
#2746 = CARTESIAN_POINT ( 'NONE',  ( -31.98905181121835284, -5.357940914060781878, 43.24794199895538327 ) ) ;
#2747 = CARTESIAN_POINT ( 'NONE',  ( -130.0000000000000568, -3.650685090296935442, -295.8529952554177385 ) ) ;
#2748 = CARTESIAN_POINT ( 'NONE',  ( 650.0000000000004547, 3.214102264460922509, 149.3618422795891831 ) ) ;
#2749 = CARTESIAN_POINT ( 'NONE',  ( 18.72640927278026624, -31.65395429904557645, -74.90193940235003822 ) ) ;
#2750 = CARTESIAN_POINT ( 'NONE',  ( 16.99845928557097707, 27.81490808780183244, -10.56665948325440674 ) ) ;
#2751 = CARTESIAN_POINT ( 'NONE',  ( 53.10671762962823550, -24.24205940510008617, -391.3511002128087171 ) ) ;
#2752 = CARTESIAN_POINT ( 'NONE',  ( 650.0000000000000000, -2.622874678314393471, 3.555296844388635247 ) ) ;
#2753 = CARTESIAN_POINT ( 'NONE',  ( 41.69250680036844159, 8.858242613051613645, -446.7971680275792892 ) ) ;
#2754 = DIRECTION ( 'NONE',  ( 0.000000000000000000, 0.000000000000000000, -1.000000000000000000 ) ) ;
#2755 = CARTESIAN_POINT ( 'NONE',  ( -26.02690387346578049, -15.28463731731257802, -17.98108365767793160 ) ) ;
#2756 = CARTESIAN_POINT ( 'NONE',  ( 20.98938493602307176, -35.81826908806985443, -283.6653138257170781 ) ) ;
#2757 = CARTESIAN_POINT ( 'NONE',  ( -130.0000000000000853, -8.684529234975498113, -31.97769708561190427 ) ) ;
#2758 = CARTESIAN_POINT ( 'NONE',  ( 31.33565063975386877, 53.09414615440375229, -223.3055405185605764 ) ) ;
#2759 = CARTESIAN_POINT ( 'NONE',  ( 53.84521517929688628, 29.43630645837796678, -394.1452154000614883 ) ) ;
#2760 = SURFACE_STYLE_USAGE ( .BOTH. , #4133 ) ;
#2761 = CARTESIAN_POINT ( 'NONE',  ( -650.0000000000000000, 2.500000000000002220, 159.9568563693341616 ) ) ;
#2762 = CARTESIAN_POINT ( 'NONE',  ( 30.14221566514448014, -25.06876954674919844, -134.2784028681035977 ) ) ;
#2763 = VERTEX_POINT ( 'NONE', #3653 ) ;
#2764 = CARTESIAN_POINT ( 'NONE',  ( -129.9999999999999716, -8.905316025354936826, -33.25072782658582327 ) ) ;
#2765 = VECTOR ( 'NONE', #509, 1000.000000000000000 ) ;
#2766 = CARTESIAN_POINT ( 'NONE',  ( -650.0000000000000000, -4.274551292684870774, 17.43085385426316947 ) ) ;
#2767 = CARTESIAN_POINT ( 'NONE',  ( -17.86647852074800369, -25.96227646849969517, 4.276547637637938770 ) ) ;
#2768 = VECTOR ( 'NONE', #3330, 1000.000000000000000 ) ;
#2769 = EDGE_CURVE ( 'NONE', #1769, #1628, #126, .T. ) ;
#2770 = CARTESIAN_POINT ( 'NONE',  ( -24.99999999999999289, -7.868799009346748363, 50.00000000000000000 ) ) ;
#2771 = CARTESIAN_POINT ( 'NONE',  ( -98.79692467944393286, -0.9170501273453742774, -323.1808986415594518 ) ) ;
#2772 = CARTESIAN_POINT ( 'NONE',  ( -130.0000000000000000, -8.859097232325479965, -137.0002639088358478 ) ) ;
#2773 = CARTESIAN_POINT ( 'NONE',  ( -109.3212622601791253, -10.56639915023148468, -44.77904877549685381 ) ) ;
#2774 = CARTESIAN_POINT ( 'NONE',  ( -86.28177495677755360, 9.442894528639369511, -25.91124085873835625 ) ) ;
#2775 = CARTESIAN_POINT ( 'NONE',  ( -67.32465008693210962, -21.88130526381720742, -364.2138453910303610 ) ) ;
#2776 = CARTESIAN_POINT ( 'NONE',  ( -655.0000000000000000, 97.50000000000000000, 149.9568563693341332 ) ) ;
#2777 = CARTESIAN_POINT ( 'NONE',  ( -23.12786868172773325, 7.048340713668454605, -468.9193015036072438 ) ) ;
#2778 =( NAMED_UNIT ( * ) SI_UNIT ( $, .STERADIAN. ) SOLID_ANGLE_UNIT ( ) );
#2779 = CARTESIAN_POINT ( 'NONE',  ( 110.9035927356040361, -4.380279065250963555, -2.983522231213568077 ) ) ;
#2780 = CARTESIAN_POINT ( 'NONE',  ( 34.96706397262978072, -29.45981022548050987, -270.7566876272319973 ) ) ;
#2781 = CARTESIAN_POINT ( 'NONE',  ( -129.9999999999998295, -8.683634037142864415, -59.76477958570137616 ) ) ;
#2782 = CARTESIAN_POINT ( 'NONE',  ( 41.17205339440511835, 43.79370111176743308, -155.5086693224038470 ) ) ;
#2783 = CARTESIAN_POINT ( 'NONE',  ( 68.03041027436051991, 22.18105252923222181, -379.1908511804448949 ) ) ;
#2784 = CARTESIAN_POINT ( 'NONE',  ( -26.61174346006075453, 6.803025386221574600, 48.37865496071965765 ) ) ;
#2785 = CARTESIAN_POINT ( 'NONE',  ( -650.0000000000003411, 14.71465987076591553, 81.52619077442777495 ) ) ;
#2786 = CARTESIAN_POINT ( 'NONE',  ( 129.9999999999997726, -8.714014431827155960, -81.77461454788043227 ) ) ;
#2787 = ORIENTED_EDGE ( 'NONE', *, *, #346, .F. ) ;
#2788 = CARTESIAN_POINT ( 'NONE',  ( -129.9999999999999716, -9.209167982561917043, -52.84972459373708631 ) ) ;
#2789 = CARTESIAN_POINT ( 'NONE',  ( -129.9999999999999432, -7.914310677877572253, -22.17356211210612571 ) ) ;
#2790 = CARTESIAN_POINT ( 'NONE',  ( 650.0000000000000000, 0.000000000000000000, 159.9568563693341616 ) ) ;
#2791 = DIRECTION ( 'NONE',  ( 0.000000000000000000, -1.000000000000000000, 0.000000000000000000 ) ) ;
#2792 = CARTESIAN_POINT ( 'NONE',  ( -130.0000000000000000, -8.875215278812602193, -140.4178657604948341 ) ) ;
#2793 = CARTESIAN_POINT ( 'NONE',  ( 60.23548082281102722, -18.07253506511489505, -94.14271319523734860 ) ) ;
#2794 = CARTESIAN_POINT ( 'NONE',  ( 112.9804949561683287, 6.163214589207098193, -24.83750501734210303 ) ) ;
#2795 = CARTESIAN_POINT ( 'NONE',  ( -67.13560557322222166, -23.24076844300802236, -357.2877368917760919 ) ) ;
#2796 = CARTESIAN_POINT ( 'NONE',  ( -130.0000000000000000, 29.66763869394330655, -198.5980320784765922 ) ) ;
#2797 = CARTESIAN_POINT ( 'NONE',  ( 68.51047418963963764, 6.986428519488041111, -400.2454522295087713 ) ) ;
#2798 = CARTESIAN_POINT ( 'NONE',  ( 130.0000000000000000, -2.499971983464750913, -1.126675055215588883E-15 ) ) ;
#2799 = ADVANCED_FACE ( 'NONE', ( #2011 ), #2550, .T. ) ;
#2800 = CARTESIAN_POINT ( 'NONE',  ( -26.31071847978843437, -16.09548543642384288, -25.98378141604910496 ) ) ;
#2801 = CARTESIAN_POINT ( 'NONE',  ( 103.6911096383172151, -12.86798644753511844, -194.8762565138874265 ) ) ;
#2802 = CARTESIAN_POINT ( 'NONE',  ( -129.9999999999998863, -8.751703067729028618, -98.20774864606181609 ) ) ;
#2803 = CARTESIAN_POINT ( 'NONE',  ( 3.767602549387127908E-15, 50.81242632855571628, -167.7352473357261999 ) ) ;
#2804 = CARTESIAN_POINT ( 'NONE',  ( -67.51035964859514138, 29.67882375351405244, -364.7010141316479803 ) ) ;
#2805 = CARTESIAN_POINT ( 'NONE',  ( -25.79175749949045482, 7.300719809039796004, 49.19799258235038764 ) ) ;
#2806 = CARTESIAN_POINT ( 'NONE',  ( -650.0000000000009095, 14.28798642130621666, 24.24135809520705465 ) ) ;
#2807 = CARTESIAN_POINT ( 'NONE',  ( -60.80261436394096819, -19.48612312039376349, -115.8171122061897336 ) ) ;
#2808 = ORIENTED_EDGE ( 'NONE', *, *, #3925, .F. ) ;
#2809 = CARTESIAN_POINT ( 'NONE',  ( -130.0000000000000284, -8.910554175609220806, -33.42071996845493231 ) ) ;
#2810 = CARTESIAN_POINT ( 'NONE',  ( -26.64744807661236337, -6.915311150947148100, 48.33898361592978432 ) ) ;
#2811 = CARTESIAN_POINT ( 'NONE',  ( 650.0000000000000000, -4.760486024848496811, 78.56379940855549648 ) ) ;
#2812 = CARTESIAN_POINT ( 'NONE',  ( -129.9999999999999716, -8.954371520285265618, -166.3135980062629926 ) ) ;
#2813 = CARTESIAN_POINT ( 'NONE',  ( -84.50329537549065151, -14.10568525061565381, -66.25607237700097585 ) ) ;
#2814 = CARTESIAN_POINT ( 'NONE',  ( -56.54823451419066771, 4.901140870030632257, 21.84683745691986800 ) ) ;
#2815 = CARTESIAN_POINT ( 'NONE',  ( 99.75368264132893614, -9.784337997933127085, -299.5230120394677442 ) ) ;
#2816 = CARTESIAN_POINT ( 'NONE',  ( -130.0000000000000000, 26.14409498357345285, -135.3722195089595459 ) ) ;
#2817 = CARTESIAN_POINT ( 'NONE',  ( -23.02948271833937710, 13.83208147932450238, -459.7903799991136680 ) ) ;
#2818 = DIRECTION ( 'NONE',  ( 0.000000000000000000, 0.000000000000000000, -1.000000000000000000 ) ) ;
#2819 = CARTESIAN_POINT ( 'NONE',  ( 38.77877592480426472, -13.60200226531869916, -38.19548589073728095 ) ) ;
#2820 = CARTESIAN_POINT ( 'NONE',  ( -83.17125443999347567, -18.82225412269633580, -228.1033039545761198 ) ) ;
#2821 = CARTESIAN_POINT ( 'NONE',  ( 129.9999999999998863, -9.172537655763422393, -75.07248482007921098 ) ) ;
#2822 = CARTESIAN_POINT ( 'NONE',  ( 15.44451961389082406, 48.28140527475883914, -155.7322022348776045 ) ) ;
#2823 = EDGE_CURVE ( 'NONE', #1628, #2175, #3024, .T. ) ;
#2824 = CARTESIAN_POINT ( 'NONE',  ( 22.33707162950263125, 33.05734278930093240, -425.6698756009085400 ) ) ;
#2825 = CARTESIAN_POINT ( 'NONE',  ( -650.0000000000001137, 5.928726354756717498, -0.3183855007678863536 ) ) ;
#2826 = CARTESIAN_POINT ( 'NONE',  ( -19.45056148501797111, -34.86875675457436330, -141.6880242222370896 ) ) ;
#2827 = ORIENTED_EDGE ( 'NONE', *, *, #4318, .F. ) ;
#2828 = CARTESIAN_POINT ( 'NONE',  ( -129.9999999999999716, -8.969430965365736697, -35.68352246366895031 ) ) ;
#2829 = AXIS2_PLACEMENT_3D ( 'NONE', #2811, #837, #2177 ) ;
#2830 = CARTESIAN_POINT ( 'NONE',  ( -129.9999999999999716, -2.362865027116769046, 43.97887946242011736 ) ) ;
#2831 = CARTESIAN_POINT ( 'NONE',  ( -130.0000000000000000, -7.077059774473859477, -16.29298144061211318 ) ) ;
#2832 = CARTESIAN_POINT ( 'NONE',  ( -129.9999999999999432, -8.927438265758125269, -153.8800588892921155 ) ) ;
#2833 = CARTESIAN_POINT ( 'NONE',  ( -84.34345046323127804, -15.11830850604971310, -85.72947306586365812 ) ) ;
#2834 = PRODUCT_DEFINITION_FORMATION_WITH_SPECIFIED_SOURCE ( 'ANY', '', #3114, .NOT_KNOWN. ) ;
#2835 = CARTESIAN_POINT ( 'NONE',  ( 17.35359181029593856, 22.40596775075127667, 34.11531779054519831 ) ) ;
#2836 = CARTESIAN_POINT ( 'NONE',  ( -82.26546660385544385, -13.04890500526802732, -337.0070320483479236 ) ) ;
#2837 = CARTESIAN_POINT ( 'NONE',  ( -649.9999999999998863, -4.856782457194425362, 42.54297756800176700 ) ) ;
#2838 = CARTESIAN_POINT ( 'NONE',  ( 68.44591464030713723, 10.89058713177454152, -395.7684356643760566 ) ) ;
#2839 = DIRECTION ( 'NONE',  ( 0.000000000000000000, 0.000000000000000000, -1.000000000000000000 ) ) ;
#2840 = CARTESIAN_POINT ( 'NONE',  ( -38.46729893122113708, -12.64978720335321505, -30.53166528989882877 ) ) ;
#2841 = CARTESIAN_POINT ( 'NONE',  ( 2.224688183623135545E-14, -37.01038978407687097, -351.9933464020309088 ) ) ;
#2842 = CARTESIAN_POINT ( 'NONE',  ( -129.9999999999999716, -8.809714751346930939, -119.2862054230977833 ) ) ;
#2843 = CARTESIAN_POINT ( 'NONE',  ( 88.03982822196567781, 30.11095943224717431, -136.4218838744619973 ) ) ;
#2844 = CARTESIAN_POINT ( 'NONE',  ( 40.20191991939226028, 34.93980697548759906, -402.0072237351531044 ) ) ;
#2845 = CARTESIAN_POINT ( 'NONE',  ( -130.0000000000000284, 17.96145933997411959, -86.91846472955859326 ) ) ;
#2846 = CARTESIAN_POINT ( 'NONE',  ( -650.0000000000001137, -3.814096539758224491, 11.00555075496571611 ) ) ;
#2847 = CARTESIAN_POINT ( 'NONE',  ( -85.22259748065923191, -4.988192621365562296, 20.50649948459809124 ) ) ;
#2848 = CARTESIAN_POINT ( 'NONE',  ( -19.99367564419621957, -35.60627712439330139, -191.7979959036225353 ) ) ;
#2849 = ORIENTED_EDGE ( 'NONE', *, *, #470, .F. ) ;
#2850 = CARTESIAN_POINT ( 'NONE',  ( -47.49734520865339249, 52.81376452060654003, -289.0985607875994106 ) ) ;
#2851 = CARTESIAN_POINT ( 'NONE',  ( -650.0000000000001137, -4.854070197863788572, 41.81578144637062877 ) ) ;
#2852 = VERTEX_POINT ( 'NONE', #2881 ) ;
#2853 = DIRECTION ( 'NONE',  ( 0.000000000000000000, 0.000000000000000000, -1.000000000000000000 ) ) ;
#2854 = LINE ( 'NONE', #885, #108 ) ;
#2855 = CARTESIAN_POINT ( 'NONE',  ( -130.0000000000000284, -8.977897559205580080, -199.1333324903763469 ) ) ;
#2856 = CARTESIAN_POINT ( 'NONE',  ( 40.80337638309453041, -18.48027822982547264, -88.20947416825990217 ) ) ;
#2857 = B_SPLINE_SURFACE_WITH_KNOTS ( 'NONE', 2, 1, ( 
 ( #952, #283 ),
 ( #1916, #588 ),
 ( #233, #1560 ) ),
 .UNSPECIFIED., .F., .F., .F.,
 ( 3, 3 ),
 ( 2, 2 ),
 ( 0.000000000000000000, 1.000000000000000000 ),
 ( 0.000000000000000000, 1.000000000000000000 ),
 .UNSPECIFIED. ) ;
#2858 = CARTESIAN_POINT ( 'NONE',  ( -17.09240968893738355, 26.72829610499083230, -2.697148268162229190 ) ) ;
#2859 = CARTESIAN_POINT ( 'NONE',  ( -22.75450595335239967, -22.70225052921857412, -444.3140168284093647 ) ) ;
#2860 = PLANE ( 'NONE',  #3749 ) ;
#2861 = CARTESIAN_POINT ( 'NONE',  ( 54.78902471690924614, 16.06772631180882271, -417.0223226741992448 ) ) ;
#2862 = CARTESIAN_POINT ( 'NONE',  ( -649.9999999999996589, -3.391231781106678334, 154.9273879537303173 ) ) ;
#2863 = CARTESIAN_POINT ( 'NONE',  ( -38.62303742801260142, -13.12498704900041169, -34.36306510763606781 ) ) ;
#2864 = CARTESIAN_POINT ( 'NONE',  ( -83.06469116515374651, -18.92969638554738765, -241.0729849574448735 ) ) ;
#2865 = B_SPLINE_CURVE_WITH_KNOTS ( 'NONE', 3,
 ( #1453, #1062, #3083, #1407, #3782, #1124, #151, #2471, #3497, #497, #3742, #1473, #1739, #1822, #785, #4081, #3457, #764, #434 ),
 .UNSPECIFIED., .F., .F.,
 ( 4, 1, 1, 1, 1, 1, 1, 1, 1, 1, 1, 1, 1, 1, 1, 1, 4 ),
 ( 0.000000000000000000, 0.007812500000000808381, 0.01562500000000161676, 0.02343750000000242514, 0.03125000000000323352, 0.03906250000000404538, 0.04687500000000485029, 0.05468750000000566214, 0.06250000000000646705, 0.07031250000000727196, 0.07812500000000809075, 0.09375000000000970057, 0.1093750000000113243, 0.1250000000000129341, 0.1406250000000145439, 0.1562500000000161815, 0.1589931273174041149 ),
 .UNSPECIFIED. ) ;
#2866 = CARTESIAN_POINT ( 'NONE',  ( -130.0000000000002842, -8.703929035113032953, -76.28528940304155981 ) ) ;
#2867 = CARTESIAN_POINT ( 'NONE',  ( 113.1753632560969436, 26.74422347094780505, -145.8985430817259328 ) ) ;
#2868 = CARTESIAN_POINT ( 'NONE',  ( 39.40302112336911478, 41.43449761775369211, -384.6709669765953095 ) ) ;
#2869 = SURFACE_SIDE_STYLE ('',( #3224 ) ) ;
#2870 = CARTESIAN_POINT ( 'NONE',  ( -650.0000000000001137, 11.76039496753761782, 102.4800601122547761 ) ) ;
#2871 = CARTESIAN_POINT ( 'NONE',  ( -130.0000000000002842, -7.403471351765405828, -272.3809958674209497 ) ) ;
#2872 = CARTESIAN_POINT ( 'NONE',  ( 57.39981311716268664, -6.898141655700183783, 13.83322309725472365 ) ) ;
#2873 = CARTESIAN_POINT ( 'NONE',  ( -32.12891790940305725, -27.22965258103236152, -190.4750995756733403 ) ) ;
#2874 = ORIENTED_EDGE ( 'NONE', *, *, #3900, .F. ) ;
#2875 = CARTESIAN_POINT ( 'NONE',  ( 107.3138942237359998, 32.09499547538874253, -231.6831543842158965 ) ) ;
#2876 = CARTESIAN_POINT ( 'NONE',  ( -130.0000000000000000, -9.140136533238406358, -79.07572461518182649 ) ) ;
#2877 = CARTESIAN_POINT ( 'NONE',  ( -129.9999999999998579, -8.882902827581167671, -230.1122577953774169 ) ) ;
#2878 = CARTESIAN_POINT ( 'NONE',  ( -56.51760538651654997, -2.791379605385332141, 47.55411417827976805 ) ) ;
#2879 = CARTESIAN_POINT ( 'NONE',  ( -650.0000000000009095, -5.092040414051684394, 98.98529310080689925 ) ) ;
#2880 = EDGE_CURVE ( 'NONE', #3398, #558, #1810, .T. ) ;
#2881 = CARTESIAN_POINT ( 'NONE',  ( 650.0000000000000000, -1.753317928467107566E-16, -2.043143630665322785 ) ) ;
#2882 = CARTESIAN_POINT ( 'NONE',  ( 84.55657701291063688, -13.74620678472835245, -59.75141864556172067 ) ) ;
#2883 = CARTESIAN_POINT ( 'NONE',  ( -23.84734180862183450, 10.07769314381486758, 20.61389384842332717 ) ) ;
#2884 = CARTESIAN_POINT ( 'NONE',  ( 130.0000000000000568, -6.622624385911784373, -279.5846039636315368 ) ) ;
#2885 = CARTESIAN_POINT ( 'NONE',  ( 130.0000000000000000, -8.897948674849653017, -145.5572777520328600 ) ) ;
#2886 = CARTESIAN_POINT ( 'NONE',  ( -98.91893673765498818, 10.36783815029732203, -319.3183533476760658 ) ) ;
#2887 = CARTESIAN_POINT ( 'NONE',  ( -655.0000000000000000, -3.973513345664787977, 11.88415498105542056 ) ) ;
#2888 = CARTESIAN_POINT ( 'NONE',  ( 38.46729893122110155, -12.64978720335320794, -30.53166528989884654 ) ) ;
#2889 = CARTESIAN_POINT ( 'NONE',  ( 21.53249909520133443, -34.69023552245053565, -333.7602170293390600 ) ) ;
#2890 = CARTESIAN_POINT ( 'NONE',  ( 649.9999999999995453, -4.587343607252514666, 25.08345469952786999 ) ) ;
#2891 = CARTESIAN_POINT ( 'NONE',  ( 15.61738835608498732, 42.40649202825240138, -107.5256903761452776 ) ) ;
#2892 = CARTESIAN_POINT ( 'NONE',  ( 101.5333701254755425, 26.72497523522235596, -282.4847821156903933 ) ) ;
#2893 = CARTESIAN_POINT ( 'NONE',  ( -130.0000000000000284, 19.90047478465354303, -96.59167608901422852 ) ) ;
#2894 = CARTESIAN_POINT ( 'NONE',  ( -650.0000000000004547, -3.983199455577296266, 12.74678003406358506 ) ) ;
#2895 = CARTESIAN_POINT ( 'NONE',  ( -130.0000000000000568, -6.610841459411507692, -279.6454909679661114 ) ) ;
#2896 = CARTESIAN_POINT ( 'NONE',  ( -57.30529086030776398, -6.492999519152593102, 17.41729428920804779 ) ) ;
#2897 = CARTESIAN_POINT ( 'NONE',  ( -31.56128869675775661, -26.76267834497150133, -174.4165566866579695 ) ) ;
#2898 = ORIENTED_EDGE ( 'NONE', *, *, #4210, .T. ) ;
#2899 = CARTESIAN_POINT ( 'NONE',  ( 106.6434590086863352, 32.05574913645444468, -237.3900869960224043 ) ) ;
#2900 = CARTESIAN_POINT ( 'NONE',  ( -130.0000000000000284, -9.053573289938544377, -88.49415195530153255 ) ) ;
#2901 = CARTESIAN_POINT ( 'NONE',  ( -101.6304001819494403, -13.18692646464631402, -249.9299045173761726 ) ) ;
#2902 = CARTESIAN_POINT ( 'NONE',  ( -650.0000000000001137, 12.66509988933579578, 97.26460764545541338 ) ) ;
#2903 = LINE ( 'NONE', #1629, #257 ) ;
#2904 = DIRECTION ( 'NONE',  ( 0.000000000000000000, 0.8944271909999158554, 0.4472135954999578167 ) ) ;
#2905 = CARTESIAN_POINT ( 'NONE',  ( -129.9999999999997158, -8.695353322149056652, -70.78809099570460717 ) ) ;
#2906 = EDGE_CURVE ( 'NONE', #1706, #1980, #910, .T. ) ;
#2907 = CARTESIAN_POINT ( 'NONE',  ( -112.8929293149734150, 2.538151178880153402, 37.73033202620277393 ) ) ;
#2908 = CARTESIAN_POINT ( 'NONE',  ( -130.0000000000002842, -7.239189730619862040, -274.1255409470023778 ) ) ;
#2909 = CARTESIAN_POINT ( 'NONE',  ( -24.99999999999999289, -7.868799009346748363, 50.00000000000000000 ) ) ;
#2910 = CARTESIAN_POINT ( 'NONE',  ( 41.56683097561666784, 13.71763477626737782, -440.3123827226657454 ) ) ;
#2911 = CARTESIAN_POINT ( 'NONE',  ( 130.0000000000000000, 5.849069962005700063, -302.6341204962532174 ) ) ;
#2912 = CARTESIAN_POINT ( 'NONE',  ( 130.0000000000003411, -5.432297863460838983, -12.86533490972752247 ) ) ;
#2913 = CARTESIAN_POINT ( 'NONE',  ( -129.9999999999998863, -8.983714939288091728, -208.0892126253125980 ) ) ;
#2914 = VECTOR ( 'NONE', #2301, 1000.000000000000000 ) ;
#2915 = CARTESIAN_POINT ( 'NONE',  ( 129.9999999999998295, -8.813235482460147097, -125.9879315028349964 ) ) ;
#2916 = CARTESIAN_POINT ( 'NONE',  ( -29.19749029015074271, 41.58836765368747734, -120.7171488963980011 ) ) ;
#2917 = CARTESIAN_POINT ( 'NONE',  ( -83.44354667587909091, 33.75633342961074135, -303.0072434102260104 ) ) ;
#2918 = CARTESIAN_POINT ( 'NONE',  ( -130.0000000000000000, 15.00644694713928473, -72.74818650405306641 ) ) ;
#2919 = CARTESIAN_POINT ( 'NONE',  ( 655.0000000000000000, -2.811275179089735676, 4.409359795621303313 ) ) ;
#2920 = CARTESIAN_POINT ( 'NONE',  ( -130.0000000000000568, -5.909857820990770172, -284.0370263280467498 ) ) ;
#2921 = CARTESIAN_POINT ( 'NONE',  ( 36.39078564066682020, -6.692457749266775835, 20.51681733692464249 ) ) ;
#2922 = CARTESIAN_POINT ( 'NONE',  ( 19.81263759113679157, -35.52508550381894281, -175.0922807115334479 ) ) ;
#2923 = ORIENTED_EDGE ( 'NONE', *, *, #3517, .F. ) ;
#2924 = CARTESIAN_POINT ( 'NONE',  ( 48.15168574116194833, 52.38716110589480479, -299.3928058989719148 ) ) ;
#2925 = CARTESIAN_POINT ( 'NONE',  ( -129.9999999999999432, -9.051098925059163136, -88.74895093605850604 ) ) ;
#2926 = CARTESIAN_POINT ( 'NONE',  ( -129.9999999999999432, -2.159057720882790576, 32.58378114066722731 ) ) ;
#2927 = CARTESIAN_POINT ( 'NONE',  ( -37.23758082321109697, -29.98059819920393565, -335.0339629770746228 ) ) ;
#2928 = ORIENTED_EDGE ( 'NONE', *, *, #2374, .T. ) ;
#2929 = CARTESIAN_POINT ( 'NONE',  ( 23.61447971972303250, -6.929827187435403602, 49.99999999999998579 ) ) ;
#2930 = LINE ( 'NONE', #612, #1144 ) ;
#2931 = CARTESIAN_POINT ( 'NONE',  ( 96.16334260011194601, -5.179609605895711510, 6.496409664061476796 ) ) ;
#2932 = CARTESIAN_POINT ( 'NONE',  ( 82.15890332901560100, -8.141623629043182930, -349.0535124597816434 ) ) ;
#2933 = CARTESIAN_POINT ( 'NONE',  ( -655.0000000000000000, 97.50000000000000000, 149.9568563693341332 ) ) ;
#2934 = CARTESIAN_POINT ( 'NONE',  ( -41.25028616964527117, 21.20546976193402600, -428.9417267189011227 ) ) ;
#2935 = CARTESIAN_POINT ( 'NONE',  ( -655.0000000000000000, -2.541022349665869928, 1.707494875082272490 ) ) ;
#2936 = CARTESIAN_POINT ( 'NONE',  ( 84.71642192517026615, -12.50394264480716444, -40.21009214159063561 ) ) ;
#2937 = CARTESIAN_POINT ( 'NONE',  ( 36.10232239792048148, -29.49546495831658532, -302.8456606997248741 ) ) ;
#2938 = CARTESIAN_POINT ( 'NONE',  ( 650.0000000000000000, -4.746261016799719457, 83.67001116695557528 ) ) ;
#2939 = CARTESIAN_POINT ( 'NONE',  ( -41.17205339440513967, 42.60228229707112035, -144.6249978607830542 ) ) ;
#2940 = CARTESIAN_POINT ( 'NONE',  ( -103.3176780206461416, 29.94569113069668376, -265.7687506663090176 ) ) ;
#2941 = CARTESIAN_POINT ( 'NONE',  ( -130.0000000000000000, 18.00727174417913545, -87.14222113141839543 ) ) ;
#2942 = CARTESIAN_POINT ( 'NONE',  ( -130.0000000000002558, 19.30331294572473055, -93.34393719736358719 ) ) ;
#2943 = CARTESIAN_POINT ( 'NONE',  ( -130.0000000000001705, -8.841187770955727387, -233.3578243063308264 ) ) ;
#2944 = CARTESIAN_POINT ( 'NONE',  ( -25.74308926714308043, -14.45864069727263335, -9.982708772951886189 ) ) ;
#2945 = CARTESIAN_POINT ( 'NONE',  ( 61.74783693249033689, -21.13125215385497668, -151.9142157964569719 ) ) ;
#2946 = VERTEX_POINT ( 'NONE', #2554 ) ;
#2947 = CARTESIAN_POINT ( 'NONE',  ( 130.0000000000002274, 28.66774766823420606, -231.1394375201107323 ) ) ;
#2948 = CARTESIAN_POINT ( 'NONE',  ( -130.0000000000000284, -9.136194153377637406, -79.54366610344077060 ) ) ;
#2949 = CARTESIAN_POINT ( 'NONE',  ( -50.77064017775479954, -28.12110857483251536, -334.6613804619937582 ) ) ;
#2950 = CARTESIAN_POINT ( 'NONE',  ( 130.0000000000000000, -8.076704354091836180, -263.0337860992274841 ) ) ;
#2951 = CARTESIAN_POINT ( 'NONE',  ( 33.77927963891445273, -5.103114422057287491, 41.62542423052273932 ) ) ;
#2952 = CARTESIAN_POINT ( 'NONE',  ( 82.21218496643544427, -10.75503399734143173, -343.0357974548269340 ) ) ;
#2953 = CARTESIAN_POINT ( 'NONE',  ( 129.9999999999999432, 4.972231794869021115, -300.7490187305448330 ) ) ;
#2954 = CARTESIAN_POINT ( 'NONE',  ( -58.91216922684193236, -13.85096083265497846, -43.51123144621345773 ) ) ;
#2955 = CARTESIAN_POINT ( 'NONE',  ( 130.0000000000000568, -6.610841459411507692, -279.6454909679661114 ) ) ;
#2956 = CARTESIAN_POINT ( 'NONE',  ( 130.0000000000001421, 18.49263459741424143, -89.63933223708616538 ) ) ;
#2957 = CARTESIAN_POINT ( 'NONE',  ( -49.45525477076858323, 50.61718173937908460, -319.8807598098128437 ) ) ;
#2958 = CARTESIAN_POINT ( 'NONE',  ( -130.0000000000000284, 4.860627129856521123, -19.40533358139526499 ) ) ;
#2959 = CARTESIAN_POINT ( 'NONE',  ( -41.77710716815487757, 1.421863661331969064, -455.4438914245945966 ) ) ;
#2960 = CARTESIAN_POINT ( 'NONE',  ( -650.0000000000001137, -4.864542218301404652, 45.45790700926104222 ) ) ;
#2961 = CARTESIAN_POINT ( 'NONE',  ( -17.91173803401283493, -26.33242441464016181, 0.1158109771483276235 ) ) ;
#2962 = B_SPLINE_CURVE_WITH_KNOTS ( 'NONE', 3,
 ( #1053, #816, #2399, #3835, #2225, #2249, #884, #209, #3560, #908, #4256, #3182, #836, #3584, #1157, #2176, #1814, #2902, #562, #4231, #4159, #2601, #2506, #1837, #1915, #488 ),
 .UNSPECIFIED., .F., .F.,
 ( 4, 1, 1, 1, 1, 1, 1, 1, 1, 1, 1, 1, 1, 1, 1, 1, 1, 1, 1, 1, 1, 1, 1, 4 ),
 ( 0.1589931273174041149, 0.1718750000000162093, 0.1875000000000159039, 0.2187500000000152933, 0.2500000000000146549, 0.2812500000000140998, 0.3125000000000134337, 0.3437500000000128231, 0.3750000000000122125, 0.4062500000000116573, 0.4375000000000109912, 0.4687500000000103806, 0.5000000000000097700, 0.5312500000000091038, 0.5625000000000085487, 0.5937500000000079936, 0.6250000000000073275, 0.6562500000000067724, 0.6875000000000061062, 0.7500000000000048850, 0.8125000000000036637, 0.8750000000000023315, 0.9375000000000012212, 1.000000000000000000 ),
 .UNSPECIFIED. ) ;
#2963 = CARTESIAN_POINT ( 'NONE',  ( -83.81063408903214906, -17.28970035854442600, -150.4085538580150114 ) ) ;
#2964 = ADVANCED_FACE ( 'NONE', ( #235 ), #564, .T. ) ;
#2965 = ORIENTED_EDGE ( 'NONE', *, *, #3550, .F. ) ;
#2966 = CARTESIAN_POINT ( 'NONE',  ( 33.88609736215239110, 55.43114069736320459, -276.3316886437417566 ) ) ;
#2967 = CARTESIAN_POINT ( 'NONE',  ( -130.0000000000000284, -8.887501139690304086, -106.9181283358780092 ) ) ;
#2968 = CARTESIAN_POINT ( 'NONE',  ( -51.08211717133788454, -28.32656733292294149, -342.3713845634689505 ) ) ;
#2969 = ORIENTED_EDGE ( 'NONE', *, *, #1448, .T. ) ;
#2970 = PLANE ( 'NONE',  #4085 ) ;
#2971 = CARTESIAN_POINT ( 'NONE',  ( -655.0000000000000000, 97.50000000000000000, 209.9568563693341332 ) ) ;
#2972 = PRODUCT_DEFINITION_SHAPE ( 'NONE', 'NONE',  #4205 ) ;
#2973 = CARTESIAN_POINT ( 'NONE',  ( -99.09131174463934144, -5.340330634196070569, -316.5833777900127757 ) ) ;
#2974 = CARTESIAN_POINT ( 'NONE',  ( 650.0000000000000000, -1.753317928467107566E-16, -2.043143630665322785 ) ) ;
#2975 = CARTESIAN_POINT ( 'NONE',  ( -82.05234005417580079, 0.000000000000000000, -360.0395846282602292 ) ) ;
#2976 = CARTESIAN_POINT ( 'NONE',  ( -27.44597690507903209, -19.34683527520785518, -58.01680058648245364 ) ) ;
#2977 = CARTESIAN_POINT ( 'NONE',  ( 650.0000000000007958, -4.278691733862537205, 17.44671888143255600 ) ) ;
#2978 = CARTESIAN_POINT ( 'NONE',  ( 129.9999999999997726, 12.79742621928022572, -63.68662265073555773 ) ) ;
#2979 = CARTESIAN_POINT ( 'NONE',  ( 20.37712432293796638, 53.03695221367942025, -355.9328536331523196 ) ) ;
#2980 = CARTESIAN_POINT ( 'NONE',  ( -130.0000000000000000, 11.94908097696404781, -58.15590519014094895 ) ) ;
#2981 = CARTESIAN_POINT ( 'NONE',  ( 55.13131808791863619, 0.4717794720924289309, -435.7162770167000190 ) ) ;
#2982 = CARTESIAN_POINT ( 'NONE',  ( -129.9999999999998295, -4.119082318448972657, -8.867135015866903558 ) ) ;
#2983 = CARTESIAN_POINT ( 'NONE',  ( -57.77790214458247675, -8.457354301598167368, -0.4816872581231033679 ) ) ;
#2984 = VECTOR ( 'NONE', #3242, 1000.000000000000000 ) ;
#2985 = CARTESIAN_POINT ( 'NONE',  ( -105.6046255620873069, -12.35850548955497707, -143.8587057243483116 ) ) ;
#2986 = VERTEX_POINT ( 'NONE', #1893 ) ;
#2987 = CARTESIAN_POINT ( 'NONE',  ( 33.33440498603074076, 55.21888224111931720, -265.3741215431672344 ) ) ;
#2988 = CARTESIAN_POINT ( 'NONE',  ( 45.24650152516728951, 4.092939989628587405, 32.22163689529256203 ) ) ;
#2989 = CARTESIAN_POINT ( 'NONE',  ( -67.00957589741587128, -23.96331257416337834, -352.6347910808245274 ) ) ;
#2990 = ORIENTED_EDGE ( 'NONE', *, *, #1533, .T. ) ;
#2991 = CARTESIAN_POINT ( 'NONE',  ( -2.191006541059311129E-15, 27.88542771651254526, 49.99999999999999289 ) ) ;
#2992 = CARTESIAN_POINT ( 'NONE',  ( 650.0000000000000000, -4.458943618638788742, 74.54809306092938925 ) ) ;
#2993 = CARTESIAN_POINT ( 'NONE',  ( -130.0000000000000000, 23.37257162919233622, -115.3221563104040399 ) ) ;
#2994 = CARTESIAN_POINT ( 'NONE',  ( 40.78526340224450308, -17.56952585997466443, -432.5534860822838823 ) ) ;
#2995 = CARTESIAN_POINT ( 'NONE',  ( 649.9999999999996589, 13.67963031588050349, 20.74987795324516071 ) ) ;
#2996 =( NAMED_UNIT ( * ) SI_UNIT ( $, .STERADIAN. ) SOLID_ANGLE_UNIT ( ) );
#2997 = CARTESIAN_POINT ( 'NONE',  ( -39.71320690555363342, -16.13848902092108162, -61.24637190605960058 ) ) ;
#2998 = CARTESIAN_POINT ( 'NONE',  ( 28.08997547709538622, 34.11200805887127530, -84.00355943250551150 ) ) ;
#2999 = CARTESIAN_POINT ( 'NONE',  ( -21.05540457322706871, 48.62428390960324265, -378.9628344772331161 ) ) ;
#3000 = CARTESIAN_POINT ( 'NONE',  ( -130.0000000000000284, 8.097838342875233408, -38.67034075934289916 ) ) ;
#3001 = CARTESIAN_POINT ( 'NONE',  ( -23.15670442413907892, 2.845425125381017661, -474.0462820185990154 ) ) ;
#3002 = CARTESIAN_POINT ( 'NONE',  ( -130.0000000000000000, -3.013895860893518908, -4.428038744968818996 ) ) ;
#3003 = CARTESIAN_POINT ( 'NONE',  ( -57.96694665829233628, -9.207358749546953547, -7.641404655268658530 ) ) ;
#3004 = CARTESIAN_POINT ( 'NONE',  ( -130.0000000000000000, -8.842984877391282694, -131.0336439933634267 ) ) ;
#3005 = EDGE_LOOP ( 'NONE', ( #3770, #967, #2547 ) ) ;
#3006 = CARTESIAN_POINT ( 'NONE',  ( 60.91888178594559378, 46.93586673134330312, -228.3167042808009057 ) ) ;
#3007 = PLANE ( 'NONE',  #1215 ) ;
#3008 = B_SPLINE_SURFACE_WITH_KNOTS ( 'NONE', 3, 1, ( 
 ( #1398, #1771 ),
 ( #2744, #4072 ),
 ( #3385, #2111 ),
 ( #3052, #1708 ),
 ( #445, #1073 ),
 ( #2419, #3368 ),
 ( #2789, #3119 ),
 ( #1377, #3753 ),
 ( #3852, #754 ),
 ( #1173, #2089 ),
 ( #424, #97 ),
 ( #121, #3032 ),
 ( #4095, #2523 ),
 ( #1094, #1356 ),
 ( #2027, #363 ),
 ( #2378, #1688 ),
 ( #2707, #4032 ),
 ( #1030, #3711 ),
 ( #712, #2615 ),
 ( #3226, #1551 ),
 ( #3576, #901 ),
 ( #3599, #4247 ),
 ( #224, #2571 ),
 ( #602, #1196 ),
 ( #1220, #852 ),
 ( #624, #3922 ),
 ( #3901, #1284 ),
 ( #944, #276 ),
 ( #3553, #3277 ),
 ( #1577, #1244 ),
 ( #2193, #4287 ),
 ( #4270, #2593 ),
 ( #1602, #2241 ),
 ( #3252, #2960 ),
 ( #1954, #1621 ),
 ( #1264, #2636 ),
 ( #579, #3525 ),
 ( #554, #528 ),
 ( #2943, #923 ),
 ( #877, #3944 ),
 ( #1931, #2287 ),
 ( #3198, #1857 ),
 ( #3298, #2544 ),
 ( #3625, #2265 ),
 ( #295, #202 ),
 ( #1882, #1526 ),
 ( #2871, #4198 ),
 ( #3876, #2218 ),
 ( #2895, #4223 ),
 ( #1907, #250 ),
 ( #2920, #3021 ),
 ( #2678, #3963 ),
 ( #4023, #3702 ),
 ( #684, #4308 ),
 ( #3337, #4001 ),
 ( #25, #1977 ),
 ( #3041, #334 ),
 ( #703, #3376 ),
 ( #3316, #661 ),
 ( #3358, #964 ),
 ( #1678, #65 ) ),
 .UNSPECIFIED., .F., .F., .F.,
 ( 4, 1, 1, 1, 1, 1, 1, 1, 1, 1, 1, 1, 1, 1, 1, 1, 1, 1, 1, 1, 1, 1, 1, 1, 1, 1, 1, 1, 1, 1, 1, 1, 1, 1, 1, 1, 1, 1, 1, 1, 1, 1, 1, 1, 1, 1, 1, 1, 1, 1, 1, 1, 1, 1, 1, 1, 1, 1, 4 ),
 ( 2, 2 ),
 ( 0.000000000000000000, 0.01562500000000000000, 0.03125000000000000000, 0.04687500000000000000, 0.06250000000000000000, 0.07812500000000000000, 0.09375000000000000000, 0.1093750000000000000, 0.1250000000000000000, 0.1406250000000000000, 0.1562500000000000000, 0.1718750000000000000, 0.1875000000000000000, 0.2031250000000000000, 0.2187500000000000000, 0.2343750000000000000, 0.2500000000000000000, 0.2656250000000000000, 0.2812500000000000000, 0.3125000000000000000, 0.3437500000000000000, 0.3750000000000000000, 0.4062500000000000000, 0.4375000000000000000, 0.4687500000000000000, 0.5000000000000000000, 0.5312500000000000000, 0.5625000000000000000, 0.5937500000000000000, 0.6250000000000000000, 0.6562500000000000000, 0.6875000000000000000, 0.7031250000000000000, 0.7187500000000000000, 0.7343750000000000000, 0.7500000000000000000, 0.7656250000000000000, 0.7812500000000000000, 0.7968750000000000000, 0.8125000000000000000, 0.8281250000000000000, 0.8437500000000000000, 0.8593750000000000000, 0.8750000000000000000, 0.8906250000000000000, 0.9062500000000000000, 0.9218750000000000000, 0.9296875000000000000, 0.9375000000000000000, 0.9453125000000000000, 0.9492187500000000000, 0.9531250000000000000, 0.9570312500000000000, 0.9609375000000000000, 0.9687500000000000000, 0.9765625000000000000, 0.9843750000000000000, 0.9921875000000000000, 1.000000000000000000 ),
 ( 0.000000000000000000, 1.000000000000000000 ),
 .UNSPECIFIED. ) ;
#3009 = CARTESIAN_POINT ( 'NONE',  ( 22.16613228090930576, -34.09985990954807988, -392.2796972281265653 ) ) ;
#3010 = VERTEX_POINT ( 'NONE', #3816 ) ;
#3011 = CARTESIAN_POINT ( 'NONE',  ( -130.0000000000000284, -8.868587094263272519, -140.4948437927594114 ) ) ;
#3012 = CARTESIAN_POINT ( 'NONE',  ( 25.00000000000000711, 7.963224597458997245, 49.99999999999999289 ) ) ;
#3013 = ADVANCED_FACE ( 'NONE', ( #3510 ), #3536, .F. ) ;
#3014 = CARTESIAN_POINT ( 'NONE',  ( -82.07898087288569400, -2.750483263552824020, -357.6059735555542716 ) ) ;
#3015 = CARTESIAN_POINT ( 'NONE',  ( 130.0000000000001705, 10.98839699396598846, -296.7958708225105511 ) ) ;
#3016 = CARTESIAN_POINT ( 'NONE',  ( 28.01360611772435760, -20.71786903631942778, -74.06958407269651445 ) ) ;
#3017 = CARTESIAN_POINT ( 'NONE',  ( 87.46142108709851470, 22.00902388953207378, -86.72003543282636429 ) ) ;
#3018 = CARTESIAN_POINT ( 'NONE',  ( 65.88944584251572678, 42.00918597972591328, -328.6712942589044815 ) ) ;
#3019 = CARTESIAN_POINT ( 'NONE',  ( -130.0000000000000000, 7.572665626980586318, -35.82983732481758921 ) ) ;
#3020 = CARTESIAN_POINT ( 'NONE',  ( 129.9999999999999716, 0.4382873388059840281, -300.1973819959396224 ) ) ;
#3021 = CARTESIAN_POINT ( 'NONE',  ( -650.0000000000005684, -3.140655954833132313, 6.268157264219021307 ) ) ;
#3022 = CARTESIAN_POINT ( 'NONE',  ( 130.0000000000002274, -2.112941434999894064, 13.74255985131660829 ) ) ;
#3023 = CARTESIAN_POINT ( 'NONE',  ( 129.9999999999999147, -8.811990408592061286, -120.0857139834571257 ) ) ;
#3024 = B_SPLINE_CURVE_WITH_KNOTS ( 'NONE', 3,
 ( #2772, #4034, #1712, #3055, #2792, #2071, #3409, #4075, #2422, #3756, #757, #2092, #3776, #779, #2116, #1775, #3123, #1446, #4120, #3796, #2465, #1182, #2832, #1918, #513, #3885, #3210, #1512, #4184, #145, #3910, #1537, #2812, #4161, #3184, #2487, #4140, #165, #1229, #1816, #211, #838, #2508, #2178, #1561, #2855 ),
 .UNSPECIFIED., .F., .F.,
 ( 4, 1, 1, 1, 1, 2, 2, 1, 1, 1, 1, 2, 2, 1, 1, 1, 1, 1, 1, 1, 1, 2, 2, 1, 1, 1, 1, 1, 1, 2, 2, 1, 1, 1, 1, 4 ),
 ( 0.4758648628263811853, 0.4818820056511453065, 0.4833862913573363507, 0.4841384342104318450, 0.4843264699237057602, 0.4843734788520242529, 0.4843969833161835825, 0.4844204877803429121, 0.4845145056369802306, 0.4848905770635287826, 0.4878991484759171993, 0.4999334341254710323, 0.5006855769785680810, 0.5014377198316650741, 0.5029420055378590604, 0.5059505769502469219, 0.5119677197750227560, 0.5240020054245744241, 0.5480705767236779824, 0.5601048623732296505, 0.5616091480794236368, 0.5623612909325205189, 0.5625493266457947117, 0.5627373623590687934, 0.5631134337856175121, 0.5661220051980081491, 0.5721391480227894233, 0.6202762906210392835, 0.6232848620334299206, 0.6247891477396252391, 0.6251652191661740687, 0.6255412905927228984, 0.6262934334458203356, 0.6323105762705998334, 0.6443448619201590510, 0.6684134332192773753 ),
 .UNSPECIFIED. ) ;
#3025 = CARTESIAN_POINT ( 'NONE',  ( -129.9999999999998863, -8.332538183835861645, -25.31156632495968850 ) ) ;
#3026 = CARTESIAN_POINT ( 'NONE',  ( -45.58544396523032560, 52.68112078623757100, -258.5498001222537141 ) ) ;
#3027 = CARTESIAN_POINT ( 'NONE',  ( 39.37054850431354680, 4.012536755237669617, 36.82668548277302278 ) ) ;
#3028 = CARTESIAN_POINT ( 'NONE',  ( 22.25665130743907483, -33.46100066870154421, -400.5154660462695801 ) ) ;
#3029 = ORIENTED_EDGE ( 'NONE', *, *, #2180, .T. ) ;
#3030 = CARTESIAN_POINT ( 'NONE',  ( -24.18210893236836512, -9.222087938733404044, 33.97951081585921429 ) ) ;
#3031 = CARTESIAN_POINT ( 'NONE',  ( -130.0000000000000284, 23.78268376504642845, -118.2843838101942708 ) ) ;
#3032 = CARTESIAN_POINT ( 'NONE',  ( -650.0000000000005684, -5.322052703166394672, 134.6840678185083675 ) ) ;
#3033 = CARTESIAN_POINT ( 'NONE',  ( 99.09131174463934144, -5.340330634196074122, -316.5833777900127757 ) ) ;
#3034 = CARTESIAN_POINT ( 'NONE',  ( 649.9999999999994316, 10.51341947313170166, 7.956454688183262292 ) ) ;
#3035 = CARTESIAN_POINT ( 'NONE',  ( 130.0000000000000000, -3.246889241610710819E-16, -300.0000000000000000 ) ) ;
#3036 = CARTESIAN_POINT ( 'NONE',  ( 18.90744732583966581, -32.59808429868624557, -91.59585994147035137 ) ) ;
#3037 = CARTESIAN_POINT ( 'NONE',  ( -16.58695651882614897, 32.04279746520406036, -38.97073485498264489 ) ) ;
#3038 = CARTESIAN_POINT ( 'NONE',  ( -53.26245612641989169, -23.30096041921524375, -394.9918068518917380 ) ) ;
#3039 = CARTESIAN_POINT ( 'NONE',  ( -130.0000000000000000, 13.92844657299195710, -67.63066055505413487 ) ) ;
#3040 = CARTESIAN_POINT ( 'NONE',  ( -82.05633922318416751, 2.790818044827983346, -358.8718106675848958 ) ) ;
#3041 = CARTESIAN_POINT ( 'NONE',  ( -129.9999999999997442, -4.220849334769401828, -294.1631445689571365 ) ) ;
#3042 = CARTESIAN_POINT ( 'NONE',  ( 18.22855462686686323, -28.64707769396402881, -29.03268644373386920 ) ) ;
#3043 = CARTESIAN_POINT ( 'NONE',  ( -62.94511885265299611, -22.83773279935543599, -197.6472801517411426 ) ) ;
#3044 = CARTESIAN_POINT ( 'NONE',  ( -649.9999999999998863, -4.717236727391197704, 72.72280693406710839 ) ) ;
#3045 = CARTESIAN_POINT ( 'NONE',  ( -32.11947587358794465, 54.20060065255489690, -240.4442608720367218 ) ) ;
#3046 = CARTESIAN_POINT ( 'NONE',  ( 3.517537247533976459E-14, 28.96910156905639511, -446.8570299557046610 ) ) ;
#3047 = CARTESIAN_POINT ( 'NONE',  ( 25.00000000000000711, 7.868799009346824747, 49.99999999999999289 ) ) ;
#3048 = AXIS2_PLACEMENT_3D ( 'NONE', #892, #1165, #1212 ) ;
#3049 = CARTESIAN_POINT ( 'NONE',  ( -39.46079523940539957, -28.48928760953835848, -397.4442868794706669 ) ) ;
#3050 = ORIENTED_EDGE ( 'NONE', *, *, #1693, .F. ) ;
#3051 = CARTESIAN_POINT ( 'NONE',  ( 56.45459054861321135, 2.462355812128075971, 50.00000000000000711 ) ) ;
#3052 = CARTESIAN_POINT ( 'NONE',  ( -129.9999999999998295, -4.119082318448972657, -8.867135015866903558 ) ) ;
#3053 = CARTESIAN_POINT ( 'NONE',  ( -25.80870195717139737, -7.335295540704188433, 49.17725594725970240 ) ) ;
#3054 = CARTESIAN_POINT ( 'NONE',  ( -55.13131808791861488, 0.000000000000000000, -436.1643530901230292 ) ) ;
#3055 = CARTESIAN_POINT ( 'NONE',  ( -130.0000000000000284, -8.873120999217396943, -139.9706831730332510 ) ) ;
#3056 = CARTESIAN_POINT ( 'NONE',  ( 59.29025825426172958, -15.29585937707643417, -57.96363485251096392 ) ) ;
#3057 = CARTESIAN_POINT ( 'NONE',  ( -24.73335365906615380, 15.69977436664904502, -10.24464316838495037 ) ) ;
#3058 = CARTESIAN_POINT ( 'NONE',  ( 3.375273709200176217E-14, -30.65108126353331031, -436.7026327535398309 ) ) ;
#3059 = CARTESIAN_POINT ( 'NONE',  ( -129.9999999999999432, 27.96085900034273664, -153.7311532060076615 ) ) ;
#3060 = CARTESIAN_POINT ( 'NONE',  ( -55.09207256607131598, 5.639625022864476200, -430.4192888992242274 ) ) ;
#3061 = CARTESIAN_POINT ( 'NONE',  ( -130.0000000000000000, 28.52692049201314717, -161.2797449782888748 ) ) ;
#3062 = CARTESIAN_POINT ( 'NONE',  ( -58.06146891514750763, -9.575182865561632894, -11.22588248838309255 ) ) ;
#3063 = CARTESIAN_POINT ( 'NONE',  ( -83.33109935225326126, -18.69332281119314487, -208.6651900414107956 ) ) ;
#3064 = ORIENTED_EDGE ( 'NONE', *, *, #690, .T. ) ;
#3065 = CARTESIAN_POINT ( 'NONE',  ( -58.79340568888880370, 39.58196494557356004, -155.2690865559888493 ) ) ;
#3066 = EDGE_CURVE ( 'NONE', #1199, #1980, #4233, .T. ) ;
#3067 = CARTESIAN_POINT ( 'NONE',  ( -54.38325690622274067, 23.09304040823926130, -405.9665336906480206 ) ) ;
#3068 = PLANE ( 'NONE',  #3115 ) ;
#3069 = CARTESIAN_POINT ( 'NONE',  ( -650.0000000000000000, 1.401587967563389103, -2.514511436744269357 ) ) ;
#3070 = CARTESIAN_POINT ( 'NONE',  ( 36.13122147934753059, -5.861374527285547309, 26.90416577035851375 ) ) ;
#3071 = CARTESIAN_POINT ( 'NONE',  ( 22.07561325437962907, -34.48380448570438261, -383.9898988176394141 ) ) ;
#3072 = ORIENTED_EDGE ( 'NONE', *, *, #1181, .T. ) ;
#3073 = CARTESIAN_POINT ( 'NONE',  ( -130.0000000000000000, -8.969439648781900587, -191.5559549086620166 ) ) ;
#3074 = FACE_OUTER_BOUND ( 'NONE', #422, .T. ) ;
#3075 = CARTESIAN_POINT ( 'NONE',  ( 650.0000000000004547, -1.080672878120673586, -1.205472915149355284 ) ) ;
#3076 = CARTESIAN_POINT ( 'NONE',  ( 3.721866374731375873E-14, -9.661020578780888712, -479.6628821632256745 ) ) ;
#3077 = CARTESIAN_POINT ( 'NONE',  ( 130.0000000000003411, 27.22551110093073135, -145.0544737032067815 ) ) ;
#3078 = CARTESIAN_POINT ( 'NONE',  ( 59.51081018692329394, -15.97233059439420089, -66.41306629530015471 ) ) ;
#3079 = CARTESIAN_POINT ( 'NONE',  ( -56.90453838321715807, 9.675324361840772269, -9.105463999754018545 ) ) ;
#3080 = CARTESIAN_POINT ( 'NONE',  ( 40.07572688643784886, -24.84606470421112334, -414.0353924586215726 ) ) ;
#3081 = CARTESIAN_POINT ( 'NONE',  ( -129.9999999999999716, 27.63808659702066706, -149.7246504947754602 ) ) ;
#3082 = CARTESIAN_POINT ( 'NONE',  ( -98.78267209995041753, 4.179979625739239424, -323.5179843934280939 ) ) ;
#3083 = CARTESIAN_POINT ( 'NONE',  ( -650.0000000000000000, 1.401587967563389103, -2.514511436744269357 ) ) ;
#3084 = CARTESIAN_POINT ( 'NONE',  ( 38.00008344084626799, -11.30476864209263965, -19.03677786170172226 ) ) ;
#3085 = CARTESIAN_POINT ( 'NONE',  ( 20.62730882990421222, -36.10091612146954532, -250.2859031777896064 ) ) ;
#3086 = CARTESIAN_POINT ( 'NONE',  ( -649.9999999999998863, -4.856782457194425362, 42.54297756800176700 ) ) ;
#3087 = CARTESIAN_POINT ( 'NONE',  ( 58.86965595246034866, 40.72772581799574709, -165.7686324112888769 ) ) ;
#3088 = CARTESIAN_POINT ( 'NONE',  ( -100.0882391009100587, 21.85851601469511607, -298.8983288310540729 ) ) ;
#3089 = CARTESIAN_POINT ( 'NONE',  ( -130.0000000000000568, 20.61441769890724629, -100.2907879440224832 ) ) ;
#3090 = CARTESIAN_POINT ( 'NONE',  ( -130.0000000000000284, 2.598268028726801404, -300.8736273940464230 ) ) ;
#3091 = EDGE_CURVE ( 'NONE', #537, #2661, #4009, .T. ) ;
#3092 = CARTESIAN_POINT ( 'NONE',  ( 60.80261436394096108, -19.48612312039378480, -115.8171122061897762 ) ) ;
#3093 = ORIENTED_EDGE ( 'NONE', *, *, #234, .T. ) ;
#3094 = CARTESIAN_POINT ( 'NONE',  ( -129.9999999999999716, -8.890640162603743235, -32.79073523767046794 ) ) ;
#3095 = CARTESIAN_POINT ( 'NONE',  ( 130.0000000000000000, -2.963796408023863460, -7.403667499062260404 ) ) ;
#3096 = CARTESIAN_POINT ( 'NONE',  ( -129.9999999999999716, -2.090777229217037014, 16.39441714236330583 ) ) ;
#3097 = CARTESIAN_POINT ( 'NONE',  ( -29.25671178833121644, -5.951208106506842732, 45.79879260014312337 ) ) ;
#3098 = CARTESIAN_POINT ( 'NONE',  ( -98.98091659519111829, -4.148380300040941826, -319.2836873276932010 ) ) ;
#3099 = CARTESIAN_POINT ( 'NONE',  ( 650.0000000000001137, 12.66509988933579578, 97.26460764545541338 ) ) ;
#3100 = B_SPLINE_CURVE_WITH_KNOTS ( 'NONE', 3,
 ( #2909, #4236, #3495, #495, #2671, #2300, #3695, #1632, #993 ),
 .UNSPECIFIED., .F., .F.,
 ( 4, 1, 1, 1, 1, 1, 4 ),
 ( 0.3845974309588666706, 0.3963383804892443019, 0.4247020925899207544, 0.5000000000000000000, 0.5752979074100792456, 0.6036616195107555871, 0.6154025690411332183 ),
 .UNSPECIFIED. ) ;
#3101 = CARTESIAN_POINT ( 'NONE',  ( -109.4684557927766804, -10.47224214625281036, -40.80847012971555898 ) ) ;
#3102 = CARTESIAN_POINT ( 'NONE',  ( 16.40657174436273280, 33.78110664538824892, -50.05515144332522226 ) ) ;
#3103 = CARTESIAN_POINT ( 'NONE',  ( 82.39867069740505201, -16.91778604815703702, -321.5542980928845509 ) ) ;
#3104 = CARTESIAN_POINT ( 'NONE',  ( 650.0000000000000000, -4.850584950583141541, 32.44054089325399559 ) ) ;
#3105 = CARTESIAN_POINT ( 'NONE',  ( 68.53817448070276441, 4.229118433466795501, -402.9659345207873002 ) ) ;
#3106 = LINE ( 'NONE', #1761, #40 ) ;
#3107 = CARTESIAN_POINT ( 'NONE',  ( 3.189565676977824437E-15, -34.23954714936983379, -22.47177939869553853 ) ) ;
#3108 = CARTESIAN_POINT ( 'NONE',  ( 63.63828206958928035, -23.75752170406946107, -224.1342377076924208 ) ) ;
#3109 = CARTESIAN_POINT ( 'NONE',  ( -130.0000000000000568, -8.683052096492504646, -43.13809259809601571 ) ) ;
#3110 = CARTESIAN_POINT ( 'NONE',  ( 29.43035237904954826, 46.16808157600609519, -155.6302560836844862 ) ) ;
#3111 = CARTESIAN_POINT ( 'NONE',  ( -100.3007195529237947, 22.79823883264172935, -296.1849955772263456 ) ) ;
#3112 = CARTESIAN_POINT ( 'NONE',  ( -91.07699965652774665, 4.621715637710415159, 8.103196003598537089 ) ) ;
#3113 = CARTESIAN_POINT ( 'NONE',  ( -650.0000000000000000, -1.753317928467107566E-16, -2.043143630665322785 ) ) ;
#3114 = PRODUCT ( 'UAVf\X2\0131\X0\xedw\X2\0131\X0\ng', 'UAVf\X2\0131\X0\xedw\X2\0131\X0\ng', '', ( #3673 ) ) ;
#3115 = AXIS2_PLACEMENT_3D ( 'NONE', #3688, #1646, #2373 ) ;
#3116 = CARTESIAN_POINT ( 'NONE',  ( -107.3709479532596873, -11.70573298569233245, -96.92993982949231224 ) ) ;
#3117 = ORIENTED_EDGE ( 'NONE', *, *, #2298, .T. ) ;
#3118 = CARTESIAN_POINT ( 'NONE',  ( -649.9999999999989768, -4.761637805452401118, 32.71896981570057505 ) ) ;
#3119 = CARTESIAN_POINT ( 'NONE',  ( -649.9999999999995453, -4.389676193718264230, 147.3571413200975542 ) ) ;
#3120 = CARTESIAN_POINT ( 'NONE',  ( -106.7343482902380316, -4.435730306185524441, 3.772845607363011666 ) ) ;
#3121 = CARTESIAN_POINT ( 'NONE',  ( -649.9999999999996589, -4.716295558932666943, 72.97402582148075112 ) ) ;
#3122 = EDGE_CURVE ( 'NONE', #3709, #2986, #3238, .T. ) ;
#3123 = CARTESIAN_POINT ( 'NONE',  ( -130.0000000000000000, -8.898455236009123581, -145.6823185812439760 ) ) ;
#3124 = CARTESIAN_POINT ( 'NONE',  ( -29.57458645249912266, -24.06811538482874013, -118.2239738581182849 ) ) ;
#3125 = CARTESIAN_POINT ( 'NONE',  ( -26.52241604938637565, 25.45434690695624269, -50.07859048467318530 ) ) ;
#3126 = CARTESIAN_POINT ( 'NONE',  ( 67.32465008693215225, -21.88130526381721808, -364.2138453910302474 ) ) ;
#3127 = CARTESIAN_POINT ( 'NONE',  ( 650.0000000000000000, -2.500000000000002220, 159.9568563693341616 ) ) ;
#3128 = CARTESIAN_POINT ( 'NONE',  ( 130.0000000000003126, 4.170298521443416284, -300.7975654869142659 ) ) ;
#3129 = CARTESIAN_POINT ( 'NONE',  ( -390.0000000000000000, 2.499999999999999112, 79.97842818466708081 ) ) ;
#3130 = CARTESIAN_POINT ( 'NONE',  ( -110.9035927356040361, -4.380279065250955561, -2.983522231213560971 ) ) ;
#3131 = CARTESIAN_POINT ( 'NONE',  ( 83.24229662322004231, -18.76786167096073044, -219.4620841399627693 ) ) ;
#3132 = CARTESIAN_POINT ( 'NONE',  ( 649.9999999999998863, -2.972785045662814873, 157.4442099128362713 ) ) ;
#3133 = CARTESIAN_POINT ( 'NONE',  ( -15.75351395013367295, 51.63973612214036280, -186.1579916207834060 ) ) ;
#3134 = CARTESIAN_POINT ( 'NONE',  ( 82.44551910006967432, 21.93523078905360180, -335.0608504508945771 ) ) ;
#3135 = CARTESIAN_POINT ( 'NONE',  ( -33.66616008951487515, 4.508820125774495757, 41.72650872914414322 ) ) ;
#3136 = CARTESIAN_POINT ( 'NONE',  ( -649.9999999999992042, 14.89092891359504023, 28.60060489153833174 ) ) ;
#3137 = CARTESIAN_POINT ( 'NONE',  ( -130.0000000000000853, -8.738101039745551191, -92.73461728397396087 ) ) ;
#3138 = EDGE_LOOP ( 'NONE', ( #1247, #2526, #2371, #3947 ) ) ;
#3139 = CARTESIAN_POINT ( 'NONE',  ( -649.9999999999998863, -4.597332125566650163, 25.50455934244075351 ) ) ;
#3140 = CARTESIAN_POINT ( 'NONE',  ( -110.3740500059169278, -4.153007016758235359, 2.961556902042665751 ) ) ;
#3141 = CARTESIAN_POINT ( 'NONE',  ( -130.0000000000000000, 24.48135141383963997, -122.8859331017861223 ) ) ;
#3142 = CARTESIAN_POINT ( 'NONE',  ( 650.0000000000003411, 14.71465987076591553, 81.52619077442777495 ) ) ;
#3143 = CARTESIAN_POINT ( 'NONE',  ( -129.9999999999998295, -8.680313720390785193, -48.69445065678274176 ) ) ;
#3144 = ADVANCED_FACE ( 'NONE', ( #695 ), #1335, .T. ) ;
#3145 = CARTESIAN_POINT ( 'NONE',  ( 35.73363052439324150, 7.642379776179146766, 8.266649627360866504 ) ) ;
#3146 = CARTESIAN_POINT ( 'NONE',  ( -82.31874824127544343, -14.88706351949576501, -330.8848273568863192 ) ) ;
#3147 = CARTESIAN_POINT ( 'NONE',  ( 390.0000000000000000, -8.766589642335537829E-17, -151.0215718153326634 ) ) ;
#3148 = CARTESIAN_POINT ( 'NONE',  ( 82.25108385727627081, 16.79414291812027216, -343.9840676917648352 ) ) ;
#3149 = CARTESIAN_POINT ( 'NONE',  ( -130.0000000000000000, -8.076704354091834404, -263.0337860992272567 ) ) ;
#3150 = CARTESIAN_POINT ( 'NONE',  ( -58.62860245627715017, -12.35159313387496915, -32.73463185853759683 ) ) ;
#3151 = CARTESIAN_POINT ( 'NONE',  ( -48.59030122267283502, -26.75791834601087871, -280.6340417404194341 ) ) ;
#3152 = CARTESIAN_POINT ( 'NONE',  ( 649.9999999999994316, -5.558986241470016409, 124.5067238234551468 ) ) ;
#3153 = CARTESIAN_POINT ( 'NONE',  ( -88.06012320915397140, 32.02152771333007308, -154.7616772671285901 ) ) ;
#3154 = CARTESIAN_POINT ( 'NONE',  ( 130.0000000000003411, 23.93829849508935581, -264.6268741129589444 ) ) ;
#3155 = CARTESIAN_POINT ( 'NONE',  ( -68.35707703756456510, 4.995818870876055584, 17.67273613672167798 ) ) ;
#3156 = CARTESIAN_POINT ( 'NONE',  ( -649.9999999999998863, 4.942687098259074041, -1.273391734905170880 ) ) ;
#3157 = CARTESIAN_POINT ( 'NONE',  ( -129.9999999999998863, -8.714014431827136420, -81.77461454788030437 ) ) ;
#3158 = ORIENTED_EDGE ( 'NONE', *, *, #1243, .T. ) ;
#3159 = CARTESIAN_POINT ( 'NONE',  ( -129.9999999999999716, -8.978905383930486650, -36.09157054236300866 ) ) ;
#3160 = VERTEX_POINT ( 'NONE', #1275 ) ;
#3161 = CARTESIAN_POINT ( 'NONE',  ( -56.64363506232313483, -3.433833328788562955, 42.68107562927279020 ) ) ;
#3162 = CARTESIAN_POINT ( 'NONE',  ( -650.0000000000000000, -4.746261016799719457, 83.67001116695557528 ) ) ;
#3163 = CARTESIAN_POINT ( 'NONE',  ( -649.9999999999992042, -5.553495781016109412, 119.4087473656232703 ) ) ;
#3164 = CARTESIAN_POINT ( 'NONE',  ( -129.9999999999998295, -8.683634037142864415, -59.76477958570137616 ) ) ;
#3165 = CARTESIAN_POINT ( 'NONE',  ( -85.56637665838886164, 3.785238571287593334, 23.57626379095960445 ) ) ;
#3166 = CARTESIAN_POINT ( 'NONE',  ( 40.21763418959913139, -23.68350587449331002, -417.7988198852787605 ) ) ;
#3167 = LINE ( 'NONE', #1921, #2984 ) ;
#3168 = CARTESIAN_POINT ( 'NONE',  ( -99.23699753849469118, 15.68045729913971442, -312.0757089179574564 ) ) ;
#3169 = CARTESIAN_POINT ( 'NONE',  ( 27.02025499559501043, -18.17842940649224204, -45.99513094526917456 ) ) ;
#3170 = CARTESIAN_POINT ( 'NONE',  ( -36.10232239792043885, -29.49546495831659243, -302.8456606997249878 ) ) ;
#3171 = CARTESIAN_POINT ( 'NONE',  ( 649.9999999999992042, -5.564840829634796648, 121.9583442559295179 ) ) ;
#3172 = CARTESIAN_POINT ( 'NONE',  ( 113.1639658234334433, 24.46260550733718730, -125.5991428414169917 ) ) ;
#3173 = CARTESIAN_POINT ( 'NONE',  ( -22.33707162950257796, 33.05734278930129477, -425.6698756009084263 ) ) ;
#3174 = B_SPLINE_SURFACE_WITH_KNOTS ( 'NONE', 3, 3, ( 
 ( #3208, #587, #1486, #4182, #232, #186, #1179, #2529, #3859, #2929, #2200, #1891, #3908, #3534, #538 ),
 ( #3260, #1866, #1535, #2878, #260, #2578, #4206, #511, #1203, #3235, #1586, #3489, #2154, #3930, #1559 ),
 ( #2830, #1251, #1227, #3161, #3691, #2315, #1941, #651, #3325, #4010, #3284, #1312, #693, #3347, #3989 ),
 ( #14, #631, #2025, #670, #302, #3030, #1963, #1354, #3305, #1291, #988, #2006, #3542, #3605, #256 ),
 ( #2926, #1938, #1271, #3858, #4253, #1960, #858, #1863, #3205, #1532, #3070, #1459, #576, #1138, #3211 ),
 ( #1294, #2219, #3176, #1552, #2545, #1503, #776, #924, #1858, #180, #2921, #251, #3199, #3227, #225 ),
 ( #580, #3554, #2847, #2896, #3877, #4175, #2112, #2266, #203, #1174, #4248, #1578, #1527, #4224, #2442 ),
 ( #1908, #3902, #555, #3577, #1419, #3773, #902, #2242, #878, #1245, #1221, #2872, #853, #4199, #2594 ),
 ( #1197, #2524, #1831, #505, #3526, #3923, #2767, #3853, #2194, #3253, #529, #1883, #2572, #425, #1751 ),
 ( #3096, #4096, #99, #1095, #3448, #1285, #2961, #3964, #26, #4288, #3338, #1002, #2637, #1622, #965 ),
 ( #1978, #3644, #2309, #2348, #4002, #644, #2288, #3317, #3299, #1679, #603, #3600, #4024, #3945, #3022 ),
 ( #314, #625, #7, #2983, #1955, #1021, #1641, #3661, #335, #1932, #3983, #1265, #3683, #296, #4309 ),
 ( #2659, #1603, #1327, #2679, #1305, #2944, #685, #2018, #982, #4271, #2328, #2616, #662, #3278, #1347 ),
 ( #277, #1996, #1662, #3003, #3359, #355, #2697, #945, #3626, #2408, #1720, #4062, #722, #1063, #455 ),
 ( #3723, #2057, #1106, #3062, #3396, #2755, #133, #3107, #3416, #3783, #1699, #66, #435, #394, #1387 ),
 ( #2735, #3130, #3743, #2100, #4107, #743, #2079, #413, #786, #1740, #3084, #86, #2453, #2779, #1408 ),
 ( #4082, #1084, #1784, #3703, #2369, #2800, #2716, #1454, #3042, #4128, #2431, #3763, #2122, #765, #704 ),
 ( #3436, #3458, #2038, #1762, #3377, #110, #1432, #374, #47, #1367, #4042, #1041, #2389, #2234, #3480 ),
 ( #153, #2564, #3569, #478, #2840, #1189, #825, #571, #172, #3869, #2888, #3245, #2495, #1519, #4168 ),
 ( #1544, #4216, #1875, #1166, #2863, #1125, #1474, #243, #805, #3546, #845, #2516, #1146, #3823, #1803 ),
 ( #4191, #498, #1900, #3150, #3191, #3845, #2186, #1496, #3219, #3518, #2819, #195, #2472, #1569, #2912 ),
 ( #1824, #3498, #2164, #3803, #521, #2144, #4146, #2538, #1848, #3169, #871, #2210, #547, #218, #1213 ),
 ( #3893, #893, #995, #2258, #3996, #3270, #1321, #2341, #3592, #1615, #4301, #3937, #3675, #3291, #2652 ),
 ( #2012, #1258, #307, #2954, #1298, #329, #1656, #656, #4281, #1634, #4240, #269, #3353, #3916, #2322 ),
 ( #1278, #4263, #2608, #595, #3618, #2976, #618, #679, #1924, #1970, #2629, #3957, #287, #1990, #2302 ),
 ( #3310, #1235, #349, #1673, #2672, #2586, #1947, #2279, #937, #916, #3637, #1595, #2936, #3976, #957 ),
 ( #637, #976, #3654, #3331, #2997, #1, #1361, #1756, #2383, #4036, #3410, #780, #3757, #4056, #103 ),
 ( #3717, #1078, #1035, #717, #2052, #3389, #3777, #387, #2749, #429, #1713, #3056, #60, #1426, #1381 ),
 ( #2730, #3101, #3430, #1056, #1692, #2402, #2710, #1099, #19, #3016, #3452, #3371, #2446, #2363, #2117 ),
 ( #3737, #2773, #735, #1341, #2073, #408, #4100, #2690, #1734, #449, #2423, #3078, #80, #4017, #1402 ),
 ( #1015, #3697, #4076, #698, #758, #2093, #2032, #368, #3036, #39, #1513, #1139, #2882, #4121, #1538 ),
 ( #3143, #2466, #2813, #1119, #1160, #1777, #1206, #3839, #2228, #3817, #2856, #146, #863, #1183, #887 ),
 ( #1468, #1817, #2489, #3492, #4141, #4185, #491, #1869, #3511, #819, #2532, #839, #2158, #2138, #3563 ),
 ( #3164, #4209, #2555, #166, #189, #3797, #1489, #3212, #2203, #1841, #541, #2793, #799, #3538, #212 ),
 ( #3887, #3862, #2833, #4162, #2509, #3124, #3185, #127, #1447, #3474, #472, #1797, #2179, #514, #565 ),
 ( #2905, #3239, #236, #1562, #1894, #140, #465, #485, #4135, #1132, #832, #2479, #3423, #3750, #4092 ),
 ( #1415, #3810, #4154, #2807, #2130, #812, #2826, #1832, #772, #2762, #1153, #3092, #1091, #750, #1811 ),
 ( #3157, #1747, #160, #4069, #793, #1439, #1504, #1113, #2438, #1482, #3466, #2502, #2460, #4114, #2786 ),
 ( #3829, #3116, #3769, #3791, #2108, #2171, #1070, #2415, #181, #93, #3505, #421, #506, #1791, #1768 ),
 ( #3137, #2086, #1462, #2151, #3177, #3443, #3486, #442, #118, #3254, #4249, #925, #1175, #2617, #2595 ),
 ( #3946, #854, #946, #1859, #4272, #2290, #2195, #226, #2922, #2546, #3627, #1884, #1246, #278, #626 ),
 ( #1934, #2267, #1956, #4176, #4200, #2897, #2220, #1553, #1198, #3924, #4225, #2945, #252, #3878, #3601 ),
 ( #879, #3200, #3300, #1222, #3555, #297, #2848, #2573, #604, #531, #556, #1266, #3279, #1605, #2525 ),
 ( #204, #3854, #3527, #1910, #1528, #2873, #3903, #3228, #903, #2243, #3578, #581, #1580, #3397, #705 ),
 ( #1042, #336, #2963, #2680, #4310, #1623, #4289, #1663, #966, #3965, #2019, #2349, #2370, #1680, #3023 ),
 ( #27, #2310, #1286, #1643, #2717, #3318, #1348, #1700, #356, #4003, #3645, #3704, #2639, #1003, #3340 ),
 ( #3004, #2985, #2039, #3684, #1306, #2058, #663, #2698, #4025, #645, #3360, #1979, #375, #2660, #8 ),
 ( #686, #315, #3378, #3043, #983, #3984, #48, #1368, #2329, #3662, #1997, #1328, #1022, #4043, #2390 ),
 ( #3724, #723, #134, #1741, #3804, #4129, #3824, #1721, #3085, #436, #4083, #2101, #87, #1455, #3437 ),
 ( #111, #1763, #414, #1409, #2736, #1085, #787, #2432, #1475, #4063, #2454, #3108, #1433, #3764, #1126 ),
 ( #2080, #3784, #3063, #826, #1147, #1804, #2496, #766, #2756, #2780, #2165, #4108, #67, #4147, #2123 ),
 ( #395, #806, #1388, #1064, #1107, #2409, #3459, #456, #3744, #744, #1785, #3417, #3131, #2801, #2473 ),
 ( #2145, #3481, #2820, #479, #3151, #154, #3519, #270, #846, #3570, #3593, #2235, #1545, #572, #2259 ),
 ( #196, #2187, #596, #2517, #522, #3170, #4241, #1901, #1236, #2937, #2565, #3220, #1520, #1849, #3192 ),
 ( #1596, #173, #2864, #4192, #1925, #1190, #2539, #3894, #1259, #3271, #3846, #2609, #3870, #872, #1570 ),
 ( #2211, #3547, #548, #4264, #1876, #3246, #917, #219, #2889, #4217, #3938, #1214, #894, #244, #938 ),
 ( #2913, #2587, #3917, #3499, #499, #1825, #1497, #2841, #4169, #1167, #2280, #3619, #288, #1948, #619 ),
 ( #3292, #2248, #586, #2622, #1864, #2927, #3631, #282, #2599, #3607, #1609, #536, #1961, #1939, #1557 ),
 ( #208, #3304, #1202, #630, #301, #1534, #3907, #2271, #1889, #1627, #1226, #609, #3950, #4294, #3559 ),
 ( #907, #3283, #950, #2294, #2949, #3583, #3929, #2199, #2551, #1290, #3206, #4276, #1914, #3258, #2224 ),
 ( #2877, #2901, #930, #4229, #2968, #4204, #4254, #258, #1584, #2577, #1272, #1250, #3882, #2643, #3531 ),
 ( #3969, #883, #561, #3233, #230, #2356, #1332, #3364, #3071, #4007, #2314, #2023, #3666, #2741, #3649 ),
 ( #73, #4049, #1310, #1395, #2664, #1667, #3382, #3345, #3009, #342, #2684, #1727, #12, #709, #2722 ),
 ( #1007, #3689, #2395, #691, #360, #1685, #1047, #1374, #3028, #3988, #31, #668, #3403, #649, #970 ),
 ( #987, #401, #320, #1984, #1352, #2704, #3729, #4030, #3323, #1026, #2375, #728, #1649, #3708, #2063 ),
 ( #2043, #379, #1705, #2989, #4314, #3049, #53, #2333, #2003, #3454, #129, #42, #719, #3392, #370 ),
 ( #2365, #1780, #82, #2795, #62, #2095, #3719, #1429, #1758, #1450, #3699, #2054, #2404, #1715, #4058 ),
 ( #3432, #1058, #2448, #4078, #390, #431, #1404, #3058, #2712, #4123, #3739, #1383, #451, #2119, #739 ),
 ( #1363, #2732, #3779, #2775, #2426, #1101, #3373, #4038, #4103, #782, #2751, #3126, #3103, #2075, #3412 ),
 ( #700, #3759, #2034, #1695, #3038, #1037, #2385, #410, #1736, #3080, #1081, #760, #105, #4143, #4164 ),
 ( #3565, #2468, #1121, #1565, #1470, #567, #474, #1896, #1844, #3166, #3889, #1162, #3799, #2512, #3841 ),
 ( #2908, #1515, #3146, #4212, #2491, #841, #517, #191, #3476, #1871, #214, #494, #1799, #2230, #3241 ),
 ( #3819, #2160, #148, #3187, #801, #239, #2859, #2140, #168, #866, #821, #1540, #543, #2815, #1141 ),
 ( #2182, #1819, #2836, #3494, #2205, #3513, #1209, #4187, #1491, #3540, #1185, #2534, #3865, #3215, #2884 ),
 ( #2558, #889, #1276, #2649, #1920, #3933, #1318, #3328, #4298, #2994, #912, #3266, #325, #1654, #3308 ),
 ( #3652, #2626, #285, #2299, #2010, #1295, #992, #675, #1671, #4320, #4235, #3671, #2952, #1231, #955 ),
 ( #3613, #933, #305, #3351, #2670, #265, #347, #1590, #615, #2318, #2274, #1944, #3287, #1612, #2582 ),
 ( #3973, #3993, #4279, #3954, #3634, #2338, #634, #3912, #2254, #3588, #591, #1966, #2932, #1631, #2604 ),
 ( #4259, #2973, #1254, #973, #654, #1988, #3755, #3076, #78, #4098, #1400, #2360, #2687, #3033, #1097 ),
 ( #2747, #3098, #1732, #1054, #4074, #1753, #778, #4033, #365, #101, #2029, #1689, #4013, #756, #1076 ),
 ( #696, #2091, #3014, #4054, #384, #447, #58, #36, #3428, #2400, #1358, #3450, #2049, #2421, #427 ),
 ( #1422, #2771, #3408, #2444, #3775, #1337, #2115, #17, #2380, #1012, #3694, #406, #3369, #2708, #1032 ),
 ( #1711, #3714, #714, #3387, #3054, #1379, #2728, #3735, #733, #2070, #489, #3183, #2201, #3535, #2530 ) ),
 .UNSPECIFIED., .F., .F., .F.,
 ( 4, 1, 1, 1, 1, 1, 1, 1, 1, 1, 1, 1, 1, 1, 1, 1, 1, 1, 1, 1, 1, 1, 1, 1, 1, 1, 1, 1, 1, 1, 1, 1, 1, 1, 1, 1, 1, 1, 1, 1, 1, 1, 1, 1, 1, 1, 1, 1, 1, 1, 1, 1, 1, 1, 1, 1, 1, 1, 1, 1, 1, 1, 1, 1, 1, 1, 1, 1, 1, 1, 1, 1, 1, 1, 1, 1, 1, 1, 1, 1, 4 ),
 ( 4, 1, 1, 1, 1, 1, 1, 1, 1, 1, 1, 1, 4 ),
 ( 0.000000000000000000, 0.01562500000000000000, 0.03125000000000000000, 0.04687500000000000000, 0.06250000000000000000, 0.07031250000000000000, 0.07812500000000000000, 0.08593750000000000000, 0.09375000000000000000, 0.1015625000000000000, 0.1093750000000000000, 0.1171875000000000000, 0.1250000000000000000, 0.1328125000000000000, 0.1406250000000000000, 0.1484375000000000000, 0.1562500000000000000, 0.1640625000000000000, 0.1718750000000000000, 0.1796875000000000000, 0.1875000000000000000, 0.1953125000000000000, 0.2031250000000000000, 0.2109375000000000000, 0.2187500000000000000, 0.2265625000000000000, 0.2343750000000000000, 0.2421875000000000000, 0.2500000000000000000, 0.2656250000000000000, 0.2812500000000000000, 0.2968750000000000000, 0.3125000000000000000, 0.3281250000000000000, 0.3437500000000000000, 0.3593750000000000000, 0.3750000000000000000, 0.3906250000000000000, 0.4062500000000000000, 0.4218750000000000000, 0.4375000000000000000, 0.4531250000000000000, 0.4687500000000000000, 0.4843750000000000000, 0.5000000000000000000, 0.5156250000000000000, 0.5312500000000000000, 0.5625000000000000000, 0.5937500000000000000, 0.6250000000000000000, 0.6562500000000000000, 0.6718750000000000000, 0.6875000000000000000, 0.7031250000000000000, 0.7187500000000000000, 0.7343750000000000000, 0.7500000000000000000, 0.7656250000000000000, 0.7812500000000000000, 0.7968750000000000000, 0.8125000000000000000, 0.8281250000000000000, 0.8437500000000000000, 0.8593750000000000000, 0.8750000000000000000, 0.8828125000000000000, 0.8906250000000000000, 0.8984375000000000000, 0.9062500000000000000, 0.9140625000000000000, 0.9218750000000000000, 0.9296875000000000000, 0.9375000000000000000, 0.9453125000000000000, 0.9531250000000000000, 0.9609375000000000000, 0.9687500000000000000, 0.9765625000000000000, 0.9843750000000000000, 0.9921875000000000000, 1.000000000000000000 ),
 ( 0.000000000000000000, 0.1925092555762236979, 0.2887638833643355607, 0.3380068029285605014, 0.3963383804892443019, 0.4247020925899207544, 0.5000000000000000000, 0.5752979074100792456, 0.6036616195107555871, 0.6619931970714391101, 0.7112361166356643283, 0.8074907444237761078, 1.000000000000000000 ),
 .UNSPECIFIED. ) ;
#3175 = CARTESIAN_POINT ( 'NONE',  ( -129.9999999999996021, 26.17045336302732039, -135.2989699032874285 ) ) ;
#3176 = CARTESIAN_POINT ( 'NONE',  ( -85.25811857227259338, -4.641399155922352193, 24.78325417589485369 ) ) ;
#3177 = CARTESIAN_POINT ( 'NONE',  ( -43.29519233175964388, -22.63285796913044123, -149.7937593236425187 ) ) ;
#3178 = VERTEX_POINT ( 'NONE', #3670 ) ;
#3179 = CARTESIAN_POINT ( 'NONE',  ( -63.21592097603834048, 48.31186461042630498, -275.4935448206172737 ) ) ;
#3180 = CARTESIAN_POINT ( 'NONE',  ( -129.9999999999999432, -9.071403654820048956, -40.19013349149136616 ) ) ;
#3181 = ORIENTED_EDGE ( 'NONE', *, *, #3995, .F. ) ;
#3182 = CARTESIAN_POINT ( 'NONE',  ( -650.0000000000006821, 15.78575302342500031, 65.67272419892275082 ) ) ;
#3183 = CARTESIAN_POINT ( 'NONE',  ( 68.55343942604655183, 0.000000000000000000, -406.4608131203299877 ) ) ;
#3184 = CARTESIAN_POINT ( 'NONE',  ( -130.0000000000000000, -8.968084183813211041, -177.5036110386872110 ) ) ;
#3185 = CARTESIAN_POINT ( 'NONE',  ( -19.26952343195855022, -34.24481232583742951, -124.9888314480468239 ) ) ;
#3186 = CARTESIAN_POINT ( 'NONE',  ( 129.9999999999996589, 1.908160727949889113, 14.48028393430087668 ) ) ;
#3187 = CARTESIAN_POINT ( 'NONE',  ( -67.70273911435192815, -17.87299613052890734, -377.8123375919104205 ) ) ;
#3188 = CARTESIAN_POINT ( 'NONE',  ( -649.9999999999997726, -2.811275179089735676, 4.409359795621303313 ) ) ;
#3189 = CARTESIAN_POINT ( 'NONE',  ( 23.07682102747427777, 11.15770543525473535, -463.5353416358710774 ) ) ;
#3190 = PLANE ( 'NONE',  #1650 ) ;
#3191 = CARTESIAN_POINT ( 'NONE',  ( -38.77877592480427893, -13.60200226531870271, -38.19548589073727385 ) ) ;
#3192 = CARTESIAN_POINT ( 'NONE',  ( 130.0000000000001421, -8.969439648781891705, -191.5559549086621587 ) ) ;
#3193 = CARTESIAN_POINT ( 'NONE',  ( 129.9999999999997442, -9.053379775929252915, -88.57618735142139599 ) ) ;
#3194 = CARTESIAN_POINT ( 'NONE',  ( -40.63521336860998900, 36.81734331462575938, -108.3740088802682919 ) ) ;
#3195 = CARTESIAN_POINT ( 'NONE',  ( 3.255655836066628783E-14, 43.28135559246811681, -411.2702630642114627 ) ) ;
#3196 = CARTESIAN_POINT ( 'NONE',  ( -130.0000000000000000, 14.90118060507523801, -72.24852911969404090 ) ) ;
#3197 = CARTESIAN_POINT ( 'NONE',  ( 655.0000000000000000, -4.458943618638788742, 74.54809306092938925 ) ) ;
#3198 = CARTESIAN_POINT ( 'NONE',  ( -129.9999999999998863, -8.549992367757914380, -247.9882440298360677 ) ) ;
#3199 = CARTESIAN_POINT ( 'NONE',  ( 85.25811857227255075, -4.641399155922348641, 24.78325417589483237 ) ) ;
#3200 = CARTESIAN_POINT ( 'NONE',  ( -106.4877867576735184, -12.03693812272523012, -120.3945398376262830 ) ) ;
#3201 = EDGE_CURVE ( 'NONE', #2481, #2131, #3307, .T. ) ;
#3202 = EDGE_LOOP ( 'NONE', ( #3667, #855 ) ) ;
#3203 = CARTESIAN_POINT ( 'NONE',  ( -107.3138942237359572, 32.09499547538901965, -231.6831543842163512 ) ) ;
#3204 = CARTESIAN_POINT ( 'NONE',  ( -130.0000000000000000, -8.838954882461532492, -114.3046871624627698 ) ) ;
#3205 = CARTESIAN_POINT ( 'NONE',  ( 17.64018095442369827, -23.93747334672863403, 25.06957817786936005 ) ) ;
#3206 = CARTESIAN_POINT ( 'NONE',  ( 50.77064017775475691, -28.12110857483251536, -334.6613804619937014 ) ) ;
#3207 = ORIENTED_EDGE ( 'NONE', *, *, #2156, .F. ) ;
#3208 = CARTESIAN_POINT ( 'NONE',  ( -130.0000000000000000, -2.500000000000007105, 49.99999999999997868 ) ) ;
#3209 = CARTESIAN_POINT ( 'NONE',  ( -130.0000000000000000, -8.827546663810476701, -125.5584806646064493 ) ) ;
#3210 = CARTESIAN_POINT ( 'NONE',  ( -130.0000000000000284, -8.952126968607549529, -164.9650718742831828 ) ) ;
#3211 = CARTESIAN_POINT ( 'NONE',  ( 129.9999999999999432, -2.159057720882780362, 32.58378114066726283 ) ) ;
#3212 = CARTESIAN_POINT ( 'NONE',  ( 8.701779753017003278E-15, -38.93180225932093919, -120.8308897818189109 ) ) ;
#3213 = B_SPLINE_SURFACE_WITH_KNOTS ( 'NONE', 3, 1, ( 
 ( #2583, #3566 ),
 ( #1820, #3514 ),
 ( #3842, #240 ),
 ( #568, #913 ),
 ( #3216, #3188 ),
 ( #266, #192 ),
 ( #2255, #2559 ),
 ( #3890, #3589 ),
 ( #518, #842 ),
 ( #1845, #1516 ),
 ( #1566, #890 ),
 ( #3820, #4260 ),
 ( #592, #3866 ) ),
 .UNSPECIFIED., .F., .F., .F.,
 ( 4, 1, 1, 1, 1, 1, 1, 1, 1, 1, 4 ),
 ( 2, 2 ),
 ( 0.000000000000000000, 0.01266477802388232821, 0.02526621191835576319, 0.04651095341957645068, 0.06243966527567801350, 0.08574243232767553291, 0.1251471417544701703, 0.2789283766760215499, 0.4639108802193909753, 0.6831250765624216070, 1.000000000000000000 ),
 ( 0.000000000000000000, 1.000000000000000000 ),
 .UNSPECIFIED. ) ;
#3214 = CARTESIAN_POINT ( 'NONE',  ( 36.05456749633611224, 9.613215597952834202, -1.911056258447443312 ) ) ;
#3215 = CARTESIAN_POINT ( 'NONE',  ( 99.64328749188075562, -9.191364299293438123, -302.3747423694534291 ) ) ;
#3216 = CARTESIAN_POINT ( 'NONE',  ( -655.0000000000000000, -2.811275179089735676, 4.409359795621303313 ) ) ;
#3217 = CARTESIAN_POINT ( 'NONE',  ( -68.38604626929945596, 13.32839867113999510, -392.6068651599910595 ) ) ;
#3218 = DIRECTION ( 'NONE',  ( 1.000000000000000000, 0.000000000000000000, 0.000000000000000000 ) ) ;
#3219 = CARTESIAN_POINT ( 'NONE',  ( 18.40959267992628412, -29.82508169274478504, -45.70346983079588199 ) ) ;
#3220 = CARTESIAN_POINT ( 'NONE',  ( 64.77254915184867912, -24.24942247740264989, -267.4587461961459098 ) ) ;
#3221 = CARTESIAN_POINT ( 'NONE',  ( -130.0000000000000853, -8.766081153608171306, -103.6783921725814679 ) ) ;
#3222 = CARTESIAN_POINT ( 'NONE',  ( 29.19749029015072495, 41.58836765368746313, -120.7171488963980011 ) ) ;
#3223 = CARTESIAN_POINT ( 'NONE',  ( 39.85522798904253250, 38.04846372537386401, -394.2941672398202968 ) ) ;
#3224 = SURFACE_STYLE_FILL_AREA ( #1524 ) ;
#3225 = CARTESIAN_POINT ( 'NONE',  ( 650.0000000000000000, -3.386479293603499752, 7.645870484556512636 ) ) ;
#3226 = CARTESIAN_POINT ( 'NONE',  ( -130.0000000000001705, -9.124989515595007816, -81.04903167990390500 ) ) ;
#3227 = CARTESIAN_POINT ( 'NONE',  ( 112.0443426132363101, -3.095294270312407114, 26.73369392407154166 ) ) ;
#3228 = CARTESIAN_POINT ( 'NONE',  ( 1.153401762890337610E-14, -39.74116586336764811, -206.4446322492710237 ) ) ;
#3229 = ORIENTED_EDGE ( 'NONE', *, *, #3201, .T. ) ;
#3230 = CARTESIAN_POINT ( 'NONE',  ( -18.94143112649258498, 57.32884729764317910, -307.8757920332840285 ) ) ;
#3231 = CARTESIAN_POINT ( 'NONE',  ( -130.0000000000000000, -9.070087498687176009, -86.78822509897848647 ) ) ;
#3232 = ADVANCED_FACE ( 'NONE', ( #4258 ), #35, .T. ) ;
#3233 = CARTESIAN_POINT ( 'NONE',  ( -66.28490526152788220, -25.58470391025909763, -325.3749577086816203 ) ) ;
#3234 = ORIENTED_EDGE ( 'NONE', *, *, #3582, .F. ) ;
#3235 = CARTESIAN_POINT ( 'NONE',  ( 23.70908458849725520, -7.330316832741157640, 47.32691302902250641 ) ) ;
#3236 = CARTESIAN_POINT ( 'NONE',  ( 130.0000000000000000, -3.246889241610710819E-16, -300.0000000000000000 ) ) ;
#3237 = CARTESIAN_POINT ( 'NONE',  ( 655.0000000000000000, 97.50000000000000000, 209.9568563693341332 ) ) ;
#3238 = B_SPLINE_CURVE_WITH_KNOTS ( 'NONE', 3,
 ( #818, #2669, #2648, #1653, #2317, #2931, #2625, #633, #1611, #4319, #3610, #3327, #3633, #3263, #674, #3992, #323, #1965, #2686, #1630, #304, #345, #991, #4278, #2951, #1315, #2009, #3971, #3651, #972, #262, #2359 ),
 .UNSPECIFIED., .F., .F.,
 ( 4, 2, 2, 2, 2, 2, 2, 2, 2, 2, 2, 2, 2, 2, 2, 4 ),
 ( 0.000000000000000000, 0.01477067900436415844, 0.02954135800872831688, 0.04431203701309247706, 0.05169737651527453459, 0.05539004626636554601, 0.05908271601745655049, 0.07385339502182063087, 0.08123873452400265371, 0.08862407402618469043, 0.09600941352836671328, 0.1033947530305487361, 0.1070874227816397406, 0.1107800925327307312, 0.1144727622838217496, 0.1181654320349127402 ),
 .UNSPECIFIED. ) ;
#3239 = CARTESIAN_POINT ( 'NONE',  ( -108.0333188499489978, -11.36871694904895413, -79.29107528228269075 ) ) ;
#3240 = CARTESIAN_POINT ( 'NONE',  ( -112.9162801526254327, 2.803254711480866135, 13.10353735537437458 ) ) ;
#3241 = CARTESIAN_POINT ( 'NONE',  ( 130.0000000000000568, -7.239189730619862040, -274.1255409470021505 ) ) ;
#3242 = DIRECTION ( 'NONE',  ( -0.000000000000000000, -1.000000000000000000, -6.123233995736759873E-17 ) ) ;
#3243 = CARTESIAN_POINT ( 'NONE',  ( 130.0000000000003411, 10.23798929786189227, -297.5966824564857234 ) ) ;
#3244 = CARTESIAN_POINT ( 'NONE',  ( 655.0000000000000000, 97.50000000000000000, 149.9568563693341332 ) ) ;
#3245 = CARTESIAN_POINT ( 'NONE',  ( 58.43955794256721958, -11.30665033905441597, -25.56683496293482349 ) ) ;
#3246 = CARTESIAN_POINT ( 'NONE',  ( -36.66995161056576080, -29.62319007022934869, -318.9208463955198454 ) ) ;
#3247 = CARTESIAN_POINT ( 'NONE',  ( 130.0000000000001705, -8.670829129755500020, -243.1139584816416743 ) ) ;
#3248 = CARTESIAN_POINT ( 'NONE',  ( -130.0000000000002842, 21.05445657587275932, -102.3228319050276127 ) ) ;
#3249 = CARTESIAN_POINT ( 'NONE',  ( -130.0000000000000000, 24.94205576302347538, -259.8175268931452138 ) ) ;
#3250 = CARTESIAN_POINT ( 'NONE',  ( -130.0000000000000000, 15.29995162890408800, -74.14179183993758215 ) ) ;
#3251 = CARTESIAN_POINT ( 'NONE',  ( -650.0000000000002274, -4.230486616914117981, 16.58639360187717315 ) ) ;
#3252 = CARTESIAN_POINT ( 'NONE',  ( -129.9999999999998295, -8.979341841439191896, -208.9525482630499482 ) ) ;
#3253 = CARTESIAN_POINT ( 'NONE',  ( 25.17546005449773006, -12.70243912426258426, 6.001998626067537757 ) ) ;
#3254 = CARTESIAN_POINT ( 'NONE',  ( 30.99365948411243110, -26.22681844381599703, -158.3604266721163469 ) ) ;
#3255 = ORIENTED_EDGE ( 'NONE', *, *, #1340, .T. ) ;
#3256 = CARTESIAN_POINT ( 'NONE',  ( 48.80602627367024837, 51.66365941117363292, -309.6700397073735758 ) ) ;
#3257 = CARTESIAN_POINT ( 'NONE',  ( -129.9999999999999716, -8.962547027867579175, -97.95442689843198991 ) ) ;
#3258 = CARTESIAN_POINT ( 'NONE',  ( 101.8511904808459576, -13.17906252915798149, -244.0368945357046755 ) ) ;
#3259 = ORIENTED_EDGE ( 'NONE', *, *, #953, .T. ) ;
#3260 = CARTESIAN_POINT ( 'NONE',  ( -130.0000000000000000, -2.452551570421419136, 47.96675689091927097 ) ) ;
#3261 = DIRECTION ( 'NONE',  ( 0.000000000000000000, -1.000000000000000000, -6.123233995736759873E-17 ) ) ;
#3262 = UNCERTAINTY_MEASURE_WITH_UNIT (LENGTH_MEASURE( 1.000000000000000082E-05 ), #2216, 'distance_accuracy_value', 'NONE');
#3263 = CARTESIAN_POINT ( 'NONE',  ( 68.55314255527687806, -6.003509039613725840, 17.56944880943649778 ) ) ;
#3264 = EDGE_CURVE ( 'NONE', #3160, #2946, #1253, .T. ) ;
#3265 = CARTESIAN_POINT ( 'NONE',  ( -129.9999999999999716, 23.23925752090315200, -114.9596643166509011 ) ) ;
#3266 = CARTESIAN_POINT ( 'NONE',  ( 67.89178362806192979, -15.08776950380885395, -384.4506466048209177 ) ) ;
#3267 = CARTESIAN_POINT ( 'NONE',  ( -130.0000000000000568, 20.61441769890724629, -100.2907879440224832 ) ) ;
#3268 = CARTESIAN_POINT ( 'NONE',  ( -129.9999999999999147, 17.47268636583294565, -286.4340413105278458 ) ) ;
#3269 = CARTESIAN_POINT ( 'NONE',  ( -21.81811819553025700, 10.98448737539972520, 50.00000000000000000 ) ) ;
#3270 = CARTESIAN_POINT ( 'NONE',  ( -27.16216229875638533, -18.58145516991600843, -50.00043952298716476 ) ) ;
#3271 = CARTESIAN_POINT ( 'NONE',  ( 36.38613700424312469, -29.53757042316804515, -310.8793183584676285 ) ) ;
#3272 = CARTESIAN_POINT ( 'NONE',  ( 650.0000000000005684, -4.799005397446348908, 35.26593837205017934 ) ) ;
#3273 = CARTESIAN_POINT ( 'NONE',  ( -130.0000000000000000, 27.30580595387993625, -146.2619813051252606 ) ) ;
#3274 = CARTESIAN_POINT ( 'NONE',  ( 51.32114769549969679, 45.34929055369461537, -349.6384502631235591 ) ) ;
#3275 = CARTESIAN_POINT ( 'NONE',  ( -130.0000000000000000, 14.95183341345033590, -72.48895248262866176 ) ) ;
#3276 = CARTESIAN_POINT ( 'NONE',  ( -650.0000000000003411, 13.46684377102566188, 92.03609250868841229 ) ) ;
#3277 = CARTESIAN_POINT ( 'NONE',  ( -650.0000000000004547, -4.734311957898108325, 68.38241699468613888 ) ) ;
#3278 = CARTESIAN_POINT ( 'NONE',  ( 111.2347781839492882, -3.905040914436631372, 5.643039729550155315 ) ) ;
#3279 = CARTESIAN_POINT ( 'NONE',  ( 83.91719736387203454, -16.95953581390078924, -137.4815285052982858 ) ) ;
#3280 = ORIENTED_EDGE ( 'NONE', *, *, #3122, .F. ) ;
#3281 = CARTESIAN_POINT ( 'NONE',  ( -85.61726118654269158, 39.53358398064943202, -247.0404146003388917 ) ) ;
#3282 = CARTESIAN_POINT ( 'NONE',  ( -130.0000000000000000, -9.160176962099322751, -76.66773566888615221 ) ) ;
#3283 = CARTESIAN_POINT ( 'NONE',  ( -101.8511904808462560, -13.17906252915798859, -244.0368945357051871 ) ) ;
#3284 = CARTESIAN_POINT ( 'NONE',  ( 35.50826749218129663, -3.726718167974998774, 42.27801221967386169 ) ) ;
#3285 = PLANE ( 'NONE',  #38 ) ;
#3286 = CARTESIAN_POINT ( 'NONE',  ( 655.0000000000000000, -5.848941126776869837, 142.9763654373284680 ) ) ;
#3287 = CARTESIAN_POINT ( 'NONE',  ( 82.18554414772565053, -9.473971601100954487, -346.0378849852216945 ) ) ;
#3288 = CARTESIAN_POINT ( 'NONE',  ( 130.0000000000001421, 24.38542342131251672, -262.5472814712239824 ) ) ;
#3289 = PLANE ( 'NONE',  #3048 ) ;
#3290 = EDGE_CURVE ( 'NONE', #2245, #3556, #3693, .T. ) ;
#3291 = CARTESIAN_POINT ( 'NONE',  ( 110.1308266894665024, -8.661838947806510092, -23.10485026217548565 ) ) ;
#3292 = CARTESIAN_POINT ( 'NONE',  ( -130.0000000000001137, -8.978478123113527332, -213.5977795653023179 ) ) ;
#3293 = CARTESIAN_POINT ( 'NONE',  ( 129.9999999999999432, -5.269223751827237123, -288.0750537208728588 ) ) ;
#3294 = CARTESIAN_POINT ( 'NONE',  ( -2.239682014736569536E-15, 41.50855901994311381, -83.52338757551157755 ) ) ;
#3295 = CARTESIAN_POINT ( 'NONE',  ( 130.0000000000001421, 25.82975144747172180, -255.0224722531795294 ) ) ;
#3296 = CARTESIAN_POINT ( 'NONE',  ( -130.0000000000000000, 10.10748185912350472, -49.09453036658420189 ) ) ;
#3297 = CARTESIAN_POINT ( 'NONE',  ( 98.76188596877511827, 1.355743916401155769, -323.9380370174591803 ) ) ;
#3298 = CARTESIAN_POINT ( 'NONE',  ( -130.0000000000001137, -8.399246518499385417, -252.8615525479596045 ) ) ;
#3299 = CARTESIAN_POINT ( 'NONE',  ( 17.95699754727771946, -26.69163357950169058, -4.045716209597028268 ) ) ;
#3300 = CARTESIAN_POINT ( 'NONE',  ( -83.91719736387200612, -16.95953581390078213, -137.4815285052983711 ) ) ;
#3301 = VERTEX_POINT ( 'NONE', #3932 ) ;
#3302 = CARTESIAN_POINT ( 'NONE',  ( -17.55095661339985114, 57.09282625549727186, -260.4024980270932588 ) ) ;
#3303 = CARTESIAN_POINT ( 'NONE',  ( -129.9999999999999716, -8.910193321227438901, -103.9222930349317409 ) ) ;
#3304 = CARTESIAN_POINT ( 'NONE',  ( -102.0719807797424181, -13.14092714064180711, -238.1385859056731817 ) ) ;
#3305 = CARTESIAN_POINT ( 'NONE',  ( 17.54966192789398960, -23.03176286285838259, 33.38202086062733542 ) ) ;
#3306 = FACE_OUTER_BOUND ( 'NONE', #3138, .T. ) ;
#3307 = LINE ( 'NONE', #1588, #457 ) ;
#3308 = CARTESIAN_POINT ( 'NONE',  ( 130.0000000000000853, -6.202876248658811598, -282.2854226817595418 ) ) ;
#3309 = CARTESIAN_POINT ( 'NONE',  ( 130.0000000000000000, 26.46956237226472908, -251.2589879999070490 ) ) ;
#3310 = CARTESIAN_POINT ( 'NONE',  ( -129.9999999999999432, -8.454328201151710687, -26.41239950858795282 ) ) ;
#3311 = CARTESIAN_POINT ( 'NONE',  ( 130.0000000000001705, -8.841187770955727387, -233.3578243063308264 ) ) ;
#3312 = CARTESIAN_POINT ( 'NONE',  ( -130.0000000000003411, 9.957517720760241886, -50.52059790055235311 ) ) ;
#3313 = CARTESIAN_POINT ( 'NONE',  ( 38.40816601888739967, 47.11171808243943815, -364.4237467540745001 ) ) ;
#3314 = CARTESIAN_POINT ( 'NONE',  ( -130.0000000000000000, 8.034854565490865852, -38.33096052793997899 ) ) ;
#3315 = CARTESIAN_POINT ( 'NONE',  ( 41.77861452437382894, 0.4742129493825943398, -456.4449353030087764 ) ) ;
#3316 = CARTESIAN_POINT ( 'NONE',  ( -129.9999999999998295, -2.061486991660567369, -298.3911574373269673 ) ) ;
#3317 = CARTESIAN_POINT ( 'NONE',  ( 1.929228711409826403E-15, -33.07008210016709171, -5.388714085471917770 ) ) ;
#3318 = CARTESIAN_POINT ( 'NONE',  ( -32.69654712204840052, -27.74254406595959921, -206.5373973262412335 ) ) ;
#3319 = ORIENTED_EDGE ( 'NONE', *, *, #1243, .F. ) ;
#3320 = CARTESIAN_POINT ( 'NONE',  ( 85.89227567422770449, 39.36475970040082473, -239.9562782645448351 ) ) ;
#3321 = APPLICATION_CONTEXT ( 'automotive_design' ) ;
#3322 = CARTESIAN_POINT ( 'NONE',  ( 81.81254990340200095, 4.911922531181594387, 11.51468695414112275 ) ) ;
#3323 = CARTESIAN_POINT ( 'NONE',  ( 22.34717033396871955, -32.50885880439614795, -408.6855617280156139 ) ) ;
#3324 = ORIENTED_EDGE ( 'NONE', *, *, #2480, .T. ) ;
#3325 = CARTESIAN_POINT ( 'NONE',  ( 17.45914290136427738, -22.06683270332634450, 41.69217992246007753 ) ) ;
#3326 = CARTESIAN_POINT ( 'NONE',  ( 655.0000000000000000, 97.50000000000000000, 209.9568563693341332 ) ) ;
#3327 = CARTESIAN_POINT ( 'NONE',  ( 75.34077277537501516, -5.956896627463203586, 14.36709634603180419 ) ) ;
#3328 = CARTESIAN_POINT ( 'NONE',  ( 3.248887982979214809E-14, -19.66945223026176848, -464.5259257962077868 ) ) ;
#3329 = CARTESIAN_POINT ( 'NONE',  ( 650.0000000000003411, 12.58747659448761880, 15.56301788334872072 ) ) ;
#3330 = DIRECTION ( 'NONE',  ( 0.8676574605970863718, 2.925537271986758358E-19, -0.4971624795478994385 ) ) ;
#3331 = CARTESIAN_POINT ( 'NONE',  ( -59.19573599740679271, -14.98563904127140312, -54.34385689970739719 ) ) ;
#3332 = AXIS2_PLACEMENT_3D ( 'NONE', #3209, #210, #3860 ) ;
#3333 = CARTESIAN_POINT ( 'NONE',  ( -87.65929721218481063, 24.39125529874205256, -98.91280948256267891 ) ) ;
#3334 = CARTESIAN_POINT ( 'NONE',  ( 37.87456191739266131, 49.38332031289873214, -353.8652280835773354 ) ) ;
#3335 = CARTESIAN_POINT ( 'NONE',  ( -129.9999999999999716, 8.588024456238509075, -41.28984601098829899 ) ) ;
#3336 = CARTESIAN_POINT ( 'NONE',  ( 650.0000000000000000, -1.753317928467107566E-16, -2.043143630665322785 ) ) ;
#3337 = CARTESIAN_POINT ( 'NONE',  ( -129.9999999999998863, -5.042459518949001129, -289.7166316952883562 ) ) ;
#3338 = CARTESIAN_POINT ( 'NONE',  ( 37.06565246009688508, -8.728772331094130976, 3.932330869000775220 ) ) ;
#3339 = MECHANICAL_DESIGN_GEOMETRIC_PRESENTATION_REPRESENTATION (  '', ( #737 ), #1011 ) ;
#3340 = CARTESIAN_POINT ( 'NONE',  ( 130.0000000000000000, -8.827573527550555355, -125.5579161920519766 ) ) ;
#3341 = ORIENTED_EDGE ( 'NONE', *, *, #2156, .T. ) ;
#3342 = CARTESIAN_POINT ( 'NONE',  ( 44.98222378682407907, 52.30045194536796060, -248.5986502216099723 ) ) ;
#3343 = CARTESIAN_POINT ( 'NONE',  ( -130.0000000000000000, 2.500644467294819595, -0.01011342476697702115 ) ) ;
#3344 = B_SPLINE_CURVE_WITH_KNOTS ( 'NONE', 3,
 ( #3909, #3931, #632, #652, #1292 ),
 .UNSPECIFIED., .F., .F.,
 ( 4, 1, 4 ),
 ( 0.7208547063258845533, 0.7210716233239784501, 0.8253254000154673919 ),
 .UNSPECIFIED. ) ;
#3345 = CARTESIAN_POINT ( 'NONE',  ( 2.602789273293534482E-14, -35.88635615464189499, -403.3979288165966182 ) ) ;
#3346 = EDGE_LOOP ( 'NONE', ( #1176, #2874, #1554, #627 ) ) ;
#3347 = CARTESIAN_POINT ( 'NONE',  ( 112.6699151267766013, -2.634010611375053657, 43.70120783784923901 ) ) ;
#3348 = CARTESIAN_POINT ( 'NONE',  ( -17.36862387483457937, 21.47786106175369625, 44.38994822148660546 ) ) ;
#3349 = CARTESIAN_POINT ( 'NONE',  ( -650.0000000000009095, 15.40563650848098831, 33.87739249011240616 ) ) ;
#3350 = CARTESIAN_POINT ( 'NONE',  ( -130.0000000000000000, 22.06996288454990562, -107.8025753971990639 ) ) ;
#3351 = CARTESIAN_POINT ( 'NONE',  ( -68.08082814177177511, -11.74545357508363885, -390.9858393317218770 ) ) ;
#3352 = CARTESIAN_POINT ( 'NONE',  ( 130.0000000000000000, 0.8878734937912062808, -300.3998525890897326 ) ) ;
#3353 = CARTESIAN_POINT ( 'NONE',  ( 84.76970356259019468, -11.71545964084383051, -33.74138706407812549 ) ) ;
#3354 = CARTESIAN_POINT ( 'NONE',  ( -28.53298140231758850, 36.78711563098894288, -95.73663919284129520 ) ) ;
#3355 = CARTESIAN_POINT ( 'NONE',  ( 1.570695545741011834E-14, 55.65687079066361775, -351.9074648427890111 ) ) ;
#3356 = CARTESIAN_POINT ( 'NONE',  ( -130.0000000000000284, 12.08465759416879415, -58.81126369382644015 ) ) ;
#3357 = CARTESIAN_POINT ( 'NONE',  ( -68.55343942604649499, 0.4669872563124208287, -406.1050922969855606 ) ) ;
#3358 = CARTESIAN_POINT ( 'NONE',  ( -130.0000000000000000, -0.7725814987683823354, -299.5081903596102961 ) ) ;
#3359 = CARTESIAN_POINT ( 'NONE',  ( -37.68860644726318299, -10.47011830734892790, -11.37414087250685135 ) ) ;
#3360 = CARTESIAN_POINT ( 'NONE',  ( 45.47553128684155155, -24.77008433509945817, -203.6803763013913056 ) ) ;
#3361 = DIRECTION ( 'NONE',  ( -1.000000000000000000, 0.000000000000000000, 0.000000000000000000 ) ) ;
#3362 = CARTESIAN_POINT ( 'NONE',  ( -108.6178115317453461, 31.91028914825445284, -220.2718044181736161 ) ) ;
#3363 = CARTESIAN_POINT ( 'NONE',  ( -130.0000000000000000, 2.500245994732134935, -1.126675055215588883E-15 ) ) ;
#3364 = CARTESIAN_POINT ( 'NONE',  ( 2.019355382222092846E-14, -36.37737617062421691, -394.9000558690125331 ) ) ;
#3365 = ORIENTED_EDGE ( 'NONE', *, *, #2823, .T. ) ;
#3366 = CARTESIAN_POINT ( 'NONE',  ( -56.45459054861326820, 2.462355812128065757, 50.00000000000000000 ) ) ;
#3367 = EDGE_CURVE ( 'NONE', #2196, #161, #1237, .T. ) ;
#3368 = CARTESIAN_POINT ( 'NONE',  ( -649.9999999999994316, -4.097599610241743129, 149.8836976994703605 ) ) ;
#3369 = CARTESIAN_POINT ( 'NONE',  ( 82.06122032707916958, -0.9853621630497643169, -359.2601917120907729 ) ) ;
#3370 = CARTESIAN_POINT ( 'NONE',  ( 649.9999999999994316, 8.967674631611064484, 4.300496536433115580 ) ) ;
#3371 = CARTESIAN_POINT ( 'NONE',  ( 59.38478051111653144, -15.58893543045868135, -61.58498116252371091 ) ) ;
#3372 = CARTESIAN_POINT ( 'NONE',  ( 39.28727808645041364, 28.20311018716602902, -72.84862977773090620 ) ) ;
#3373 = CARTESIAN_POINT ( 'NONE',  ( -22.57346790029296457, -28.31038993946541638, -428.7350723047139809 ) ) ;
#3374 = CARTESIAN_POINT ( 'NONE',  ( -130.0000000000000000, 9.974065336124001036, -48.42260398751892581 ) ) ;
#3375 = CARTESIAN_POINT ( 'NONE',  ( -68.55224801567824500, 1.404864716585669138, -405.3747568029450008 ) ) ;
#3376 = CARTESIAN_POINT ( 'NONE',  ( -650.0000000000009095, -1.781733952097899421, -0.1716014499094611068 ) ) ;
#3377 = CARTESIAN_POINT ( 'NONE',  ( -38.31156043442940984, -12.18329902634089557, -26.70061406403311466 ) ) ;
#3378 = CARTESIAN_POINT ( 'NONE',  ( -83.63302863096589590, -17.92730121223859996, -171.9691180322006687 ) ) ;
#3379 = LINE ( 'NONE', #4064, #2699 ) ;
#3380 = CARTESIAN_POINT ( 'NONE',  ( -33.88609736215238399, 55.43114069736316196, -276.3316886437416997 ) ) ;
#3381 = CARTESIAN_POINT ( 'NONE',  ( -24.99999999999999289, -7.868799009346748363, 50.00000000000000000 ) ) ;
#3382 = CARTESIAN_POINT ( 'NONE',  ( -22.16613228090925958, -34.09985990954807278, -392.2796972281265084 ) ) ;
#3383 = ORIENTED_EDGE ( 'NONE', *, *, #815, .F. ) ;
#3384 = CARTESIAN_POINT ( 'NONE',  ( -130.0000000000000000, 22.67684957820204161, -111.6362926882831630 ) ) ;
#3385 = CARTESIAN_POINT ( 'NONE',  ( -130.0000000000000000, -3.013692927980338165, -4.427223643831825761 ) ) ;
#3386 = CARTESIAN_POINT ( 'NONE',  ( -129.9999999999999432, -8.266057785502670896, -24.73830269821769079 ) ) ;
#3387 = CARTESIAN_POINT ( 'NONE',  ( -68.55343942604652341, 0.000000000000000000, -406.4608131203299877 ) ) ;
#3388 = CARTESIAN_POINT ( 'NONE',  ( 649.9999999999997726, 15.94960066095438300, 60.37307887283198227 ) ) ;
#3389 = CARTESIAN_POINT ( 'NONE',  ( -27.87169881456307508, -20.38803838213788211, -70.05504660310928955 ) ) ;
#3390 = EDGE_CURVE ( 'NONE', #2005, #3178, #678, .T. ) ;
#3391 = CARTESIAN_POINT ( 'NONE',  ( -25.44897861519427451, 19.68723625447467995, -27.59229495538237131 ) ) ;
#3392 = CARTESIAN_POINT ( 'NONE',  ( 100.5632470706164838, -12.31848596491259507, -278.2714313593770612 ) ) ;
#3393 = LINE ( 'NONE', #4144, #2002 ) ;
#3394 = CARTESIAN_POINT ( 'NONE',  ( -68.52599975600139715, 5.622232951107371868, -401.6413586237811728 ) ) ;
#3395 = CARTESIAN_POINT ( 'NONE',  ( -129.9999999999999432, -7.759827286374877175, -21.55713627269925325 ) ) ;
#3396 = CARTESIAN_POINT ( 'NONE',  ( -37.84434494405489602, -10.88743000266200944, -15.20467238597296245 ) ) ;
#3397 = CARTESIAN_POINT ( 'NONE',  ( 106.2669964587768163, -12.11133586997560307, -126.2579227306387395 ) ) ;
#3398 = VERTEX_POINT ( 'NONE', #404 ) ;
#3399 = CARTESIAN_POINT ( 'NONE',  ( -29.92476521885258833, 49.43915049457478972, -184.9631538715564432 ) ) ;
#3400 = CARTESIAN_POINT ( 'NONE',  ( 54.03819451603281010, 27.39973846827581738, -398.1693435159788805 ) ) ;
#3401 = CARTESIAN_POINT ( 'NONE',  ( 25.78680495955156360, 7.270620922380210516, 49.19953315878964162 ) ) ;
#3402 =( GEOMETRIC_REPRESENTATION_CONTEXT ( 3 ) GLOBAL_UNCERTAINTY_ASSIGNED_CONTEXT ( ( #3262 ) ) GLOBAL_UNIT_ASSIGNED_CONTEXT ( ( #2216, #4221, #248 ) ) REPRESENTATION_CONTEXT ( 'NONE', 'WORKASPACE' ) );
#3403 = CARTESIAN_POINT ( 'NONE',  ( 82.58515642837494397, -19.33794755901372397, -299.3736400151734074 ) ) ;
#3404 = ORIENTED_EDGE ( 'NONE', *, *, #2424, .F. ) ;
#3405 = CARTESIAN_POINT ( 'NONE',  ( -130.0000000000001705, -8.934971063028665839, -169.5061115159166434 ) ) ;
#3406 = CARTESIAN_POINT ( 'NONE',  ( 655.0000000000000000, -2.811275179089735676, 4.409359795621303313 ) ) ;
#3407 = CARTESIAN_POINT ( 'NONE',  ( 130.0000000000000000, 0.000000000000000000, -300.0000000000000000 ) ) ;
#3408 = CARTESIAN_POINT ( 'NONE',  ( -82.06122032707911274, -0.9853621630497653161, -359.2601917120908865 ) ) ;
#3409 = CARTESIAN_POINT ( 'NONE',  ( -130.0000000000000000, -8.876293284295460495, -140.6480163043621872 ) ) ;
#3410 = CARTESIAN_POINT ( 'NONE',  ( 39.71320690555361921, -16.13848902092107807, -61.24637190605959347 ) ) ;
#3411 = CARTESIAN_POINT ( 'NONE',  ( -16.99845928557099839, 27.81490808780117874, -10.56665948325448490 ) ) ;
#3412 = CARTESIAN_POINT ( 'NONE',  ( 129.9999999999998863, -7.813551574347404660, -265.8675924140708275 ) ) ;
#3413 = CARTESIAN_POINT ( 'NONE',  ( -130.0000000000000568, 26.03226209198917473, -134.4330950745835196 ) ) ;
#3414 = CARTESIAN_POINT ( 'NONE',  ( -41.72425549072933393, 7.033804055165606250, -449.0523201392396686 ) ) ;
#3415 = CARTESIAN_POINT ( 'NONE',  ( 130.0000000000000000, -3.246889241610710819E-16, -300.0000000000000000 ) ) ;
#3416 = CARTESIAN_POINT ( 'NONE',  ( 18.13803560033715101, -28.02856569000477904, -20.70036826849004896 ) ) ;
#3417 = CARTESIAN_POINT ( 'NONE',  ( 64.33144528652550775, -24.09909297551356033, -250.6023872224551496 ) ) ;
#3418 = CARTESIAN_POINT ( 'NONE',  ( -130.0000000000000000, -8.897948674849653017, -145.5572777520328600 ) ) ;
#3419 = CARTESIAN_POINT ( 'NONE',  ( -130.0000000000000568, 29.10940593420113487, -171.9783760784620483 ) ) ;
#3420 = CARTESIAN_POINT ( 'NONE',  ( -82.52279817110922977, 23.44492277497213806, -331.9973802449043205 ) ) ;
#3421 = CARTESIAN_POINT ( 'NONE',  ( -130.0000000000004547, 5.081607768895549881, -24.12316318698905349 ) ) ;
#3422 = CARTESIAN_POINT ( 'NONE',  ( -130.0000000000004263, 29.67513204216228573, -194.1008935632897590 ) ) ;
#3423 = CARTESIAN_POINT ( 'NONE',  ( 84.29016882581100845, -15.42528616637114247, -92.20948180454202259 ) ) ;
#3424 = ORIENTED_EDGE ( 'NONE', *, *, #585, .F. ) ;
#3425 = CARTESIAN_POINT ( 'NONE',  ( -130.0000000000000284, -8.668322241064112532, -28.42781411133431391 ) ) ;
#3426 = CARTESIAN_POINT ( 'NONE',  ( 655.0000000000000000, -1.753317928467107566E-16, -2.043143630665322785 ) ) ;
#3427 = CARTESIAN_POINT ( 'NONE',  ( 130.0000000000001990, -3.375845381239666487, -296.3963405723307574 ) ) ;
#3428 = CARTESIAN_POINT ( 'NONE',  ( 23.11658205947130185, -3.377324404751231857, -473.8203039757478905 ) ) ;
#3429 = CARTESIAN_POINT ( 'NONE',  ( 649.9999999999994316, 14.14697658982787942, 86.78783521260029943 ) ) ;
#3430 = CARTESIAN_POINT ( 'NONE',  ( -84.63649946904041599, -13.19528524065201047, -49.97868297110043301 ) ) ;
#3431 = CARTESIAN_POINT ( 'NONE',  ( -37.08156580655303003, 15.57196250358409984, -27.35610195660643384 ) ) ;
#3432 = CARTESIAN_POINT ( 'NONE',  ( -130.0000000000001990, -7.961312433944462086, -263.1139331291094550 ) ) ;
#3433 = CARTESIAN_POINT ( 'NONE',  ( 650.0000000000000000, -7.243006902480306763, 135.5929082020811904 ) ) ;
#3434 = CARTESIAN_POINT ( 'NONE',  ( -68.53817448070273599, 4.229118433466790172, -402.9659345207873002 ) ) ;
#3435 = PLANE ( 'NONE',  #4230 ) ;
#3436 = CARTESIAN_POINT ( 'NONE',  ( -129.9999999999996874, -3.188530555944717459, -4.896567337588283664 ) ) ;
#3437 = CARTESIAN_POINT ( 'NONE',  ( 129.9999999999998863, -8.886638243487102073, -147.4913209871622257 ) ) ;
#3438 = CARTESIAN_POINT ( 'NONE',  ( -649.9999999999998863, -4.721145587929997056, 71.27588155928428648 ) ) ;
#3439 = CARTESIAN_POINT ( 'NONE',  ( 15.50481119169431032, 49.59785069471277552, -167.4995335384095654 ) ) ;
#3440 = CARTESIAN_POINT ( 'NONE',  ( 100.0882391009101013, 21.85851601469510896, -298.8983288310530497 ) ) ;
#3441 = CARTESIAN_POINT ( 'NONE',  ( -130.0000000000002842, 2.867859260956011180, -5.207602520035934823 ) ) ;
#3442 = CARTESIAN_POINT ( 'NONE',  ( -129.9999999999996589, 29.66424890095781564, -203.9372981599618697 ) ) ;
#3443 = CARTESIAN_POINT ( 'NONE',  ( -30.99365948411242044, -26.22681844381599703, -158.3604266721163469 ) ) ;
#3444 = EDGE_CURVE ( 'NONE', #2481, #4181, #464, .T. ) ;
#3445 = ORIENTED_EDGE ( 'NONE', *, *, #2353, .F. ) ;
#3446 = CARTESIAN_POINT ( 'NONE',  ( -129.9999999999999716, -8.961536111521084536, -35.34924422142251643 ) ) ;
#3447 = CARTESIAN_POINT ( 'NONE',  ( 130.0000000000000000, -8.970396694274677785, -195.0420207112595676 ) ) ;
#3448 = CARTESIAN_POINT ( 'NONE',  ( -37.06565246009694192, -8.728772331094138082, 3.932330869000796092 ) ) ;
#3449 = CARTESIAN_POINT ( 'NONE',  ( -51.43703966622238966, -5.400897859448746452, 27.80169068101527685 ) ) ;
#3450 = CARTESIAN_POINT ( 'NONE',  ( 68.45891716919153680, -3.001936789999362087, -403.5934312115106763 ) ) ;
#3451 = CARTESIAN_POINT ( 'NONE',  ( 129.9999999999999432, 28.74203995433653347, -164.6314042329609606 ) ) ;
#3452 = CARTESIAN_POINT ( 'NONE',  ( 40.02468389913666158, -16.82825298670590541, -68.95071147184090421 ) ) ;
#3453 = CARTESIAN_POINT ( 'NONE',  ( 86.51770418284127118, 11.73214574743224503, -38.11549806834152321 ) ) ;
#3454 = CARTESIAN_POINT ( 'NONE',  ( 39.46079523940543510, -28.48928760953836914, -397.4442868794706101 ) ) ;
#3455 = CARTESIAN_POINT ( 'NONE',  ( -130.0000000000000284, 28.91547662741501057, -167.3391613605713815 ) ) ;
#3456 = CARTESIAN_POINT ( 'NONE',  ( -23.14977148147665531, 4.256121846435115152, -472.3682324704129769 ) ) ;
#3457 = CARTESIAN_POINT ( 'NONE',  ( -650.0000000000001137, 13.00405271819707487, 17.44049725267043982 ) ) ;
#3458 = CARTESIAN_POINT ( 'NONE',  ( -110.6828024367075045, -5.155830760132326773, -8.736369410030182081 ) ) ;
#3459 = CARTESIAN_POINT ( 'NONE',  ( -21.14024998023921498, -35.47292099347906458, -297.5649360674814830 ) ) ;
#3460 = CARTESIAN_POINT ( 'NONE',  ( 130.0000000000000284, -8.847209571328010114, -30.97346169348568523 ) ) ;
#3461 = CARTESIAN_POINT ( 'NONE',  ( -5.410846467060470566E-15, 52.87628316465593770, -186.8829476811143593 ) ) ;
#3462 = CARTESIAN_POINT ( 'NONE',  ( 22.65678185164412639, 26.35432817890513846, -439.3320247003423447 ) ) ;
#3463 = CARTESIAN_POINT ( 'NONE',  ( -129.9999999999996874, 7.333531795310619827, -37.30925049152386208 ) ) ;
#3464 = CARTESIAN_POINT ( 'NONE',  ( -129.9999999999998863, 23.32153925868955824, -267.3469348769523890 ) ) ;
#3465 = AXIS2_PLACEMENT_3D ( 'NONE', #1349, #1369, #706 ) ;
#3466 = CARTESIAN_POINT ( 'NONE',  ( 42.67223834459326781, -21.83185130990355916, -134.4010986437145334 ) ) ;
#3467 = ORIENTED_EDGE ( 'NONE', *, *, #1648, .F. ) ;
#3468 = CARTESIAN_POINT ( 'NONE',  ( -130.0000000000000284, -8.811247520730011829, -30.85192717925253092 ) ) ;
#3469 = VECTOR ( 'NONE', #1163, 1000.000000000000000 ) ;
#3470 = ADVANCED_FACE ( 'NONE', ( #3074 ), #3008, .F. ) ;
#3471 = CARTESIAN_POINT ( 'NONE',  ( -43.39319934986862393, -4.918607691289533790, 33.62996976571344021 ) ) ;
#3472 = CARTESIAN_POINT ( 'NONE',  ( -650.0000000000000000, -0.5836569176662512737, -1.677570890800155201 ) ) ;
#3473 = CARTESIAN_POINT ( 'NONE',  ( 130.0000000000004263, 29.67513204216228573, -194.1008935632897590 ) ) ;
#3474 = CARTESIAN_POINT ( 'NONE',  ( 29.57458645249914397, -24.06811538482874369, -118.2239738581182849 ) ) ;
#3475 = CARTESIAN_POINT ( 'NONE',  ( -57.19232227743082575, 13.40904037014199091, -26.89156192820675173 ) ) ;
#3476 = CARTESIAN_POINT ( 'NONE',  ( 22.70924644008762172, -24.32447757594431081, -440.4642541585006938 ) ) ;
#3477 = CARTESIAN_POINT ( 'NONE',  ( -130.0000000000000000, 24.89491111414501034, -125.7492610528347399 ) ) ;
#3478 = CARTESIAN_POINT ( 'NONE',  ( -23.10802662926695561, 8.887797161680822455, -466.5592957576700428 ) ) ;
#3479 =( LENGTH_UNIT ( ) NAMED_UNIT ( * ) SI_UNIT ( .MILLI., .METRE. ) );
#3480 = CARTESIAN_POINT ( 'NONE',  ( 129.9999999999997726, -3.188530555944720124, -4.896567337588303204 ) ) ;
#3481 = CARTESIAN_POINT ( 'NONE',  ( -103.3967225731218349, -12.89687977937471963, -202.7389561466839325 ) ) ;
#3482 = CARTESIAN_POINT ( 'NONE',  ( 650.0000000000005684, -5.322052703166394672, 134.6840678185083675 ) ) ;
#3483 = CARTESIAN_POINT ( 'NONE',  ( 3.428789370485408561E-15, 54.87593806606898283, -207.3175099963988544 ) ) ;
#3484 = CARTESIAN_POINT ( 'NONE',  ( -82.60585254639009634, 24.86380163762501283, -328.8964210929739238 ) ) ;
#3485 = CARTESIAN_POINT ( 'NONE',  ( -649.9999999999992042, 11.95939115341128733, 12.99954277660988211 ) ) ;
#3486 = CARTESIAN_POINT ( 'NONE',  ( -19.72211856460708645, -35.44162190801291956, -166.7404053090434672 ) ) ;
#3487 = EDGE_LOOP ( 'NONE', ( #317, #2640 ) ) ;
#3488 = LINE ( 'NONE', #162, #2765 ) ;
#3489 = CARTESIAN_POINT ( 'NONE',  ( 56.51760538651652155, -2.791379605385349461, 47.55411417827974674 ) ) ;
#3490 = CARTESIAN_POINT ( 'NONE',  ( -649.9999999999997726, -5.320755928994619133, 106.9876914020126151 ) ) ;
#3491 = CARTESIAN_POINT ( 'NONE',  ( -130.0000000000000000, 24.47905993371160704, -122.8721826263044221 ) ) ;
#3492 = CARTESIAN_POINT ( 'NONE',  ( -60.04643630910132401, -17.54959225663566613, -86.91323456153847360 ) ) ;
#3493 = CARTESIAN_POINT ( 'NONE',  ( -8.815371185654312876E-15, 32.92731399904539558, -2.879806795266937947 ) ) ;
#3494 = CARTESIAN_POINT ( 'NONE',  ( -67.79726137120701424, -16.55322949076235517, -381.1469889755224472 ) ) ;
#3495 = CARTESIAN_POINT ( 'NONE',  ( -21.81811819553025344, -10.98448737539972697, 50.00000000000000000 ) ) ;
#3496 = CARTESIAN_POINT ( 'NONE',  ( -68.31411486831332525, 15.66870109114260146, -389.3590863091768597 ) ) ;
#3497 = CARTESIAN_POINT ( 'NONE',  ( -649.9999999999987494, 7.619841308345441711, 1.938880606867545042 ) ) ;
#3498 = CARTESIAN_POINT ( 'NONE',  ( -110.2412218389146403, -7.963821586285035892, -20.21495462972409385 ) ) ;
#3499 = CARTESIAN_POINT ( 'NONE',  ( -65.33968269297830034, -24.63376674295137647, -289.1707662401635162 ) ) ;
#3500 = CARTESIAN_POINT ( 'NONE',  ( -130.0000000000001421, -8.681066400220208479, -54.23602023889827706 ) ) ;
#3501 = CARTESIAN_POINT ( 'NONE',  ( 15.45955167842944533, 45.80796252130978985, -134.0924053175153574 ) ) ;
#3502 = CARTESIAN_POINT ( 'NONE',  ( 21.37476152440489940, 45.82714965901439541, -390.0304043000267598 ) ) ;
#3503 = CARTESIAN_POINT ( 'NONE',  ( -49.28505915357280998, 4.295181271662292133, 29.30715376351585633 ) ) ;
#3504 = CARTESIAN_POINT ( 'NONE',  ( -130.0000000000000000, 2.499999999999996003, 1.252022385781562428E-14 ) ) ;
#3505 = CARTESIAN_POINT ( 'NONE',  ( 42.98371533817652335, -22.25596311447985798, -142.0975092896267711 ) ) ;
#3506 = ORIENTED_EDGE ( 'NONE', *, *, #3582, .T. ) ;
#3507 = CARTESIAN_POINT ( 'NONE',  ( -130.0000000000000568, -8.820415069367941285, -31.04221237414840928 ) ) ;
#3508 = FACE_OUTER_BOUND ( 'NONE', #710, .T. ) ;
#3509 = FACE_OUTER_BOUND ( 'NONE', #3346, .T. ) ;
#3510 = FACE_OUTER_BOUND ( 'NONE', #773, .T. ) ;
#3511 = CARTESIAN_POINT ( 'NONE',  ( 19.08848537889911512, -33.47541700544110199, -108.2914738760102153 ) ) ;
#3512 = CARTESIAN_POINT ( 'NONE',  ( -24.44937550187243858, 14.04811239503896125, -2.338518565109254599 ) ) ;
#3513 = CARTESIAN_POINT ( 'NONE',  ( -40.64335609908313529, -19.33323778001714643, -428.9130865122282898 ) ) ;
#3514 = CARTESIAN_POINT ( 'NONE',  ( -649.9999999999997726, -0.5836569176662512737, -1.677570890800155201 ) ) ;
#3515 = CARTESIAN_POINT ( 'NONE',  ( -54.89190442953976401, 13.58377042742993268, -420.5356756215089717 ) ) ;
#3516 = CARTESIAN_POINT ( 'NONE',  ( -17.36862387483457937, 21.02767035150204222, 50.00000000000000000 ) ) ;
#3517 = EDGE_CURVE ( 'NONE', #1885, #582, #1698, .T. ) ;
#3518 = CARTESIAN_POINT ( 'NONE',  ( 26.87834769243378119, -17.76614075067529797, -41.99130626194924787 ) ) ;
#3519 = CARTESIAN_POINT ( 'NONE',  ( -21.26094201561216934, -35.18811960386589988, -308.6911143850331314 ) ) ;
#3520 = CARTESIAN_POINT ( 'NONE',  ( 130.0000000000000284, -8.546894688083023439, -26.58012579681161469 ) ) ;
#3521 = CARTESIAN_POINT ( 'NONE',  ( -87.82673085648823985, 26.54628357919831672, -111.2113029617161573 ) ) ;
#3522 = CARTESIAN_POINT ( 'NONE',  ( 67.30722418079918157, 31.91029464864543996, -359.6633455041194907 ) ) ;
#3523 = CARTESIAN_POINT ( 'NONE',  ( -129.9999999999999716, 15.58496405671455776, -75.49626249200667871 ) ) ;
#3524 = CARTESIAN_POINT ( 'NONE',  ( 650.0000000000000000, -5.848941126776869837, 142.9763654373284680 ) ) ;
#3525 = CARTESIAN_POINT ( 'NONE',  ( -649.9999999999996589, -4.827271496911833992, 37.81328553501260359 ) ) ;
#3526 = CARTESIAN_POINT ( 'NONE',  ( -36.90991396330542074, -8.273737942604178386, 7.757862649556455104 ) ) ;
#3527 = CARTESIAN_POINT ( 'NONE',  ( -83.86391572645204917, -17.12136949631504024, -143.9445215004627130 ) ) ;
#3528 = ORIENTED_EDGE ( 'NONE', *, *, #2505, .T. ) ;
#3529 = CARTESIAN_POINT ( 'NONE',  ( 130.0000000000001137, 29.21942471381835915, -221.5718249270736351 ) ) ;
#3530 = CARTESIAN_POINT ( 'NONE',  ( -130.0000000000000000, -9.224686075459704426, -65.26684992644503325 ) ) ;
#3531 = CARTESIAN_POINT ( 'NONE',  ( 130.0000000000001137, -8.882902827581164118, -230.1122577953778716 ) ) ;
#3532 = VECTOR ( 'NONE', #3650, 1000.000000000000000 ) ;
#3533 = ORIENTED_EDGE ( 'NONE', *, *, #4318, .T. ) ;
#3534 = CARTESIAN_POINT ( 'NONE',  ( 112.8907054256730902, -2.484245916792445108, 50.00000000000000000 ) ) ;
#3535 = CARTESIAN_POINT ( 'NONE',  ( 98.76012629629452988, 0.000000000000000000, -323.8250788347020261 ) ) ;
#3536 = PLANE ( 'NONE',  #4091 ) ;
#3537 = VECTOR ( 'NONE', #1010, 1000.000000000000000 ) ;
#3538 = CARTESIAN_POINT ( 'NONE',  ( 108.4748994477420609, -11.10847183315632236, -67.49700441560074182 ) ) ;
#3539 = CARTESIAN_POINT ( 'NONE',  ( 130.0000000000001137, 1.970784561647034971, 26.74182783278622466 ) ) ;
#3540 = CARTESIAN_POINT ( 'NONE',  ( 40.64335609908317792, -19.33323778001714999, -428.9130865122281193 ) ) ;
#3541 = B_SPLINE_CURVE_WITH_KNOTS ( 'NONE', 3,
 ( #1334, #3011, #1668, #1313, #3405, #2667, #75, #3073, #1397, #2685, #4011 ),
 .UNSPECIFIED., .F., .F.,
 ( 4, 1, 1, 1, 1, 1, 1, 1, 4 ),
 ( 0.5326316384834828277, 0.5625000000000000000, 0.5937500000000000000, 0.6250000000000000000, 0.6562500000000000000, 0.6718750000000000000, 0.6875000000000000000, 0.7031250000000000000, 0.7089780029379122439 ),
 .UNSPECIFIED. ) ;
#3542 = CARTESIAN_POINT ( 'NONE',  ( 85.35580157420906744, -3.664898383624425549, 36.67626692332872551 ) ) ;
#3543 = DIRECTION ( 'NONE',  ( 1.000000000000000000, -0.000000000000000000, -0.000000000000000000 ) ) ;
#3544 = CARTESIAN_POINT ( 'NONE',  ( -22.97260609318499291, 16.45440596522779231, -455.9302254901400602 ) ) ;
#3545 = CARTESIAN_POINT ( 'NONE',  ( -655.0000000000000000, -3.386479293603499752, 7.645870484556512636 ) ) ;
#3546 = CARTESIAN_POINT ( 'NONE',  ( 26.73644038927234590, -17.34827559005234221, -37.98859564483613127 ) ) ;
#3547 = CARTESIAN_POINT ( 'NONE',  ( -102.7343516764323113, -12.98532051877094773, -220.4362421397067919 ) ) ;
#3548 = CARTESIAN_POINT ( 'NONE',  ( -129.9999999999998863, -8.714014431827136420, -81.77461454788030437 ) ) ;
#3549 = CARTESIAN_POINT ( 'NONE',  ( -87.95611139981387794, 28.45468707776872819, -123.6883296391377769 ) ) ;
#3550 = EDGE_CURVE ( 'NONE', #3834, #227, #263, .T. ) ;
#3551 = CARTESIAN_POINT ( 'NONE',  ( -21.95977824027924896, 39.08724194708609900, -411.0525249537181480 ) ) ;
#3552 = CARTESIAN_POINT ( 'NONE',  ( -650.0000000000000000, 4.691082399356535149, 138.8800127147841863 ) ) ;
#3553 = CARTESIAN_POINT ( 'NONE',  ( -130.0000000000000000, -8.953950093280587552, -165.0991082180914589 ) ) ;
#3554 = CARTESIAN_POINT ( 'NONE',  ( -111.8971490806386413, -3.220449032459976824, 22.86081105900586152 ) ) ;
#3555 = CARTESIAN_POINT ( 'NONE',  ( -44.22962331250901258, -23.54592514011696025, -172.8834978821477364 ) ) ;
#3556 = VERTEX_POINT ( 'NONE', #313 ) ;
#3557 = CARTESIAN_POINT ( 'NONE',  ( 105.9677447761959286, 31.90808962482408973, -243.0934035003035092 ) ) ;
#3558 = CARTESIAN_POINT ( 'NONE',  ( -129.9999999999999716, -9.198626249958856249, -70.86145488124344638 ) ) ;
#3559 = CARTESIAN_POINT ( 'NONE',  ( 130.0000000000002274, -8.962669560104128408, -219.1040026951097843 ) ) ;
#3560 = CARTESIAN_POINT ( 'NONE',  ( -649.9999999999996589, 16.01808788474544798, 49.76423844060295210 ) ) ;
#3561 = FACE_OUTER_BOUND ( 'NONE', #3487, .T. ) ;
#3562 = DIRECTION ( 'NONE',  ( -1.000000000000000000, -0.000000000000000000, -0.000000000000000000 ) ) ;
#3563 = CARTESIAN_POINT ( 'NONE',  ( 130.0000000000001137, -8.681066400220229795, -54.23602023889833390 ) ) ;
#3564 = CARTESIAN_POINT ( 'NONE',  ( -130.0000000000000853, 2.238403153525233336, 38.60905163973357901 ) ) ;
#3565 = CARTESIAN_POINT ( 'NONE',  ( -129.9999999999997158, -7.464511877313078969, -271.3776320387933652 ) ) ;
#3566 = CARTESIAN_POINT ( 'NONE',  ( -649.9999999999997726, -1.753317928467107566E-16, -2.043143630665322785 ) ) ;
#3567 = CARTESIAN_POINT ( 'NONE',  ( -54.78902471690924614, 16.06772631180888311, -417.0223226741994722 ) ) ;
#3568 = FACE_OUTER_BOUND ( 'NONE', #605, .T. ) ;
#3569 = CARTESIAN_POINT ( 'NONE',  ( -84.90290765614010127, -8.716887656857368327, -17.75708998187893428 ) ) ;
#3570 = CARTESIAN_POINT ( 'NONE',  ( 35.81850779159779563, -29.47914433134784318, -294.8182671855769286 ) ) ;
#3571 = CARTESIAN_POINT ( 'NONE',  ( 649.9999999999992042, -3.313647973744899833, 7.312483577800199974 ) ) ;
#3572 = CARTESIAN_POINT ( 'NONE',  ( 130.0000000000001421, 23.26829456956626885, -114.7506782415634632 ) ) ;
#3573 = CARTESIAN_POINT ( 'NONE',  ( 52.44579548574864702, 40.02293621566449389, -368.3471258348545234 ) ) ;
#3574 = CARTESIAN_POINT ( 'NONE',  ( -130.0000000000000284, 19.80564665611193931, -96.10676682586081654 ) ) ;
#3575 = FACE_OUTER_BOUND ( 'NONE', #4255, .T. ) ;
#3576 = CARTESIAN_POINT ( 'NONE',  ( -129.9999999999997442, -9.053379775929252915, -88.57618735142139599 ) ) ;
#3577 = CARTESIAN_POINT ( 'NONE',  ( -57.39981311716275059, -6.898141655700166019, 13.83322309725476273 ) ) ;
#3578 = CARTESIAN_POINT ( 'NONE',  ( 44.54110030609210469, -23.82532820144374242, -180.5811948538008096 ) ) ;
#3579 = ORIENTED_EDGE ( 'NONE', *, *, #2695, .F. ) ;
#3580 = CARTESIAN_POINT ( 'NONE',  ( -18.58250782738128137, 57.59649432405060310, -295.8099912099338553 ) ) ;
#3581 = CARTESIAN_POINT ( 'NONE',  ( -130.0000000000000284, -8.964614224992335068, -97.73123327341436095 ) ) ;
#3582 = EDGE_CURVE ( 'NONE', #2763, #3834, #1443, .T. ) ;
#3583 = CARTESIAN_POINT ( 'NONE',  ( -37.80521003585644024, -30.46750200921854557, -351.1592219936985657 ) ) ;
#3584 = CARTESIAN_POINT ( 'NONE',  ( -649.9999999999997726, 15.17323348003776218, 76.25120314933374743 ) ) ;
#3585 = CARTESIAN_POINT ( 'NONE',  ( 650.0000000000000000, -2.500000000000002220, 159.9568563693341616 ) ) ;
#3586 = DIRECTION ( 'NONE',  ( -0.000000000000000000, -0.000000000000000000, 1.000000000000000000 ) ) ;
#3587 = CARTESIAN_POINT ( 'NONE',  ( 130.0000000000003411, 2.213924161698811233, 3.963353059148154500 ) ) ;
#3588 = CARTESIAN_POINT ( 'NONE',  ( 41.21098531172848567, -11.26967512977486940, -443.2782740653680094 ) ) ;
#3589 = CARTESIAN_POINT ( 'NONE',  ( -649.9999999999997726, -4.647574224469146031, 23.64293699311642882 ) ) ;
#3590 = CARTESIAN_POINT ( 'NONE',  ( 22.90654442297454452, 19.02169878372206924, -451.9549603203913648 ) ) ;
#3591 = DIRECTION ( 'NONE',  ( -0.000000000000000000, -0.8944271909999158554, -0.4472135954999578167 ) ) ;
#3592 = CARTESIAN_POINT ( 'NONE',  ( 18.50011170645597147, -30.38003770698034955, -54.04243595823442092 ) ) ;
#3593 = CARTESIAN_POINT ( 'NONE',  ( 48.59030122267287055, -26.75791834601087871, -280.6340417404194909 ) ) ;
#3594 = CARTESIAN_POINT ( 'NONE',  ( 130.0000000000001705, -8.934584452919713371, -223.5956290728233569 ) ) ;
#3595 = CARTESIAN_POINT ( 'NONE',  ( 58.77513369560539047, 37.32000968353175807, -135.2038831273690960 ) ) ;
#3596 = CARTESIAN_POINT ( 'NONE',  ( 129.9999999999997158, 24.94205576302353577, -259.8175268931452138 ) ) ;
#3597 = CARTESIAN_POINT ( 'NONE',  ( -130.0000000000000284, 14.95631247494330651, -72.51021232184288579 ) ) ;
#3598 = CARTESIAN_POINT ( 'NONE',  ( 650.0000000000000000, -0.5836569176662512737, -1.677570890800155201 ) ) ;
#3599 = CARTESIAN_POINT ( 'NONE',  ( -130.0000000000001705, -8.962791443677875947, -97.71797525276708996 ) ) ;
#3600 = CARTESIAN_POINT ( 'NONE',  ( 57.68337988772762515, -8.075650528961020314, 3.095968406072851842 ) ) ;
#3601 = CARTESIAN_POINT ( 'NONE',  ( 130.0000000000000853, -8.766081153608176635, -103.6783921725815105 ) ) ;
#3602 = ORIENTED_EDGE ( 'NONE', *, *, #2646, .T. ) ;
#3603 = CARTESIAN_POINT ( 'NONE',  ( -105.9677447761959002, 31.90808962482428157, -243.0934035003038503 ) ) ;
#3604 = CARTESIAN_POINT ( 'NONE',  ( -129.9999999999999716, -9.195026410705313680, -71.49476554100822057 ) ) ;
#3605 = CARTESIAN_POINT ( 'NONE',  ( 112.4491248278800128, -2.787625938371392831, 37.59541636104014373 ) ) ;
#3606 = B_SPLINE_CURVE_WITH_KNOTS ( 'NONE', 3,
 ( #2368, #1640, #3002, #2982, #46, #643, #3395, #4041, #2327 ),
 .UNSPECIFIED., .F., .F.,
 ( 4, 1, 1, 1, 1, 1, 4 ),
 ( 8.605546956903186676E-06, 0.01562500000000000000, 0.03124999999999999653, 0.04687500000000000000, 0.06250000000000000000, 0.07812500000000000000, 0.08722165417729664527 ),
 .UNSPECIFIED. ) ;
#3607 = CARTESIAN_POINT ( 'NONE',  ( 37.23758082321110408, -29.98059819920393565, -335.0339629770746228 ) ) ;
#3608 = CARTESIAN_POINT ( 'NONE',  ( 650.0000000000000000, -5.848941126776869837, 142.9763654373284680 ) ) ;
#3609 = EDGE_CURVE ( 'NONE', #4201, #3010, #3606, .T. ) ;
#3610 = CARTESIAN_POINT ( 'NONE',  ( 77.61966916342851164, -5.921196897805962145, 13.35101733284764514 ) ) ;
#3611 = AXIS2_PLACEMENT_3D ( 'NONE', #900, #578, #4174 ) ;
#3612 = MANIFOLD_SOLID_BREP ( 'Mirror2[1]', #324 ) ;
#3613 = CARTESIAN_POINT ( 'NONE',  ( -129.9999999999998863, -5.308724525222115354, -287.7209577341291720 ) ) ;
#3614 = CARTESIAN_POINT ( 'NONE',  ( 130.0000000000003695, 16.61802132940457710, -288.2302970149575572 ) ) ;
#3615 = CARTESIAN_POINT ( 'NONE',  ( -22.83165097867175675, 21.52997303534545992, -447.8637636709365779 ) ) ;
#3616 = PRESENTATION_LAYER_ASSIGNMENT (  '', '', ( #737 ) ) ;
#3617 = CARTESIAN_POINT ( 'NONE',  ( -650.0000000000000000, -2.500000000000002220, 159.9568563693341616 ) ) ;
#3618 = CARTESIAN_POINT ( 'NONE',  ( -39.40172991197044183, -15.38707619034840057, -53.54923683590956784 ) ) ;
#3619 = CARTESIAN_POINT ( 'NONE',  ( 65.33968269297841402, -24.63376674295139424, -289.1707662401635162 ) ) ;
#3620 = CARTESIAN_POINT ( 'NONE',  ( 650.0000000000001137, -3.003025282548223096, 5.428204522033246882 ) ) ;
#3621 = CARTESIAN_POINT ( 'NONE',  ( -7.276959366297238308E-15, 42.76028532863809062, -95.17482653614338517 ) ) ;
#3622 = CARTESIAN_POINT ( 'NONE',  ( -83.95177344912131900, 36.63767031856050238, -289.3904915578294208 ) ) ;
#3623 = CARTESIAN_POINT ( 'NONE',  ( -130.0000000000000000, 18.55414176959773087, -89.81823682561721967 ) ) ;
#3624 = CARTESIAN_POINT ( 'NONE',  ( 41.77710716815494862, 1.421863661331960405, -455.4438914245944829 ) ) ;
#3625 = CARTESIAN_POINT ( 'NONE',  ( -129.9999999999999432, -8.215218201884571414, -257.7360622988128398 ) ) ;
#3626 = CARTESIAN_POINT ( 'NONE',  ( 18.09277608707223806, -27.70843186591713447, -16.53534900203321101 ) ) ;
#3627 = CARTESIAN_POINT ( 'NONE',  ( 43.60666932534270046, -22.96233974362388963, -157.4900259078386853 ) ) ;
#3628 = ORIENTED_EDGE ( 'NONE', *, *, #1340, .F. ) ;
#3629 = CARTESIAN_POINT ( 'NONE',  ( 130.0000000000000000, 29.67306255859435282, -200.6003812983394141 ) ) ;
#3630 = CARTESIAN_POINT ( 'NONE',  ( -129.9999999999999716, -9.055853924683466616, -88.25908609574959485 ) ) ;
#3631 = CARTESIAN_POINT ( 'NONE',  ( -21.71353714826072334, -34.63540505498520616, -350.5206492979066866 ) ) ;
#3632 = PLANE ( 'NONE',  #608 ) ;
#3633 = CARTESIAN_POINT ( 'NONE',  ( 74.20351998089797974, -5.969351912850526354, 14.89011954278802818 ) ) ;
#3634 = CARTESIAN_POINT ( 'NONE',  ( -54.50836410075232408, -10.71435960687660049, -423.1025413025576540 ) ) ;
#3635 = CARTESIAN_POINT ( 'NONE',  ( 650.0000000000000000, 11.77899066069571354, 11.75391274890842297 ) ) ;
#3636 = B_SPLINE_CURVE_WITH_KNOTS ( 'NONE', 3,
 ( #3892, #2911, #3915, #4167, #4190, #1518, #217, #3936, #3844 ),
 .UNSPECIFIED., .F., .F.,
 ( 4, 1, 1, 1, 1, 1, 4 ),
 ( 0.000000000000000000, 0.05146663280041045146, 0.1223783966294277187, 0.1791430827340907139, 0.3410625530238940994, 0.6020235992459282981, 1.000000000000000000 ),
 .UNSPECIFIED. ) ;
#3637 = CARTESIAN_POINT ( 'NONE',  ( 39.55746840876196302, -15.77292617757609250, -57.39648235071579307 ) ) ;
#3638 = CARTESIAN_POINT ( 'NONE',  ( 649.9999999999997726, -3.740088378652083989, 10.23665761907248317 ) ) ;
#3639 = CARTESIAN_POINT ( 'NONE',  ( -15.74140288852866831, 40.71080118470664644, -95.36432943228609815 ) ) ;
#3640 = CARTESIAN_POINT ( 'NONE',  ( 36.75761095917913934, 52.78555295849858453, -332.0906206656690642 ) ) ;
#3641 = CARTESIAN_POINT ( 'NONE',  ( -130.0000000000000000, 13.90810404131490685, -67.53398399319536338 ) ) ;
#3642 = FACE_OUTER_BOUND ( 'NONE', #1558, .T. ) ;
#3643 = CARTESIAN_POINT ( 'NONE',  ( -130.0000000000000000, 29.64440066090766734, -203.4610781973209441 ) ) ;
#3644 = CARTESIAN_POINT ( 'NONE',  ( -111.4555684828457345, -3.650130957242451846, 11.36572790853229975 ) ) ;
#3645 = CARTESIAN_POINT ( 'NONE',  ( 45.16405429325840259, -24.43239541164306772, -195.9796325840931672 ) ) ;
#3646 = ORIENTED_EDGE ( 'NONE', *, *, #2028, .F. ) ;
#3647 = CARTESIAN_POINT ( 'NONE',  ( -31.33565063975387588, 53.09414615440371676, -223.3055405185605480 ) ) ;
#3648 = DIRECTION ( 'NONE',  ( 0.2940134050744871996, -5.852594989481019404E-17, 0.9558012961052655410 ) ) ;
#3649 = CARTESIAN_POINT ( 'NONE',  ( 130.0000000000000853, -8.811633460349170832, -235.6140603858639224 ) ) ;
#3650 = DIRECTION ( 'NONE',  ( -0.000000000000000000, -0.000000000000000000, 1.000000000000000000 ) ) ;
#3651 = CARTESIAN_POINT ( 'NONE',  ( 28.34981649324007691, -6.230502808160838235, 46.67079163180846990 ) ) ;
#3652 = CARTESIAN_POINT ( 'NONE',  ( -130.0000000000001990, -5.751614552487810172, -284.9906089700025973 ) ) ;
#3653 = CARTESIAN_POINT ( 'NONE',  ( -130.0000000000000000, 0.000000000000000000, -300.0000000000000000 ) ) ;
#3654 = CARTESIAN_POINT ( 'NONE',  ( -84.68978110646047242, -12.77961042617438991, -43.46098117950474204 ) ) ;
#3655 = CARTESIAN_POINT ( 'NONE',  ( -113.1314414424185344, 20.64745614847461042, -100.9573932464591337 ) ) ;
#3656 = CARTESIAN_POINT ( 'NONE',  ( -37.87456191739261868, 49.38332031289867530, -353.8652280835774491 ) ) ;
#3657 = CARTESIAN_POINT ( 'NONE',  ( -130.0000000000000284, 7.056351031933288276, -32.94363765984640224 ) ) ;
#3658 = CARTESIAN_POINT ( 'NONE',  ( -130.0000000000000000, 1.339184022845541611, -300.5307938009489703 ) ) ;
#3659 = ADVANCED_FACE ( 'NONE', ( #742 ), #1326, .F. ) ;
#3660 = SURFACE_SIDE_STYLE ('',( #2347 ) ) ;
#3661 = CARTESIAN_POINT ( 'NONE',  ( 2.244312952801825912E-15, -33.37784062163405707, -9.658331095818317280 ) ) ;
#3662 = CARTESIAN_POINT ( 'NONE',  ( 33.35878120346801268, -28.43135421221721515, -225.2796703663903202 ) ) ;
#3663 = ORIENTED_EDGE ( 'NONE', *, *, #585, .T. ) ;
#3664 = CARTESIAN_POINT ( 'NONE',  ( 17.88444440312537864, 57.43268088913503533, -272.0275094311151065 ) ) ;
#3665 = FACE_OUTER_BOUND ( 'NONE', #1962, .T. ) ;
#3666 = CARTESIAN_POINT ( 'NONE',  ( 82.69171970321460208, -19.67037813925307788, -286.5056454967943296 ) ) ;
#3667 = ORIENTED_EDGE ( 'NONE', *, *, #234, .F. ) ;
#3668 = CARTESIAN_POINT ( 'NONE',  ( 655.0000000000000000, 97.50000000000000000, 149.9568563693341332 ) ) ;
#3669 = CARTESIAN_POINT ( 'NONE',  ( -129.9999999999998010, 9.162906260965192118, -298.5665210592812855 ) ) ;
#3670 = CARTESIAN_POINT ( 'NONE',  ( -650.0000000000000000, -4.274551292684870774, 17.43085385426316947 ) ) ;
#3671 = CARTESIAN_POINT ( 'NONE',  ( 67.98630588491680271, -13.48361027440239823, -387.7288528107034722 ) ) ;
#3672 = CARTESIAN_POINT ( 'NONE',  ( 130.0000000000000284, 2.598268028726801404, -300.8736273940464230 ) ) ;
#3673 = PRODUCT_CONTEXT ( 'NONE', #94, 'mechanical' ) ;
#3674 = AXIS2_PLACEMENT_3D ( 'NONE', #440, #2458, #1392 ) ;
#3675 = CARTESIAN_POINT ( 'NONE',  ( 84.79634438130030105, -11.17826984454418415, -30.52836189087276253 ) ) ;
#3676 = B_SPLINE_CURVE_WITH_KNOTS ( 'NONE', 3,
 ( #689, #378, #4313, #4047, #3728 ),
 .UNSPECIFIED., .F., .F.,
 ( 4, 1, 4 ),
 ( 0.5358267294694890603, 0.5360891197806090247, 0.7208547063258845533 ),
 .UNSPECIFIED. ) ;
#3677 =( GEOMETRIC_REPRESENTATION_CONTEXT ( 3 ) GLOBAL_UNCERTAINTY_ASSIGNED_CONTEXT ( ( #2725 ) ) GLOBAL_UNIT_ASSIGNED_CONTEXT ( ( #3479, #477, #2778 ) ) REPRESENTATION_CONTEXT ( 'NONE', 'WORKASPACE' ) );
#3678 = CARTESIAN_POINT ( 'NONE',  ( 28.53298140231754232, 36.78711563098893578, -95.73663919284130941 ) ) ;
#3679 = CARTESIAN_POINT ( 'NONE',  ( -20.72191678350158384, 51.02912555278199136, -367.5814164399193942 ) ) ;
#3680 = CARTESIAN_POINT ( 'NONE',  ( -130.0000000000000000, 5.332430142617949897, -22.53671592818538372 ) ) ;
#3681 = CARTESIAN_POINT ( 'NONE',  ( -41.77861452437376499, 0.4742129493825944508, -456.4449353030088901 ) ) ;
#3682 = PRESENTATION_STYLE_ASSIGNMENT (( #1001 ) ) ;
#3683 = CARTESIAN_POINT ( 'NONE',  ( 85.08939338710945322, -6.278138582881112484, 4.571201068461793859 ) ) ;
#3684 = CARTESIAN_POINT ( 'NONE',  ( -62.69305950103979086, -22.44306483439787669, -188.0157925575151125 ) ) ;
#3685 = EDGE_CURVE ( 'NONE', #2175, #2763, #1028, .T. ) ;
#3686 = PLANE ( 'NONE',  #4016 ) ;
#3687 = CARTESIAN_POINT ( 'NONE',  ( 62.31521473759946872, 48.28323599138018096, -257.5320509269587319 ) ) ;
#3688 = CARTESIAN_POINT ( 'NONE',  ( -650.0000000000000000, -4.760486024848496811, 78.56379940855549648 ) ) ;
#3689 = CARTESIAN_POINT ( 'NONE',  ( -100.9680292852602150, -12.88335452443369356, -267.5560193417578034 ) ) ;
#3690 = EDGE_LOOP ( 'NONE', ( #486, #2644 ) ) ;
#3691 = CARTESIAN_POINT ( 'NONE',  ( -35.50826749218131084, -3.726718167975012541, 42.27801221967386880 ) ) ;
#3692 = CARTESIAN_POINT ( 'NONE',  ( 85.46236484904882502, 2.714258459809137491, 45.33984151270606588 ) ) ;
#3693 = LINE ( 'NONE', #2971, #1427 ) ;
#3694 = CARTESIAN_POINT ( 'NONE',  ( 55.07940525565479817, -1.076877309369212332, -435.1318850876857027 ) ) ;
#3695 = CARTESIAN_POINT ( 'NONE',  ( 21.81811819553026055, -10.98448737539971276, 49.99999999999998579 ) ) ;
#3696 =( NAMED_UNIT ( * ) PLANE_ANGLE_UNIT ( ) SI_UNIT ( $, .RADIAN. ) );
#3697 = CARTESIAN_POINT ( 'NONE',  ( -109.1372703444320251, -10.68748904304684544, -49.73275371579741488 ) ) ;
#3698 = CARTESIAN_POINT ( 'NONE',  ( -129.9999999999997442, 18.49263459741425208, -89.63933223708617959 ) ) ;
#3699 = CARTESIAN_POINT ( 'NONE',  ( 52.79524063604508655, -25.78335871790002898, -384.0015899028328477 ) ) ;
#3700 = CARTESIAN_POINT ( 'NONE',  ( -130.0000000000000000, 11.93957916200151992, -58.10992835931354961 ) ) ;
#3701 = CARTESIAN_POINT ( 'NONE',  ( 23.16184157273617217, 0.000000000000000000, -477.3061618411490485 ) ) ;
#3702 = CARTESIAN_POINT ( 'NONE',  ( -649.9999999999998863, -2.903855320502511272, 4.794019675608078401 ) ) ;
#3703 = CARTESIAN_POINT ( 'NONE',  ( -58.25051342885738137, -10.35691874747144148, -18.39949670018179262 ) ) ;
#3704 = CARTESIAN_POINT ( 'NONE',  ( 62.50401498732988159, -22.14993753936946064, -180.7931099670855417 ) ) ;
#3705 = CARTESIAN_POINT ( 'NONE',  ( 130.0000000000000000, -3.246889241610710819E-16, -300.0000000000000000 ) ) ;
#3706 = CARTESIAN_POINT ( 'NONE',  ( 130.0000000000000284, 29.53049614392581290, -211.9476706293737607 ) ) ;
#3707 = CARTESIAN_POINT ( 'NONE',  ( 51.33949359915901312, 4.405531476722604367, 27.88517101432024248 ) ) ;
#3708 = CARTESIAN_POINT ( 'NONE',  ( 100.7472389863631435, -12.62376513868384187, -273.4062813140585035 ) ) ;
#3709 = VERTEX_POINT ( 'NONE', #2798 ) ;
#3710 = CARTESIAN_POINT ( 'NONE',  ( -85.46236484904878239, 2.531508166415117778, 50.00000000000000000 ) ) ;
#3711 = CARTESIAN_POINT ( 'NONE',  ( -649.9999999999992042, -5.553495781016109412, 119.4087473656232703 ) ) ;
#3712 = EDGE_CURVE ( 'NONE', #2596, #1311, #1783, .T. ) ;
#3713 = CARTESIAN_POINT ( 'NONE',  ( 649.9999999999989768, -4.761637805452401118, 32.71896981570057505 ) ) ;
#3714 = CARTESIAN_POINT ( 'NONE',  ( -98.76012629629451567, 0.000000000000000000, -323.8250788347021398 ) ) ;
#3715 = CARTESIAN_POINT ( 'NONE',  ( 129.9999999999996021, 26.17045336302732039, -135.2989699032874285 ) ) ;
#3716 = CARTESIAN_POINT ( 'NONE',  ( 41.77861452437384315, 0.000000000000000000, -456.9399091819586260 ) ) ;
#3717 = CARTESIAN_POINT ( 'NONE',  ( -130.0000000000000853, -8.684529234975498113, -31.97769708561190427 ) ) ;
#3718 = CARTESIAN_POINT ( 'NONE',  ( -25.03721028726329223, 17.42103998781905361, -18.03205412781879247 ) ) ;
#3719 = CARTESIAN_POINT ( 'NONE',  ( -22.48294887376325235, -30.30824755426802142, -420.7807390764927504 ) ) ;
#3720 = CARTESIAN_POINT ( 'NONE',  ( -130.0000000000000000, 8.116765024853794586, -38.77223826532534190 ) ) ;
#3721 = CARTESIAN_POINT ( 'NONE',  ( 23.14977148147671926, 4.256121846435111600, -472.3682324704129201 ) ) ;
#3722 = FILL_AREA_STYLE ('',( #2388 ) ) ;
#3723 = CARTESIAN_POINT ( 'NONE',  ( -130.0000000000003411, -2.318075879176614951, 3.115798879615302219 ) ) ;
#3724 = CARTESIAN_POINT ( 'NONE',  ( -130.0000000000000000, -8.886638243487125166, -147.4913209871621405 ) ) ;
#3725 = CARTESIAN_POINT ( 'NONE',  ( 25.00000000000000711, 7.868799009346824747, 49.99999999999999289 ) ) ;
#3726 = CARTESIAN_POINT ( 'NONE',  ( 41.73096926592275224, 46.95626864530278510, -183.6787900035719190 ) ) ;
#3727 = CARTESIAN_POINT ( 'NONE',  ( 22.45082487981154884, 30.89879171255277512, -430.3384506465460504 ) ) ;
#3728 = CARTESIAN_POINT ( 'NONE',  ( -649.9999999999998863, -4.856782457194425362, 42.54297756800176700 ) ) ;
#3729 = CARTESIAN_POINT ( 'NONE',  ( -22.34717033396866626, -32.50885880439614795, -408.6855617280156139 ) ) ;
#3730 = ORIENTED_EDGE ( 'NONE', *, *, #2695, .T. ) ;
#3731 = CARTESIAN_POINT ( 'NONE',  ( -130.0000000000000284, 22.66875559903197157, -111.5892472777757263 ) ) ;
#3732 = CARTESIAN_POINT ( 'NONE',  ( 130.0000000000000000, -7.011824048506009710, -278.1648481754104978 ) ) ;
#3733 = ADVANCED_FACE ( 'NONE', ( #2430 ), #3822, .T. ) ;
#3734 = CARTESIAN_POINT ( 'NONE',  ( 129.9999999999998295, -2.061486991660567369, -298.3911574373269673 ) ) ;
#3735 = CARTESIAN_POINT ( 'NONE',  ( 3.816391647148975608E-14, 0.000000000000000000, -490.5886635386124226 ) ) ;
#3736 = CARTESIAN_POINT ( 'NONE',  ( 650.0000000000000000, 4.691082399356535149, 138.8800127147841863 ) ) ;
#3737 = CARTESIAN_POINT ( 'NONE',  ( -130.0000000000000568, -8.685826090184447068, -38.49553865317676582 ) ) ;
#3738 = CARTESIAN_POINT ( 'NONE',  ( 112.9603409593852348, 4.777557059375368453, -14.21221565010919186 ) ) ;
#3739 = CARTESIAN_POINT ( 'NONE',  ( 52.95097913283676405, -25.06739219233060112, -387.6873396238962073 ) ) ;
#3740 = CARTESIAN_POINT ( 'NONE',  ( 650.0000000000000000, -4.218570238863698307, 99.46288689080074619 ) ) ;
#3741 = CARTESIAN_POINT ( 'NONE',  ( 3.463478016653432172E-14, 4.259504241638615518, -485.4805223432888397 ) ) ;
#3742 = CARTESIAN_POINT ( 'NONE',  ( -649.9999999999994316, 8.967674631611064484, 4.300496536433115580 ) ) ;
#3743 = CARTESIAN_POINT ( 'NONE',  ( -84.98283011226956773, -7.347200828547802764, -8.185369371464680910 ) ) ;
#3744 = CARTESIAN_POINT ( 'NONE',  ( 21.14024998023925050, -35.47292099347907168, -297.5649360674813693 ) ) ;
#3745 = CARTESIAN_POINT ( 'NONE',  ( -650.0000000000000000, -4.857304735682308028, 42.66513618342480640 ) ) ;
#3746 = CARTESIAN_POINT ( 'NONE',  ( -41.73096926592278066, 46.95626864530330380, -183.6787900035717485 ) ) ;
#3747 = CARTESIAN_POINT ( 'NONE',  ( 40.97048317150980523, 25.86203400624114579, -420.8584863575804320 ) ) ;
#3748 = CARTESIAN_POINT ( 'NONE',  ( -649.9999999999996589, 16.01808788474544798, 49.76423844060295210 ) ) ;
#3749 = AXIS2_PLACEMENT_3D ( 'NONE', #2885, #2231, #4188 ) ;
#3750 = CARTESIAN_POINT ( 'NONE',  ( 108.0333188499489125, -11.36871694904898433, -79.29107528228259127 ) ) ;
#3751 = VERTEX_POINT ( 'NONE', #3415 ) ;
#3752 = DIRECTION ( 'NONE',  ( 0.000000000000000000, 0.000000000000000000, -1.000000000000000000 ) ) ;
#3753 = CARTESIAN_POINT ( 'NONE',  ( -649.9999999999997726, -4.643783609187643435, 144.8276695941491710 ) ) ;
#3754 = CARTESIAN_POINT ( 'NONE',  ( -45.37070184495243552, -5.022775114252348239, 32.12887024618659382 ) ) ;
#3755 = CARTESIAN_POINT ( 'NONE',  ( -23.02606303294153989, -9.377677660412183869, -466.6843019584694616 ) ) ;
#3756 = CARTESIAN_POINT ( 'NONE',  ( -130.0000000000000000, -8.876388424164495916, -140.6683286697904975 ) ) ;
#3757 = CARTESIAN_POINT ( 'NONE',  ( 84.68978110646052926, -12.77961042617438459, -43.46098117950467810 ) ) ;
#3758 = CARTESIAN_POINT ( 'NONE',  ( 25.44897861519425319, 19.68723625447466574, -27.59229495538232158 ) ) ;
#3759 = CARTESIAN_POINT ( 'NONE',  ( -100.0848680896740177, -11.11805774419594073, -290.8733677402562989 ) ) ;
#3760 = CARTESIAN_POINT ( 'NONE',  ( -130.0000000000000000, 25.35011139918749024, -129.0395230008455769 ) ) ;
#3761 = CARTESIAN_POINT ( 'NONE',  ( -82.06173638250521662, 4.202788770564967358, -358.0747408614859637 ) ) ;
#3762 = FACE_OUTER_BOUND ( 'NONE', #28, .T. ) ;
#3763 = CARTESIAN_POINT ( 'NONE',  ( 58.25051342885733874, -10.35691874747147345, -18.39949670018183170 ) ) ;
#3764 = CARTESIAN_POINT ( 'NONE',  ( 104.5006740676046491, -12.75046963951348822, -173.2668653520735802 ) ) ;
#3765 = CARTESIAN_POINT ( 'NONE',  ( 130.0000000000000284, 2.500244765859712004, 3.286243849200294609E-08 ) ) ;
#3766 = CARTESIAN_POINT ( 'NONE',  ( 87.13314104266314075, 37.17907840595442792, -205.1193282791632271 ) ) ;
#3767 = CARTESIAN_POINT ( 'NONE',  ( -129.9999999999999432, 20.18002502112745233, -279.1877355776713898 ) ) ;
#3768 = CARTESIAN_POINT ( 'NONE',  ( -650.0000000000012506, 6.819605414966197543, 0.7794529595290836665 ) ) ;
#3769 = CARTESIAN_POINT ( 'NONE',  ( -84.13032391355157813, -16.21931182171242014, -111.6252676123713741 ) ) ;
#3770 = ORIENTED_EDGE ( 'NONE', *, *, #20, .T. ) ;
#3771 = CARTESIAN_POINT ( 'NONE',  ( -129.9999999999999716, -8.960166633705959782, -35.29182129349070607 ) ) ;
#3772 = CARTESIAN_POINT ( 'NONE',  ( 130.0000000000000000, -8.491755515132789256, -19.38270085777848806 ) ) ;
#3773 = CARTESIAN_POINT ( 'NONE',  ( -25.03355275133637647, -12.23895984335719156, 9.997217954230148251 ) ) ;
#3774 = CARTESIAN_POINT ( 'NONE',  ( 130.0000000000002274, -4.746166961278781571, -291.7730153911001594 ) ) ;
#3775 = CARTESIAN_POINT ( 'NONE',  ( -55.07940525565476264, -1.076877309369213220, -435.1318850876858164 ) ) ;
#3776 = CARTESIAN_POINT ( 'NONE',  ( -130.0000000000000284, -8.878631054679395618, -141.1480361919268489 ) ) ;
#3777 = CARTESIAN_POINT ( 'NONE',  ( -18.72640927278026268, -31.65395429904556579, -74.90193940235005243 ) ) ;
#3778 = CARTESIAN_POINT ( 'NONE',  ( -113.0063476692825617, 8.246680592882427163, -37.63065850170072935 ) ) ;
#3779 = CARTESIAN_POINT ( 'NONE',  ( -82.39867069740495253, -16.91778604815702280, -321.5542980928847783 ) ) ;
#3780 = CARTESIAN_POINT ( 'NONE',  ( -130.0000000000000284, 29.64561937111996670, -193.5921297928564684 ) ) ;
#3781 = CARTESIAN_POINT ( 'NONE',  ( -130.0000000000003979, 10.23798929786186029, -297.5966824564850981 ) ) ;
#3782 = CARTESIAN_POINT ( 'NONE',  ( -649.9999999999998863, 3.861569357340815412, -2.008862218929602594 ) ) ;
#3783 = CARTESIAN_POINT ( 'NONE',  ( 26.02690387346576983, -15.28463731731258690, -17.98108365767796002 ) ) ;
#3784 = CARTESIAN_POINT ( 'NONE',  ( -104.0590934698116570, -12.82767775612935246, -185.0505210407381185 ) ) ;
#3785 = CARTESIAN_POINT ( 'NONE',  ( 130.0000000000000000, -3.013692927980338165, -4.427223643831825761 ) ) ;
#3786 = CARTESIAN_POINT ( 'NONE',  ( -129.9999999999999147, 29.47584741036531497, -182.3167206850823163 ) ) ;
#3787 = ADVANCED_FACE ( 'NONE', ( #3762 ), #3435, .F. ) ;
#3788 = CARTESIAN_POINT ( 'NONE',  ( -40.64093741815018035, 30.22535131787035922, -412.3768926889902673 ) ) ;
#3789 = PRESENTATION_STYLE_ASSIGNMENT (( #2760 ) ) ;
#3790 = CARTESIAN_POINT ( 'NONE',  ( -649.9999999999994316, 10.51341947313170166, 7.956454688183262292 ) ) ;
#3791 = CARTESIAN_POINT ( 'NONE',  ( -61.18070339136066593, -20.25945195414109534, -130.2583216891594020 ) ) ;
#3792 = ORIENTED_EDGE ( 'NONE', *, *, #2880, .T. ) ;
#3793 = CARTESIAN_POINT ( 'NONE',  ( 655.0000000000000000, 97.50000000000000000, 209.9568563693341332 ) ) ;
#3794 = CARTESIAN_POINT ( 'NONE',  ( 129.9999999999997442, -4.220849334769401828, -294.1631445689571365 ) ) ;
#3795 = CARTESIAN_POINT ( 'NONE',  ( -650.0000000000000000, -3.678025923426538224, 9.750789846857651710 ) ) ;
#3796 = CARTESIAN_POINT ( 'NONE',  ( -129.9999999999999716, -8.901916790611005936, -146.5510749323371726 ) ) ;
#3797 = CARTESIAN_POINT ( 'NONE',  ( -29.29077184617635154, -23.51425321430863136, -110.1966226065922712 ) ) ;
#3798 = CARTESIAN_POINT ( 'NONE',  ( -130.0000000000003411, 2.808381598554900549, -4.590315932790336895 ) ) ;
#3799 = CARTESIAN_POINT ( 'NONE',  ( 82.34538905998519454, -15.65060868872523336, -327.7912371820252133 ) ) ;
#3800 = CARTESIAN_POINT ( 'NONE',  ( -129.9999999999999716, 28.01069215283213509, -154.3648459087673928 ) ) ;
#3801 = CARTESIAN_POINT ( 'NONE',  ( -41.69250680036837764, 8.858242613051606540, -446.7971680275795734 ) ) ;
#3802 = DIRECTION ( 'NONE',  ( 1.000000000000000000, 0.000000000000000000, -0.000000000000000000 ) ) ;
#3803 = CARTESIAN_POINT ( 'NONE',  ( -58.72312471313195914, -12.87468189328070522, -36.32211828373466034 ) ) ;
#3804 = CARTESIAN_POINT ( 'NONE',  ( -46.40996226759092025, -25.77447440710338356, -226.7830094593314243 ) ) ;
#3805 = CARTESIAN_POINT ( 'NONE',  ( -130.0000000000000853, -8.738101039745551191, -92.73461728397396087 ) ) ;
#3806 = CARTESIAN_POINT ( 'NONE',  ( -87.81957720392540523, 34.43850135248864319, -177.8496178127249721 ) ) ;
#3807 = CARTESIAN_POINT ( 'NONE',  ( 67.78914967477868458, 26.09464956330413088, -372.0732784782165368 ) ) ;
#3808 = FILL_AREA_STYLE_COLOUR ( '', #4018 ) ;
#3809 = CARTESIAN_POINT ( 'NONE',  ( -649.9999999999987494, 7.619841308345441711, 1.938880606867545042 ) ) ;
#3810 = CARTESIAN_POINT ( 'NONE',  ( -107.8125285510529636, -11.48950329748624455, -85.17662335882415903 ) ) ;
#3811 = ORIENTED_EDGE ( 'NONE', *, *, #364, .F. ) ;
#3812 = CARTESIAN_POINT ( 'NONE',  ( -130.0000000000000853, -8.928482922306072211, -34.02777689747000522 ) ) ;
#3813 = VECTOR ( 'NONE', #2206, 1000.000000000000000 ) ;
#3814 = CARTESIAN_POINT ( 'NONE',  ( -129.9999999999999716, -2.500173553314636088, -0.002433863739441875437 ) ) ;
#3815 = CARTESIAN_POINT ( 'NONE',  ( -650.0000000000000000, -3.614923802827845201, 154.3037401134457411 ) ) ;
#3816 = CARTESIAN_POINT ( 'NONE',  ( -129.9999999999999432, -8.266057785502670896, -24.73830269821769079 ) ) ;
#3817 = CARTESIAN_POINT ( 'NONE',  ( 28.72314263353106156, -22.32080125194739395, -94.14115504532387035 ) ) ;
#3818 = CARTESIAN_POINT ( 'NONE',  ( 17.19575513264038236, 25.40267196784722969, 7.435682282850299529 ) ) ;
#3819 = CARTESIAN_POINT ( 'NONE',  ( -129.9999999999998010, -6.962015074966098283, -276.8622359850389216 ) ) ;
#3820 = CARTESIAN_POINT ( 'NONE',  ( -655.0000000000000000, -5.848941126776869837, 142.9763654373284680 ) ) ;
#3821 = CARTESIAN_POINT ( 'NONE',  ( -130.0000000000002274, 16.33427389379930261, -288.7954568726189564 ) ) ;
#3822 = PLANE ( 'NONE',  #1933 ) ;
#3823 = CARTESIAN_POINT ( 'NONE',  ( 110.4620121378110156, -6.470819294073273831, -14.46846812424623607 ) ) ;
#3824 = CARTESIAN_POINT ( 'NONE',  ( -20.62730882990418380, -36.10091612146953111, -250.2859031777896917 ) ) ;
#3825 = CARTESIAN_POINT ( 'NONE',  ( 650.0000000000007958, -5.381084666389616800, 109.2014273258629800 ) ) ;
#3826 = CARTESIAN_POINT ( 'NONE',  ( 88.06012320915395719, 31.08500366926368486, -145.3538642457651520 ) ) ;
#3827 = CARTESIAN_POINT ( 'NONE',  ( 129.9999999999997442, 22.81824389086731486, -269.4552283238103882 ) ) ;
#3828 = CARTESIAN_POINT ( 'NONE',  ( -130.0000000000001705, 11.89531695358517283, -58.08191589096109908 ) ) ;
#3829 = CARTESIAN_POINT ( 'NONE',  ( -130.0000000000000568, -8.725480861709433711, -87.25724410483984173 ) ) ;
#3830 = ORIENTED_EDGE ( 'NONE', *, *, #3863, .F. ) ;
#3831 = CARTESIAN_POINT ( 'NONE',  ( -130.0000000000000284, -8.964637608214417241, -35.47995047837661531 ) ) ;
#3832 = B_SPLINE_CURVE_WITH_KNOTS ( 'NONE', 3,
 ( #1487, #4139, #3141, #1795 ),
 .UNSPECIFIED., .F., .F.,
 ( 4, 4 ),
 ( 0.5195803691651419420, 0.5196953317554113827 ),
 .UNSPECIFIED. ) ;
#3833 = B_SPLINE_SURFACE_WITH_KNOTS ( 'NONE', 3, 1, ( 
 ( #4170, #4109 ),
 ( #789, #2455 ),
 ( #3785, #3132 ),
 ( #1521, #174 ),
 ( #1168, #197 ),
 ( #2474, #135 ),
 ( #458, #1456 ),
 ( #3520, #2518 ),
 ( #3460, #523 ),
 ( #2497, #2124 ),
 ( #1786, #2146 ),
 ( #4130, #3482 ),
 ( #3847, #847 ),
 ( #1826, #480 ),
 ( #1805, #155 ),
 ( #500, #3152 ),
 ( #1476, #3171 ),
 ( #1851, #4193 ),
 ( #2821, #4149 ),
 ( #2166, #1148 ),
 ( #3193, #3825 ),
 ( #1191, #620 ),
 ( #1616, #638 ),
 ( #959, #271 ),
 ( #2915, #4282 ),
 ( #918, #2938 ),
 ( #1279, #2282 ),
 ( #573, #713 ),
 ( #4242, #2653 ),
 ( #1597, #3977 ),
 ( #1546, #1260 ),
 ( #3918, #1238 ),
 ( #2379, #2303 ),
 ( #1635, #3895 ),
 ( #2631, #2588 ),
 ( #2260, #597 ),
 ( #3594, #3958 ),
 ( #1926, #3272 ),
 ( #3311, #3713 ),
 ( #1902, #308 ),
 ( #3247, #4218 ),
 ( #1031, #2890 ),
 ( #2048, #245 ),
 ( #4303, #1216 ),
 ( #4265, #2977 ),
 ( #220, #2610 ),
 ( #1971, #2566 ),
 ( #1299, #3638 ),
 ( #2955, #895 ),
 ( #2236, #3571 ),
 ( #3939, #1572 ),
 ( #939, #3620 ),
 ( #1949, #289 ),
 ( #3293, #2420 ),
 ( #796, #1135 ),
 ( #3774, #2090 ),
 ( #3794, #2134 ),
 ( #3427, #777 ),
 ( #3734, #3075 ),
 ( #405, #2114 ),
 ( #3407, #1731 ) ),
 .UNSPECIFIED., .F., .F., .F.,
 ( 4, 1, 1, 1, 1, 1, 1, 1, 1, 1, 1, 1, 1, 1, 1, 1, 1, 1, 1, 1, 1, 1, 1, 1, 1, 1, 1, 1, 1, 1, 1, 1, 1, 1, 1, 1, 1, 1, 1, 1, 1, 1, 1, 1, 1, 1, 1, 1, 1, 1, 1, 1, 1, 1, 1, 1, 1, 1, 4 ),
 ( 2, 2 ),
 ( 0.000000000000000000, 0.01562500000000000000, 0.03125000000000000000, 0.04687500000000000000, 0.06250000000000000000, 0.07812500000000000000, 0.09375000000000000000, 0.1093750000000000000, 0.1250000000000000000, 0.1406250000000000000, 0.1562500000000000000, 0.1718750000000000000, 0.1875000000000000000, 0.2031250000000000000, 0.2187500000000000000, 0.2343750000000000000, 0.2500000000000000000, 0.2656250000000000000, 0.2812500000000000000, 0.3125000000000000000, 0.3437500000000000000, 0.3750000000000000000, 0.4062500000000000000, 0.4375000000000000000, 0.4687500000000000000, 0.5000000000000000000, 0.5312500000000000000, 0.5625000000000000000, 0.5937500000000000000, 0.6250000000000000000, 0.6562500000000000000, 0.6875000000000000000, 0.7031250000000000000, 0.7187500000000000000, 0.7343750000000000000, 0.7500000000000000000, 0.7656250000000000000, 0.7812500000000000000, 0.7968750000000000000, 0.8125000000000000000, 0.8281250000000000000, 0.8437500000000000000, 0.8593750000000000000, 0.8750000000000000000, 0.8906250000000000000, 0.9062500000000000000, 0.9218750000000000000, 0.9296875000000000000, 0.9375000000000000000, 0.9453125000000000000, 0.9492187500000000000, 0.9531250000000000000, 0.9570312500000000000, 0.9609375000000000000, 0.9687500000000000000, 0.9765625000000000000, 0.9843750000000000000, 0.9921875000000000000, 1.000000000000000000 ),
 ( 0.000000000000000000, 1.000000000000000000 ),
 .UNSPECIFIED. ) ;
#3834 = VERTEX_POINT ( 'NONE', #132 ) ;
#3835 = CARTESIAN_POINT ( 'NONE',  ( -650.0000000000009095, 14.28798642130621666, 24.24135809520705465 ) ) ;
#3836 = FACE_OUTER_BOUND ( 'NONE', #2221, .T. ) ;
#3837 = EDGE_CURVE ( 'NONE', #1885, #2742, #3106, .T. ) ;
#3838 = CARTESIAN_POINT ( 'NONE',  ( 655.0000000000000000, 97.50000000000000000, 209.9568563693341332 ) ) ;
#3839 = CARTESIAN_POINT ( 'NONE',  ( 5.706719311472198149E-15, -38.27928844497650118, -103.7169729204035775 ) ) ;
#3840 = CARTESIAN_POINT ( 'NONE',  ( 56.47286254189658905, 3.522019163628976379, 35.21225477866887132 ) ) ;
#3841 = CARTESIAN_POINT ( 'NONE',  ( 129.9999999999999716, -7.464511877313093180, -271.3776320387934788 ) ) ;
#3842 = CARTESIAN_POINT ( 'NONE',  ( -655.0000000000000000, -1.591052431238389575, -0.6894684822842815919 ) ) ;
#3843 = CARTESIAN_POINT ( 'NONE',  ( -129.9999999999996021, 15.05478445787666253, -291.1106921589925491 ) ) ;
#3844 = CARTESIAN_POINT ( 'NONE',  ( 130.0000000000000000, 2.500000000000000444, 0.000000000000000000 ) ) ;
#3845 = CARTESIAN_POINT ( 'NONE',  ( -26.87834769243377053, -17.76614075067529441, -41.99130626194924076 ) ) ;
#3846 = CARTESIAN_POINT ( 'NONE',  ( 49.21325520983911872, -26.94013485498156157, -296.0369944311307222 ) ) ;
#3847 = CARTESIAN_POINT ( 'NONE',  ( 130.0000000000001705, -9.179321478400861878, -48.52085093106921931 ) ) ;
#3848 = CARTESIAN_POINT ( 'NONE',  ( 58.79340568888877527, 38.47553636003107158, -144.8587671808550397 ) ) ;
#3849 = CARTESIAN_POINT ( 'NONE',  ( -39.85522798904251118, 38.04846372537384269, -394.2941672398202968 ) ) ;
#3850 = CARTESIAN_POINT ( 'NONE',  ( -130.0000000000000000, 16.06878691639838408, -77.80033687981999435 ) ) ;
#3851 = CARTESIAN_POINT ( 'NONE',  ( 655.0000000000000000, -2.500000000000001776, 159.9568563693341332 ) ) ;
#3852 = CARTESIAN_POINT ( 'NONE',  ( -130.0000000000000284, -8.847209571328010114, -30.97346169348568523 ) ) ;
#3853 = CARTESIAN_POINT ( 'NONE',  ( -4.356632473509794125E-16, -32.42091191134675654, 3.147698577166071932 ) ) ;
#3854 = CARTESIAN_POINT ( 'NONE',  ( -106.2669964587768874, -12.11133586997558709, -126.2579227306389100 ) ) ;
#3855 = ORIENTED_EDGE ( 'NONE', *, *, #4239, .T. ) ;
#3856 = CARTESIAN_POINT ( 'NONE',  ( 34.45135594424429826, 55.45025651354887231, -287.4153457612663374 ) ) ;
#3857 = CARTESIAN_POINT ( 'NONE',  ( -130.0000000000000000, -8.881478707593693400, -107.7601315322467599 ) ) ;
#3858 = CARTESIAN_POINT ( 'NONE',  ( -57.02172408974290363, -5.236993839986467947, 28.19591789084365629 ) ) ;
#3859 = CARTESIAN_POINT ( 'NONE',  ( 17.36862387483456160, -21.02767035150206709, 50.00000000000000000 ) ) ;
#3860 = DIRECTION ( 'NONE',  ( 0.000000000000000000, 0.000000000000000000, -1.000000000000000000 ) ) ;
#3861 = CARTESIAN_POINT ( 'NONE',  ( -650.0000000000002274, -5.487374858719721082, 129.5990185697785080 ) ) ;
#3862 = CARTESIAN_POINT ( 'NONE',  ( -108.2541091488460410, -11.24142933792933619, -73.39818177002560162 ) ) ;
#3863 = EDGE_CURVE ( 'NONE', #3904, #1722, #2865, .T. ) ;
#3864 = CARTESIAN_POINT ( 'NONE',  ( -36.05456749633606250, 9.613215597952608604, -1.911056258447483280 ) ) ;
#3865 = CARTESIAN_POINT ( 'NONE',  ( 82.26546660385544385, -13.04890500526804153, -337.0070320483474688 ) ) ;
#3866 = CARTESIAN_POINT ( 'NONE',  ( -649.9999999999997726, -2.500000000000001776, 159.9568563693341332 ) ) ;
#3867 = CARTESIAN_POINT ( 'NONE',  ( 99.23699753849500382, 15.68045729913973574, -312.0757089179579111 ) ) ;
#3868 = CARTESIAN_POINT ( 'NONE',  ( -649.9999999999998863, -2.972785045662814873, 157.4442099128362713 ) ) ;
#3869 = CARTESIAN_POINT ( 'NONE',  ( 26.59453308611109534, -16.92823517940552591, -33.98666585040413679 ) ) ;
#3870 = CARTESIAN_POINT ( 'NONE',  ( 83.06469116515373230, -18.92969638554738765, -241.0729849574448167 ) ) ;
#3871 = FACE_OUTER_BOUND ( 'NONE', #1463, .T. ) ;
#3872 = CARTESIAN_POINT ( 'NONE',  ( -129.9999999999999432, 26.55634299230998607, -138.6564886254729174 ) ) ;
#3873 = CARTESIAN_POINT ( 'NONE',  ( 67.03319979608879464, 34.51524064369939993, -353.2192058196284279 ) ) ;
#3874 = CARTESIAN_POINT ( 'NONE',  ( -130.0000000000000000, 2.501211595922931519, -0.01514668761077816138 ) ) ;
#3875 = CARTESIAN_POINT ( 'NONE',  ( -129.9999999999998863, 21.74172647307254636, -106.2070057408723329 ) ) ;
#3876 = CARTESIAN_POINT ( 'NONE',  ( -129.9999999999997158, -7.019658709172629685, -276.4299119049625801 ) ) ;
#3877 = CARTESIAN_POINT ( 'NONE',  ( -36.59843696972226468, -7.336605038256466926, 15.41138788430949447 ) ) ;
#3878 = CARTESIAN_POINT ( 'NONE',  ( 106.7085770565700358, -11.96165237870751596, -114.5311152454964372 ) ) ;
#3879 = EDGE_LOOP ( 'NONE', ( #3579, #343, #4115, #1890, #3093, #279, #13, #507, #3855, #1836, #4050 ) ) ;
#3880 = CARTESIAN_POINT ( 'NONE',  ( -64.13092413889685872, 47.41252419217636316, -293.5298699085479939 ) ) ;
#3881 = CARTESIAN_POINT ( 'NONE',  ( -130.0000000000000000, -9.210094289199577844, -53.01421474753853147 ) ) ;
#3882 = CARTESIAN_POINT ( 'NONE',  ( 82.74500134063448797, -19.65736213692594703, -280.0363943600111725 ) ) ;
#3883 = CARTESIAN_POINT ( 'NONE',  ( -130.0000000000000000, 24.47905993371160704, -122.8721826263044221 ) ) ;
#3884 = CARTESIAN_POINT ( 'NONE',  ( -129.9999999999999432, -8.266057785502670896, -24.73830269821769079 ) ) ;
#3885 = CARTESIAN_POINT ( 'NONE',  ( -130.0000000000000000, -8.951691100065799489, -164.7112844824179660 ) ) ;
#3886 = MECHANICAL_DESIGN_GEOMETRIC_PRESENTATION_REPRESENTATION (  '', ( #2703 ), #3677 ) ;
#3887 = CARTESIAN_POINT ( 'NONE',  ( -130.0000000000002842, -8.688597549814327081, -65.28164005583776941 ) ) ;
#3888 = CARTESIAN_POINT ( 'NONE',  ( -2.594348211592059819E-16, 31.88150973013489775, 7.242617330269835563 ) ) ;
#3889 = CARTESIAN_POINT ( 'NONE',  ( 53.41819462321138445, -22.23616748146480759, -398.6076005699825373 ) ) ;
#3890 = CARTESIAN_POINT ( 'NONE',  ( -655.0000000000000000, -4.647574224469146031, 23.64293699311642882 ) ) ;
#3891 = CARTESIAN_POINT ( 'NONE',  ( -82.15537881556159050, 12.81256257353289918, -349.6583148749464272 ) ) ;
#3892 = CARTESIAN_POINT ( 'NONE',  ( 130.0000000000000000, 0.000000000000000000, -300.0000000000000000 ) ) ;
#3893 = CARTESIAN_POINT ( 'NONE',  ( -129.9999999999998579, -7.022249691474615751, -18.21793724167750028 ) ) ;
#3894 = CARTESIAN_POINT ( 'NONE',  ( 2.966016225054739762E-14, -37.40914667972104013, -334.8354742973498333 ) ) ;
#3895 = CARTESIAN_POINT ( 'NONE',  ( 650.0000000000001137, -4.864542218301404652, 45.45790700926104222 ) ) ;
#3896 = CARTESIAN_POINT ( 'NONE',  ( -41.12537165303163533, 41.35307381164009399, -134.6288590163360652 ) ) ;
#3897 = CARTESIAN_POINT ( 'NONE',  ( -100.6007437108395521, 23.95977621934304480, -292.5501439385398044 ) ) ;
#3898 = CARTESIAN_POINT ( 'NONE',  ( -129.9999999999999716, 19.87044522483711617, -96.43801482452660423 ) ) ;
#3899 = CARTESIAN_POINT ( 'NONE',  ( -649.9999999999998863, 10.45232203570203566, 109.4196346987202304 ) ) ;
#3900 = EDGE_CURVE ( 'NONE', #2245, #3160, #454, .T. ) ;
#3901 = CARTESIAN_POINT ( 'NONE',  ( -129.9999999999998863, -8.900834993799692896, -145.5633340651522474 ) ) ;
#3902 = CARTESIAN_POINT ( 'NONE',  ( -111.7867539311905176, -3.319228465505918990, 19.97210797748742195 ) ) ;
#3903 = CARTESIAN_POINT ( 'NONE',  ( -20.08419467072591758, -35.63273531930333604, -200.1520968107150225 ) ) ;
#3904 = VERTEX_POINT ( 'NONE', #2494 ) ;
#3905 = CARTESIAN_POINT ( 'NONE',  ( -62.76199362571410489, 48.39710465023602382, -266.4864246165234363 ) ) ;
#3906 = CARTESIAN_POINT ( 'NONE',  ( -130.0000000000000000, -9.046305272205264814, -89.24261290869849006 ) ) ;
#3907 = CARTESIAN_POINT ( 'NONE',  ( -21.80405617479043556, -34.68933943828299249, -358.9116028623163857 ) ) ;
#3908 = CARTESIAN_POINT ( 'NONE',  ( 85.46236484904883923, -2.531508166415109340, 50.00000000000000000 ) ) ;
#3909 = CARTESIAN_POINT ( 'NONE',  ( -649.9999999999998863, -4.856782457194425362, 42.54297756800176700 ) ) ;
#3910 = CARTESIAN_POINT ( 'NONE',  ( -129.9999999999999716, -8.952484031102242668, -165.1748392780473580 ) ) ;
#3911 = CARTESIAN_POINT ( 'NONE',  ( -129.9999999999997158, 2.213924161698806348, 3.963353059148107427 ) ) ;
#3912 = CARTESIAN_POINT ( 'NONE',  ( 4.557719688580579509E-14, -12.45513050839712754, -475.9380581946733741 ) ) ;
#3913 = CARTESIAN_POINT ( 'NONE',  ( 655.0000000000000000, -2.500000000000002220, 159.9568563693341616 ) ) ;
#3914 = CARTESIAN_POINT ( 'NONE',  ( 3.343196691165361354E-14, 19.15212593106781114, -464.5078776272267760 ) ) ;
#3915 = CARTESIAN_POINT ( 'NONE',  ( 130.0000000000000000, 16.38525060735728545, -292.0777659939740261 ) ) ;
#3916 = CARTESIAN_POINT ( 'NONE',  ( 110.0204315400179951, -9.271204354578658879, -26.01120792864548292 ) ) ;
#3917 = CARTESIAN_POINT ( 'NONE',  ( -82.95812789031390366, -19.12049167838010533, -254.0560155160418390 ) ) ;
#3918 = CARTESIAN_POINT ( 'NONE',  ( 129.9999999999998295, -8.975630065670314295, -194.3232234310351600 ) ) ;
#3919 = CARTESIAN_POINT ( 'NONE',  ( -28.90783256981319127, 39.28756718046538765, -107.9125364802400640 ) ) ;
#3920 = CARTESIAN_POINT ( 'NONE',  ( -67.30722418079908209, 31.91029464864542220, -359.6633455041196044 ) ) ;
#3921 = CARTESIAN_POINT ( 'NONE',  ( 655.0000000000000000, -1.591052431238389575, -0.6894684822842815919 ) ) ;
#3922 = CARTESIAN_POINT ( 'NONE',  ( -650.0000000000000000, -4.746261016799719457, 83.67001116695557528 ) ) ;
#3923 = CARTESIAN_POINT ( 'NONE',  ( -25.17546005449772295, -12.70243912426258959, 6.001998626067565290 ) ) ;
#3924 = CARTESIAN_POINT ( 'NONE',  ( 31.56128869675777082, -26.76267834497151554, -174.4165566866579979 ) ) ;
#3925 = EDGE_CURVE ( 'NONE', #2681, #2245, #1923, .T. ) ;
#3926 = EDGE_LOOP ( 'NONE', ( #3207, #1287, #1133, #3117 ) ) ;
#3927 = CARTESIAN_POINT ( 'NONE',  ( 35.02565866364957969, 55.23207753358224181, -298.5859562966080034 ) ) ;
#3928 = CARTESIAN_POINT ( 'NONE',  ( -130.0000000000000000, -9.034164627042667206, -90.49354865172492168 ) ) ;
#3929 = CARTESIAN_POINT ( 'NONE',  ( -21.89457520132015489, -34.71992384997034975, -367.2942612904271300 ) ) ;
#3930 = CARTESIAN_POINT ( 'NONE',  ( 112.8171086593742416, -2.534224771116015518, 47.87936310083868108 ) ) ;
#3931 = CARTESIAN_POINT ( 'NONE',  ( -650.0000000000000000, -4.856744927599169870, 42.53118282674786599 ) ) ;
#3932 = CARTESIAN_POINT ( 'NONE',  ( 650.0000000000000000, -1.753317928467107566E-16, -2.043143630665322785 ) ) ;
#3933 = CARTESIAN_POINT ( 'NONE',  ( -40.78526340224443203, -17.56952585997466088, -432.5534860822839960 ) ) ;
#3934 = CARTESIAN_POINT ( 'NONE',  ( 129.9999999999997726, 18.01225271040564380, -285.2541657737076548 ) ) ;
#3935 = CARTESIAN_POINT ( 'NONE',  ( 99.37689150069037680, 17.15624776465482526, -309.5185520782430899 ) ) ;
#3936 = CARTESIAN_POINT ( 'NONE',  ( 130.0000000000000000, 6.358930416878657788, -41.49074450382296675 ) ) ;
#3937 = CARTESIAN_POINT ( 'NONE',  ( 58.81764696998698128, -13.37859270068666717, -39.91392950642547532 ) ) ;
#3938 = CARTESIAN_POINT ( 'NONE',  ( 49.52473220342223215, -27.08369972706776707, -303.7486328474690254 ) ) ;
#3939 = CARTESIAN_POINT ( 'NONE',  ( 130.0000000000000568, -5.909857820990770172, -284.0370263280467498 ) ) ;
#3940 = CARTESIAN_POINT ( 'NONE',  ( -57.84326203815169976, 22.11797863457497115, -61.76224757433003276 ) ) ;
#3941 = CARTESIAN_POINT ( 'NONE',  ( 50.09425919704629848, 49.22162662221872154, -329.9754254884684883 ) ) ;
#3942 = CARTESIAN_POINT ( 'NONE',  ( -130.0000000000000284, 18.05724058761001416, -87.38646580255944230 ) ) ;
#3943 = CARTESIAN_POINT ( 'NONE',  ( 41.77039472249253294, 2.839401144428663315, -453.9054452005693747 ) ) ;
#3944 = CARTESIAN_POINT ( 'NONE',  ( -650.0000000000006821, -4.714429045158213150, 30.17288296115925661 ) ) ;
#3945 = CARTESIAN_POINT ( 'NONE',  ( 111.4555684828457629, -3.650130957242464724, 11.36572790853228554 ) ) ;
#3946 = CARTESIAN_POINT ( 'NONE',  ( -129.9999999999998863, -8.751703067729028618, -98.20774864606181609 ) ) ;
#3947 = ORIENTED_EDGE ( 'NONE', *, *, #122, .T. ) ;
#3948 = CARTESIAN_POINT ( 'NONE',  ( 19.30318059331353098, 56.77365200982296045, -319.9828767301403900 ) ) ;
#3949 = CARTESIAN_POINT ( 'NONE',  ( -129.9999999999999716, -8.995881002219434208, -94.44464251054138515 ) ) ;
#3950 = CARTESIAN_POINT ( 'NONE',  ( 82.85156461547431661, -19.42492914608132892, -267.0555777454832764 ) ) ;
#3951 = B_SPLINE_CURVE_WITH_KNOTS ( 'NONE', 3,
 ( #3386, #383, #1710, #4053 ),
 .UNSPECIFIED., .F., .F.,
 ( 4, 4 ),
 ( 0.2140048109597967596, 0.2140708333990001822 ),
 .UNSPECIFIED. ) ;
#3952 = CARTESIAN_POINT ( 'NONE',  ( 130.0000000000000000, -8.717587941306042865, -19.86094403131695429 ) ) ;
#3953 = CARTESIAN_POINT ( 'NONE',  ( 130.0000000000000000, 7.963224597458997245, -3.296749183304677888E-14 ) ) ;
#3954 = CARTESIAN_POINT ( 'NONE',  ( -68.17535039862669066, -9.885544810134115679, -394.2299289624889980 ) ) ;
#3955 = CARTESIAN_POINT ( 'NONE',  ( 129.9999999999998010, 9.162906260965192118, -298.5665210592812855 ) ) ;
#3956 = CARTESIAN_POINT ( 'NONE',  ( 0.000000000000000000, 0.000000000000000000, 0.000000000000000000 ) ) ;
#3957 = CARTESIAN_POINT ( 'NONE',  ( 59.00669148369681238, -14.27438782722033572, -47.11582393645124256 ) ) ;
#3958 = CARTESIAN_POINT ( 'NONE',  ( 649.9999999999996589, -4.827271496911833992, 37.81328553501260359 ) ) ;
#3959 = CARTESIAN_POINT ( 'NONE',  ( 38.74460284298343993, 25.03262908664707354, -61.44453222987566932 ) ) ;
#3960 = CARTESIAN_POINT ( 'NONE',  ( -38.40816601888732862, 47.11171808243942394, -364.4237467540745001 ) ) ;
#3961 = CARTESIAN_POINT ( 'NONE',  ( -130.0000000000000000, 4.835200842296377033, -19.23307025396234593 ) ) ;
#3962 = CARTESIAN_POINT ( 'NONE',  ( 55.13131808791865751, 0.000000000000000000, -436.1643530901230292 ) ) ;
#3963 = CARTESIAN_POINT ( 'NONE',  ( -650.0000000000001137, -3.003025282548223096, 5.428204522033246882 ) ) ;
#3964 = CARTESIAN_POINT ( 'NONE',  ( 1.614144470017827092E-15, -32.75125867540151603, -1.120009743412074599 ) ) ;
#3965 = CARTESIAN_POINT ( 'NONE',  ( 32.41273251572574310, -27.47261704057287091, -198.5056617722034957 ) ) ;
#3966 = ORIENTED_EDGE ( 'NONE', *, *, #2480, .F. ) ;
#3967 = CARTESIAN_POINT ( 'NONE',  ( -60.91888178594564351, 46.93586673134323206, -228.3167042808009057 ) ) ;
#3968 = CARTESIAN_POINT ( 'NONE',  ( 43.26487165194681239, 4.019057899299785852, 33.72886656783144588 ) ) ;
#3969 = CARTESIAN_POINT ( 'NONE',  ( -130.0000000000002274, -8.811633460349170832, -235.6140603858645193 ) ) ;
#3970 = CARTESIAN_POINT ( 'NONE',  ( 130.0000000000000000, -3.365536276616506228, -8.220839027813346078 ) ) ;
#3971 = CARTESIAN_POINT ( 'NONE',  ( 29.22579239555560449, -5.960521686951211429, 45.82845086387101929 ) ) ;
#3972 = ADVANCED_FACE ( 'NONE', ( #1847 ), #3289, .F. ) ;
#3973 = CARTESIAN_POINT ( 'NONE',  ( -129.9999999999999432, -4.943572655350500611, -290.5132521325557491 ) ) ;
#3974 = CARTESIAN_POINT ( 'NONE',  ( 649.9999999999992042, 11.95939115341128733, 12.99954277660988211 ) ) ;
#3975 = CARTESIAN_POINT ( 'NONE',  ( 98.76012629629452988, 0.000000000000000000, -323.8250788347020261 ) ) ;
#3976 = CARTESIAN_POINT ( 'NONE',  ( 109.7996412411213640, -10.05201979910326671, -31.88974890190732125 ) ) ;
#3977 = CARTESIAN_POINT ( 'NONE',  ( 649.9999999999992042, -4.771309895478064611, 63.28938723049040505 ) ) ;
#3978 = CARTESIAN_POINT ( 'NONE',  ( 16.22618696989917808, 35.53002955631008319, -61.14900161645079635 ) ) ;
#3979 = CARTESIAN_POINT ( 'NONE',  ( -36.75761095917910382, 52.78555295849854190, -332.0906206656690642 ) ) ;
#3980 = CARTESIAN_POINT ( 'NONE',  ( -130.0000000000000000, 9.545712298777152327, -46.25471444434981549 ) ) ;
#3981 = CARTESIAN_POINT ( 'NONE',  ( -98.76972201028935672, 2.762796979819536869, -323.8373626216256298 ) ) ;
#3982 = CARTESIAN_POINT ( 'NONE',  ( -130.0000000000000000, 21.81312407525404140, -274.4499188722694498 ) ) ;
#3983 = CARTESIAN_POINT ( 'NONE',  ( 37.37712945368001982, -9.614202048094954378, -3.718961966296080668 ) ) ;
#3984 = CARTESIAN_POINT ( 'NONE',  ( -33.35878120346797715, -28.43135421221721160, -225.2796703663903486 ) ) ;
#3985 = VERTEX_POINT ( 'NONE', #1874 ) ;
#3986 = CARTESIAN_POINT ( 'NONE',  ( 129.9999999999998863, 29.40130088607974201, -216.7692339858681123 ) ) ;
#3987 = DIRECTION ( 'NONE',  ( -0.000000000000000000, -1.000000000000000000, -6.123233995736759873E-17 ) ) ;
#3988 = CARTESIAN_POINT ( 'NONE',  ( 38.94046846114721205, -30.07661179003713769, -383.1002170636771780 ) ) ;
#3989 = CARTESIAN_POINT ( 'NONE',  ( 130.0000000000000568, -2.362865027116760608, 43.97887946242015289 ) ) ;
#3990 = LINE ( 'NONE', #989, #1420 ) ;
#3991 = CARTESIAN_POINT ( 'NONE',  ( 130.0000000000000000, -7.011796500504996033, -278.1647499718657173 ) ) ;
#3992 = CARTESIAN_POINT ( 'NONE',  ( 57.73076018378569074, -5.719882101916213379, 23.72931359923434513 ) ) ;
#3993 = CARTESIAN_POINT ( 'NONE',  ( -99.20170689408755038, -6.221906877647144896, -313.7445623411130669 ) ) ;
#3994 = CARTESIAN_POINT ( 'NONE',  ( -130.0000000000000000, -8.820765118846114916, -123.1584874602542499 ) ) ;
#3995 = EDGE_CURVE ( 'NONE', #4315, #3398, #2666, .T. ) ;
#3996 = CARTESIAN_POINT ( 'NONE',  ( -39.09025291838732841, -14.53319150849578811, -45.86615947069637400 ) ) ;
#3997 = CARTESIAN_POINT ( 'NONE',  ( -39.79494202388708857, 31.26133676777472559, -84.38326598372042042 ) ) ;
#3998 = CARTESIAN_POINT ( 'NONE',  ( -20.37712432293793441, 53.03695221368052160, -355.9328536331522628 ) ) ;
#3999 = CARTESIAN_POINT ( 'NONE',  ( -130.0000000000000000, 6.409986437283383687, -29.16983531568517307 ) ) ;
#4000 = CARTESIAN_POINT ( 'NONE',  ( 68.55224801567830184, 1.404864716585651596, -405.3747568029448871 ) ) ;
#4001 = CARTESIAN_POINT ( 'NONE',  ( -650.0000000000005684, -2.692576727389490721, 3.296069132096445031 ) ) ;
#4002 = CARTESIAN_POINT ( 'NONE',  ( -37.22139095688858390, -9.175384349456601640, 0.1068931800872314208 ) ) ;
#4003 = CARTESIAN_POINT ( 'NONE',  ( 32.69654712204843605, -27.74254406595960631, -206.5373973262411766 ) ) ;
#4004 = LINE ( 'NONE', #376, #1571 ) ;
#4005 = CARTESIAN_POINT ( 'NONE',  ( -17.12514734516281578, 56.45451312887428230, -245.1994195992501488 ) ) ;
#4006 = CARTESIAN_POINT ( 'NONE',  ( 98.23376932866077027, 4.286750776384740114, 5.946945453788077707 ) ) ;
#4007 = CARTESIAN_POINT ( 'NONE',  ( 38.37283924850182615, -30.64703801359158319, -367.2103580780711241 ) ) ;
#4008 = EDGE_LOOP ( 'NONE', ( #4311, #321, #3730, #3383 ) ) ;
#4009 = B_SPLINE_CURVE_WITH_KNOTS ( 'NONE', 3,
 ( #3491, #2993, #3350, #1987 ),
 .UNSPECIFIED., .F., .F.,
 ( 4, 4 ),
 ( 0.5196953317554113827, 0.5826367894810455805 ),
 .UNSPECIFIED. ) ;
#4010 = CARTESIAN_POINT ( 'NONE',  ( 23.89829432604570769, -8.110464453835268372, 41.98439745538072998 ) ) ;
#4011 = CARTESIAN_POINT ( 'NONE',  ( -130.0000000000000284, -8.977897559205580080, -199.1333324903763469 ) ) ;
#4012 = DIRECTION ( 'NONE',  ( -1.000000000000000000, 0.000000000000000000, 0.000000000000000000 ) ) ;
#4013 = CARTESIAN_POINT ( 'NONE',  ( 82.10562169159580037, -4.896030823632483653, -354.8991616097750352 ) ) ;
#4014 = CARTESIAN_POINT ( 'NONE',  ( 650.0000000000001137, 5.928726354756717498, -0.3183855007678863536 ) ) ;
#4015 = CARTESIAN_POINT ( 'NONE',  ( -130.0000000000000000, 0.000000000000000000, -300.0000000000000000 ) ) ;
#4016 = AXIS2_PLACEMENT_3D ( 'NONE', #3418, #3361, #1681 ) ;
#4017 = CARTESIAN_POINT ( 'NONE',  ( 109.3212622601792248, -10.56639915023151310, -44.77904877549680407 ) ) ;
#4018 = COLOUR_RGB ( '',0.7921568627450980005, 0.8196078431372548767, 0.9333333333333333481 ) ;
#4019 = CARTESIAN_POINT ( 'NONE',  ( -38.18442194650177868, 21.82223171763053671, -50.10680979399269575 ) ) ;
#4020 = CARTESIAN_POINT ( 'NONE',  ( -130.0000000000000284, 27.81548047147457225, -240.6849628390662303 ) ) ;
#4021 = CARTESIAN_POINT ( 'NONE',  ( -130.0000000000000000, 9.841462777333502387, -47.75335488108905935 ) ) ;
#4022 = CARTESIAN_POINT ( 'NONE',  ( -23.16089951683294146, 1.426697659731259726, -475.6935894537894001 ) ) ;
#4023 = CARTESIAN_POINT ( 'NONE',  ( -130.0000000000001705, -5.452930053852640846, -286.8545147165285130 ) ) ;
#4024 = CARTESIAN_POINT ( 'NONE',  ( 85.11603420581968749, -6.019608506699365869, 7.752046103421671219 ) ) ;
#4025 = CARTESIAN_POINT ( 'NONE',  ( 20.35575175031508621, -35.83283072592526253, -225.2197100895720325 ) ) ;
#4026 = DIRECTION ( 'NONE',  ( 0.000000000000000000, 0.5399176832049001895, 0.8417178240732775540 ) ) ;
#4027 = CARTESIAN_POINT ( 'NONE',  ( -18.22923686368900320, 57.61583447980918748, -283.8452845316093658 ) ) ;
#4028 = ADVANCED_FACE ( 'NONE', ( #1234 ), #3190, .F. ) ;
#4029 = CARTESIAN_POINT ( 'NONE',  ( 110.2809102358259423, 3.664724610682044137, 2.703072368880559129 ) ) ;
#4030 = CARTESIAN_POINT ( 'NONE',  ( 3.075767665045695862E-14, -34.06124471033557910, -420.2152955419897467 ) ) ;
#4031 = CARTESIAN_POINT ( 'NONE',  ( 17.36862387483456160, 21.02767035150206709, 50.00000000000000000 ) ) ;
#4032 = CARTESIAN_POINT ( 'NONE',  ( -649.9999999999992042, -5.564840829634796648, 121.9583442559295179 ) ) ;
#4033 = CARTESIAN_POINT ( 'NONE',  ( 3.406430103675214366E-14, -6.663247132852211152, -483.3475049010414750 ) ) ;
#4034 = CARTESIAN_POINT ( 'NONE',  ( -130.0000000000000568, -8.861951966503193390, -137.5834055741717066 ) ) ;
#4035 = CARTESIAN_POINT ( 'NONE',  ( 655.0000000000000000, 97.50000000000000000, 209.9568563693341332 ) ) ;
#4036 = CARTESIAN_POINT ( 'NONE',  ( 27.72979151140175702, -20.05141955264236486, -66.04108473522126133 ) ) ;
#4037 = CARTESIAN_POINT ( 'NONE',  ( -85.96212890856141087, 6.647463687006902155, -7.508996696801294668 ) ) ;
#4038 = CARTESIAN_POINT ( 'NONE',  ( 3.059837438144014709E-14, -29.51652485596171616, -440.7662811569928749 ) ) ;
#4039 = CARTESIAN_POINT ( 'NONE',  ( -130.0000000000000000, 11.96815749853853106, -58.24819264814163944 ) ) ;
#4040 = CARTESIAN_POINT ( 'NONE',  ( -41.74389822645692050, 5.649143476110670470, -450.7088159330208441 ) ) ;
#4041 = CARTESIAN_POINT ( 'NONE',  ( -130.0000000000000000, -8.145963875583740688, -23.88328711077621591 ) ) ;
#4042 = CARTESIAN_POINT ( 'NONE',  ( 38.31156043442939563, -12.18329902634088668, -26.70061406403312887 ) ) ;
#4043 = CARTESIAN_POINT ( 'NONE',  ( 105.3102384968919552, -12.47559466740441358, -151.6900144888317641 ) ) ;
#4044 = CARTESIAN_POINT ( 'NONE',  ( 130.0000000000000000, 21.81312407525402364, -274.4499188722696772 ) ) ;
#4045 = CARTESIAN_POINT ( 'NONE',  ( 86.75178761973978681, 38.09424380001735955, -216.6107514165740611 ) ) ;
#4046 = CARTESIAN_POINT ( 'NONE',  ( 41.11688514427163454, 23.56921655863131804, -424.9502341287884519 ) ) ;
#4047 = CARTESIAN_POINT ( 'NONE',  ( -650.0000000000000000, -4.872526811815995451, 52.58956548399103781 ) ) ;
#4048 = EDGE_CURVE ( 'NONE', #4181, #1885, #3636, .T. ) ;
#4049 = CARTESIAN_POINT ( 'NONE',  ( -101.1888195841562350, -13.05334773424595163, -261.6916295647210973 ) ) ;
#4050 = ORIENTED_EDGE ( 'NONE', *, *, #3122, .T. ) ;
#4051 = CARTESIAN_POINT ( 'NONE',  ( -85.46236484904878239, 2.714258459809144597, 45.33984151270609431 ) ) ;
#4052 = CARTESIAN_POINT ( 'NONE',  ( 130.0000000000000000, -9.773937703036924773, -60.02261283523917967 ) ) ;
#4053 = CARTESIAN_POINT ( 'NONE',  ( -129.9999999999999432, -8.268814937514772367, -24.76157651710975927 ) ) ;
#4054 = CARTESIAN_POINT ( 'NONE',  ( -68.45891716919153680, -3.001936789999362976, -403.5934312115106763 ) ) ;
#4055 = CARTESIAN_POINT ( 'NONE',  ( 129.9999999999996874, 15.98394671045667081, -77.31033852753809299 ) ) ;
#4056 = CARTESIAN_POINT ( 'NONE',  ( 109.6892460916733967, -10.26076222707690988, -34.85452252435215570 ) ) ;
#4057 = CARTESIAN_POINT ( 'NONE',  ( 57.62399811875115319, 19.13047726249966729, -50.16322625443930860 ) ) ;
#4058 = CARTESIAN_POINT ( 'NONE',  ( 129.9999999999998010, -8.094865814425020289, -260.3610916193331946 ) ) ;
#4059 = CARTESIAN_POINT ( 'NONE',  ( -130.0000000000000000, 28.31609244763765787, -158.4114565081821127 ) ) ;
#4060 = CARTESIAN_POINT ( 'NONE',  ( -68.51047418963963764, 6.986428519488032229, -400.2454522295086008 ) ) ;
#4061 = CARTESIAN_POINT ( 'NONE',  ( -130.0000000000000284, -8.977897559205580080, -199.1333324903763469 ) ) ;
#4062 = CARTESIAN_POINT ( 'NONE',  ( 57.96694665829229365, -9.207358749546965981, -7.641404655268695834 ) ) ;
#4063 = CARTESIAN_POINT ( 'NONE',  ( 34.39943475998444455, -29.31380185117032156, -254.7183558595812940 ) ) ;
#4064 = CARTESIAN_POINT ( 'NONE',  ( -650.0000000000000000, 97.50000000000000000, 149.9568563693341332 ) ) ;
#4065 = CARTESIAN_POINT ( 'NONE',  ( 16.13787275863083437, 53.62510182830040151, -205.9151238175754202 ) ) ;
#4066 = CARTESIAN_POINT ( 'NONE',  ( 54.21775475981682746, 25.28495042688372507, -402.1099864140517752 ) ) ;
#4067 = CARTESIAN_POINT ( 'NONE',  ( -48.26719703540326378, 4.239927678284827195, 30.02885141744155106 ) ) ;
#4068 = CARTESIAN_POINT ( 'NONE',  ( -130.0000000000003695, 16.61802132940457710, -288.2302970149575572 ) ) ;
#4069 = CARTESIAN_POINT ( 'NONE',  ( -60.99165887765069272, -19.89283203832071933, -123.0383646369394910 ) ) ;
#4070 = ORIENTED_EDGE ( 'NONE', *, *, #3900, .T. ) ;
#4071 = CARTESIAN_POINT ( 'NONE',  ( -35.19679049859818321, 2.960458454887692437, 44.60899079200733297 ) ) ;
#4072 = CARTESIAN_POINT ( 'NONE',  ( -650.0000000000000000, -2.662967972850617038, 159.1197200705490218 ) ) ;
#4073 = CARTESIAN_POINT ( 'NONE',  ( -37.59070084971261139, -4.832937005472492054, 38.30530767328990294 ) ) ;
#4074 = CARTESIAN_POINT ( 'NONE',  ( -54.81984109433550145, -5.897926214704315662, -429.7900017176856409 ) ) ;
#4075 = CARTESIAN_POINT ( 'NONE',  ( -129.9999999999999716, -8.876355904943970643, -140.6613851796100789 ) ) ;
#4076 = CARTESIAN_POINT ( 'NONE',  ( -84.55657701291066530, -13.74620678472834534, -59.75141864556174909 ) ) ;
#4077 = CARTESIAN_POINT ( 'NONE',  ( -6.505080561684385553E-15, 36.74270656956161929, -39.01698790151061047 ) ) ;
#4078 = CARTESIAN_POINT ( 'NONE',  ( -67.23012783007735038, -22.60891209572473670, -360.7601540463912215 ) ) ;
#4079 = CARTESIAN_POINT ( 'NONE',  ( -130.0000000000000000, 26.21629395559284958, -135.9826419233336026 ) ) ;
#4080 = CARTESIAN_POINT ( 'NONE',  ( 55.03397641364891513, 8.824056638021641419, -426.7174015830891562 ) ) ;
#4081 = CARTESIAN_POINT ( 'NONE',  ( -650.0000000000003411, 12.58747659448761880, 15.56301788334872072 ) ) ;
#4082 = CARTESIAN_POINT ( 'NONE',  ( -130.0000000000003126, -2.706334651207074060, -2.234107168969317936 ) ) ;
#4083 = CARTESIAN_POINT ( 'NONE',  ( 46.40996226759090604, -25.77447440710337290, -226.7830094593313390 ) ) ;
#4084 = B_SPLINE_CURVE_WITH_KNOTS ( 'NONE', 3,
 ( #178, #2285, #1171, #899, #552, #2893, #1241, #1929, #3898, #3574, #577, #1501, #3623, #3942, #2941, #942, #1880, #1194, #200, #2845, #2569, #4173, #1575, #4268, #2521, #3850, #2263, #850, #2613, #1549, #2191, #1905, #4196, #3523, #3250, #2591, #2918, #4245, #921, #526, #1855, #3597, #3275, #3196, #1324, #1302, #2325, #2713, #2656, #1619, #1974, #3039, #3641, #2015, #2035, #682, #4, #3356, #701, #4039, #2980, #3700, #2366, #979, #641, #659, #1638, #43, #3296, #1952, #2386, #2306, #3374, #1993, #998, #4021, #3980, #371, #3335, #292, #332, #352, #1676, #3720, #3000, #3314, #3019, #3657, #1659, #2676, #2345, #4285, #2693, #1018, #3999, #1282, #23, #1344, #3680, #2634, #4306, #1696, #1364, #1038, #2958, #3961, #962, #311, #2076, #1102 ),
 .UNSPECIFIED., .F., .F.,
 ( 4, 1, 1, 2, 2, 1, 1, 1, 1, 1, 1, 1, 1, 2, 2, 1, 1, 1, 1, 1, 1, 2, 2, 1, 1, 1, 1, 1, 1, 1, 1, 1, 2, 2, 1, 1, 1, 1, 1, 2, 2, 1, 1, 1, 1, 1, 1, 1, 1, 1, 1, 2, 2, 1, 1, 1, 1, 2, 2, 1, 1, 1, 1, 1, 1, 1, 2, 2, 1, 1, 1, 1, 1, 1, 1, 2, 2, 1, 1, 1, 1, 1, 2, 2, 1, 1, 1, 4 ),
 ( 0.6758058113034168812, 0.6859352839760403109, 0.6872014680601182812, 0.6873597410706279165, 0.6875180140811376628, 0.6878345601021569333, 0.6884676521441953634, 0.6910000203123488616, 0.6960647566486555249, 0.7163237019938828443, 0.7175898860779595934, 0.7182229781199980234, 0.7185395241410171829, 0.7186977971515267072, 0.7187769336567815248, 0.7188560701620363425, 0.7213884383301880643, 0.7264531746664913969, 0.7365826473390979512, 0.7467121200117045055, 0.7492444881798561163, 0.7498775802218939912, 0.7500358532324032934, 0.7501941262429127066, 0.7505106722639316441, 0.7517768563480076160, 0.7568415926843108377, 0.7619063290206141703, 0.7644386971887657811, 0.7650717892308037671, 0.7653883352518227046, 0.7655466082623323398, 0.7655861765149596376, 0.7656257447675870464, 0.7657048812728417531, 0.7669710653569182801, 0.7771005380295312737, 0.7796329061976845498, 0.7808990902817609658, 0.7812156363027803474, 0.7813739093132897606, 0.7815321823237991739, 0.7821652743658368268, 0.7872300107021369397, 0.7973594833747371657, 0.8074889560473375028, 0.8100213242154875593, 0.8112875082995626430, 0.8119206003416001849, 0.8122371463626190113, 0.8123954193731283135, 0.8124745558783830202, 0.8125536923836376157, 0.8176184287199368406, 0.8378773740651339619, 0.8429421104014331867, 0.8435752024434706176, 0.8437334754539799198, 0.8438917484644892220, 0.8442082944855078264, 0.8454744785695824660, 0.8480068467377313013, 0.8581363194103273084, 0.8682657920829233156, 0.8733305284192212081, 0.8745967125032957368, 0.8749132585243143412, 0.8752298045453330566, 0.8758628965873702654, 0.8783952647555195448, 0.8986542101007131134, 0.9037189464370115610, 0.9049851305210860897, 0.9056182225631235205, 0.9059347685841421249, 0.9060930415946514271, 0.9062513146051608404, 0.9087836827733102307, 0.9189131554459076812, 0.9290426281185051316, 0.9341073644548039123, 0.9366397326229531917, 0.9372728246649906225, 0.9375893706860092269, 0.9379059167070278313, 0.9391721007911025820, 0.9594310461362973719, 0.9999489368266869516 ),
 .UNSPECIFIED. ) ;
#4085 = AXIS2_PLACEMENT_3D ( 'NONE', #3326, #2478, #749 ) ;
#4086 = CARTESIAN_POINT ( 'NONE',  ( -129.9999999999998863, -8.692696006862201230, -34.77199236976445462 ) ) ;
#4087 = CARTESIAN_POINT ( 'NONE',  ( 130.0000000000000000, 29.10940593420113842, -171.9783760784625031 ) ) ;
#4088 = CARTESIAN_POINT ( 'NONE',  ( 67.65422245056804229, 27.92667010791314297, -368.4183471803636394 ) ) ;
#4089 = CARTESIAN_POINT ( 'NONE',  ( -24.99999999999998579, 7.868799009346817641, 50.00000000000000000 ) ) ;
#4090 = CARTESIAN_POINT ( 'NONE',  ( -649.9999999999995453, 15.52870060534777963, 70.96613810038741121 ) ) ;
#4091 = AXIS2_PLACEMENT_3D ( 'NONE', #3237, #1839, #2904 ) ;
#4092 = CARTESIAN_POINT ( 'NONE',  ( 129.9999999999996589, -8.695353322149081521, -70.78809099570457875 ) ) ;
#4093 = EDGE_LOOP ( 'NONE', ( #813, #650 ) ) ;
#4094 = CARTESIAN_POINT ( 'NONE',  ( -130.0000000000000000, -8.511484676285059336, -26.76880781106846285 ) ) ;
#4095 = CARTESIAN_POINT ( 'NONE',  ( -130.0000000000001705, -9.179321478400861878, -48.52085093106921931 ) ) ;
#4096 = CARTESIAN_POINT ( 'NONE',  ( -111.5659636322938866, -3.533623304822933076, 14.22805937346590355 ) ) ;
#4097 = LINE ( 'NONE', #2790, #530 ) ;
#4098 = CARTESIAN_POINT ( 'NONE',  ( 41.35289261488983925, -8.806482389433638147, -446.7808772471704515 ) ) ;
#4099 = CARTESIAN_POINT ( 'NONE',  ( 649.9999999999996589, 16.01808788474544798, 49.76423844060295210 ) ) ;
#4100 = CARTESIAN_POINT ( 'NONE',  ( -18.83201480373160308, -32.20977950599451844, -84.63988357704155874 ) ) ;
#4101 = EDGE_CURVE ( 'NONE', #32, #4226, #1840, .T. ) ;
#4102 = CARTESIAN_POINT ( 'NONE',  ( -129.9999999999995737, 3.639857225084988546, -13.21975312245819545 ) ) ;
#4103 = CARTESIAN_POINT ( 'NONE',  ( 22.57346790029302142, -28.31038993946541638, -428.7350723047138672 ) ) ;
#4104 = CARTESIAN_POINT ( 'NONE',  ( 655.0000000000000000, -2.500000000000002220, 159.9568563693341616 ) ) ;
#4105 = CARTESIAN_POINT ( 'NONE',  ( 3.799591278035779226E-14, 7.056280034707325122, -481.9347362245155750 ) ) ;
#4106 = CARTESIAN_POINT ( 'NONE',  ( -130.0000000000000000, -8.992069928866218476, -213.7657709950377694 ) ) ;
#4107 = CARTESIAN_POINT ( 'NONE',  ( -38.00008344084628220, -11.30476864209265031, -19.03677786170169739 ) ) ;
#4108 = CARTESIAN_POINT ( 'NONE',  ( 64.01637109700902784, -23.99047485638566002, -238.5710538739064361 ) ) ;
#4109 = CARTESIAN_POINT ( 'NONE',  ( 650.0000000000000000, -2.500000000000002220, 159.9568563693341616 ) ) ;
#4110 = CARTESIAN_POINT ( 'NONE',  ( -58.86965595246035576, 40.72772581799573288, -165.7686324112889906 ) ) ;
#4111 = CARTESIAN_POINT ( 'NONE',  ( 3.566628100783284135E-14, 26.61299864346519684, -451.4601418296084034 ) ) ;
#4112 = CARTESIAN_POINT ( 'NONE',  ( -43.25398365931785349, 4.018650474644768877, 33.73714906922368328 ) ) ;
#4113 = CARTESIAN_POINT ( 'NONE',  ( -129.9999999999999432, 12.64006352261357335, -294.7579124108774522 ) ) ;
#4114 = CARTESIAN_POINT ( 'NONE',  ( 107.5917382521559347, -11.60229191673483662, -91.05593085244051110 ) ) ;
#4115 = ORIENTED_EDGE ( 'NONE', *, *, #736, .T. ) ;
#4116 = CARTESIAN_POINT ( 'NONE',  ( -130.0000000000000284, -9.205682822681117372, -52.25507678718260962 ) ) ;
#4117 = CARTESIAN_POINT ( 'NONE',  ( 655.0000000000000000, -0.5836569176662512737, -1.677570890800155201 ) ) ;
#4118 = CARTESIAN_POINT ( 'NONE',  ( -55.60342528063831935, -5.620534848139439710, 25.07712834666035207 ) ) ;
#4119 = PLANE ( 'NONE',  #2829 ) ;
#4120 = CARTESIAN_POINT ( 'NONE',  ( -130.0000000000000568, -8.899906401143967472, -146.0435462473273276 ) ) ;
#4121 = CARTESIAN_POINT ( 'NONE',  ( 109.1372703444318262, -10.68748904304685965, -49.73275371579736515 ) ) ;
#4122 = CARTESIAN_POINT ( 'NONE',  ( 86.09785163538312247, 7.784572706206897230, -15.70269121155184600 ) ) ;
#4123 = CARTESIAN_POINT ( 'NONE',  ( 39.79191228011518433, -26.78636108957781659, -406.4304887080489834 ) ) ;
#4124 = CARTESIAN_POINT ( 'NONE',  ( -130.0000000000000000, 25.06717722551309180, -126.9836270765042059 ) ) ;
#4125 = CARTESIAN_POINT ( 'NONE',  ( -98.86064758673965969, 8.524190181780594955, -321.0625751292560039 ) ) ;
#4126 = EDGE_CURVE ( 'NONE', #3556, #1833, #2257, .T. ) ;
#4127 = DIRECTION ( 'NONE',  ( 1.000000000000000000, 0.000000000000000000, 0.000000000000000000 ) ) ;
#4128 = CARTESIAN_POINT ( 'NONE',  ( 26.31071847978844147, -16.09548543642384644, -25.98378141604912983 ) ) ;
#4129 = CARTESIAN_POINT ( 'NONE',  ( -33.83180554733907286, -28.90580319143324672, -238.6653816037317881 ) ) ;
#4130 = CARTESIAN_POINT ( 'NONE',  ( 129.9999999999998295, -9.128745563420039844, -44.13071501631942795 ) ) ;
#4131 = CARTESIAN_POINT ( 'NONE',  ( -29.52682317705989945, 47.44761520306452951, -167.0812479720415524 ) ) ;
#4132 = CARTESIAN_POINT ( 'NONE',  ( -82.37429034775919945, 20.32788910938034022, -338.0832347298484706 ) ) ;
#4133 = SURFACE_SIDE_STYLE ('',( #2413 ) ) ;
#4134 = CARTESIAN_POINT ( 'NONE',  ( -130.0000000000001137, 14.12170791003160630, -292.6093991648177166 ) ) ;
#4135 = CARTESIAN_POINT ( 'NONE',  ( 19.36004245848819849, -34.57714965334574941, -133.3381781667180519 ) ) ;
#4136 = EDGE_LOOP ( 'NONE', ( #3259, #1664, #1223, #669 ) ) ;
#4137 = FACE_OUTER_BOUND ( 'NONE', #466, .T. ) ;
#4138 = CARTESIAN_POINT ( 'NONE',  ( -103.1077743574454217, -4.703548289050661246, 4.649647465363946353 ) ) ;
#4139 = CARTESIAN_POINT ( 'NONE',  ( -130.0000000000000000, 24.48337225479139434, -122.8997232561281123 ) ) ;
#4140 = CARTESIAN_POINT ( 'NONE',  ( -130.0000000000000000, -8.971843672038199102, -184.3247126021642828 ) ) ;
#4141 = CARTESIAN_POINT ( 'NONE',  ( -41.11485337667772910, -19.11189900967363897, -95.91041524697891418 ) ) ;
#4142 = CARTESIAN_POINT ( 'NONE',  ( -56.79033842519572772, 8.199867323035878286, -1.069552278177513749 ) ) ;
#4143 = CARTESIAN_POINT ( 'NONE',  ( 100.0848680896738614, -11.11805774419593718, -290.8733677402562989 ) ) ;
#4144 = CARTESIAN_POINT ( 'NONE',  ( 655.0000000000000000, 97.50000000000000000, 149.9568563693341332 ) ) ;
#4145 = CARTESIAN_POINT ( 'NONE',  ( -82.19965614807938437, 14.85944190341311355, -346.8513006164880039 ) ) ;
#4146 = CARTESIAN_POINT ( 'NONE',  ( -18.45485219319110115, -30.10579070506369348, -49.87261220735056355 ) ) ;
#4147 = CARTESIAN_POINT ( 'NONE',  ( 104.0590934698114012, -12.82767775612934358, -185.0505210407380048 ) ) ;
#4148 = B_SPLINE_CURVE_WITH_KNOTS ( 'NONE', 3,
 ( #3044, #3438, #1043, #2410, #88, #437, #724, #68, #2059, #3745, #3086 ),
 .UNSPECIFIED., .F., .F.,
 ( 4, 1, 1, 1, 1, 1, 1, 1, 4 ),
 ( 0.5358730525190420479, 0.5625000000000000000, 0.5937500000000000000, 0.6250000000000000000, 0.6562500000000000000, 0.6875000000000000000, 0.7031250000000000000, 0.7187500000000000000, 0.7209972727567734996 ),
 .UNSPECIFIED. ) ;
#4149 = CARTESIAN_POINT ( 'NONE',  ( 649.9999999999996589, -5.527026919631540025, 116.8581362576329212 ) ) ;
#4150 = CARTESIAN_POINT ( 'NONE',  ( 16.63527827550953120, 55.35371524041057256, -226.8271645505522258 ) ) ;
#4151 = CARTESIAN_POINT ( 'NONE',  ( -21.37476152440486032, 45.82714965901514859, -390.0304043000267029 ) ) ;
#4152 = CARTESIAN_POINT ( 'NONE',  ( -34.59774441754665020, 4.376714935575083842, 40.89997227921492851 ) ) ;
#4153 = CARTESIAN_POINT ( 'NONE',  ( -649.9999999999994316, 8.967674631611064484, 4.300496536433115580 ) ) ;
#4154 = CARTESIAN_POINT ( 'NONE',  ( -84.23688718839149203, -15.71328075904285981, -98.68500575272635444 ) ) ;
#4155 = EDGE_CURVE ( 'NONE', #1833, #2681, #1909, .T. ) ;
#4156 = ORIENTED_EDGE ( 'NONE', *, *, #4048, .T. ) ;
#4157 = CARTESIAN_POINT ( 'NONE',  ( -130.0000000000000568, -8.339599369371129001, -25.26666021548223284 ) ) ;
#4158 = VECTOR ( 'NONE', #391, 1000.000000000000114 ) ;
#4159 = CARTESIAN_POINT ( 'NONE',  ( -649.9999999999985221, 8.692884585785762397, 118.0729019719696566 ) ) ;
#4160 = CARTESIAN_POINT ( 'NONE',  ( -130.0000000000000000, -8.167326755904207758, -23.89012876072841607 ) ) ;
#4161 = CARTESIAN_POINT ( 'NONE',  ( -130.0000000000000284, -8.962294975968971400, -171.4861113172715932 ) ) ;
#4162 = CARTESIAN_POINT ( 'NONE',  ( -60.42452533652117808, -18.57188049460282286, -101.3696017869536377 ) ) ;
#4163 = CARTESIAN_POINT ( 'NONE',  ( 23.65991622487401713, 8.314655361512830467, 34.35694264504664375 ) ) ;
#4164 = CARTESIAN_POINT ( 'NONE',  ( 130.0000000000000853, -7.651761118944086171, -268.6236447355284440 ) ) ;
#4165 = CARTESIAN_POINT ( 'NONE',  ( 655.0000000000000000, -1.753317928467107566E-16, -2.043143630665322785 ) ) ;
#4166 = CARTESIAN_POINT ( 'NONE',  ( -129.9999999999996305, 12.04035037609873982, -295.5486950974460569 ) ) ;
#4167 = CARTESIAN_POINT ( 'NONE',  ( 130.0000000000000000, 21.81298908962753913, -274.4498882307286749 ) ) ;
#4168 = CARTESIAN_POINT ( 'NONE',  ( 130.0000000000001990, -3.842864017270781751, -7.552068200721773650 ) ) ;
#4169 = CARTESIAN_POINT ( 'NONE',  ( 21.62301812173107152, -34.62162274399238271, -342.1339990572653278 ) ) ;
#4170 = CARTESIAN_POINT ( 'NONE',  ( 130.0000000000000000, -2.499999999999994227, 1.184918829155061596E-13 ) ) ;
#4171 = CARTESIAN_POINT ( 'NONE',  ( 15.52155894465126629, 44.10110235324032146, -120.3686036186429220 ) ) ;
#4172 = CARTESIAN_POINT ( 'NONE',  ( 3.155621244995895282E-14, 36.29732609632220175, -430.6388478624293725 ) ) ;
#4173 = CARTESIAN_POINT ( 'NONE',  ( -129.9999999999999716, 17.77449591128967299, -86.00656175041636686 ) ) ;
#4174 = DIRECTION ( 'NONE',  ( 0.000000000000000000, 0.000000000000000000, -1.000000000000000000 ) ) ;
#4175 = CARTESIAN_POINT ( 'NONE',  ( -24.89164544817503710, -11.76472726249409284, 13.99256276606617888 ) ) ;
#4176 = CARTESIAN_POINT ( 'NONE',  ( -61.74783693249035110, -21.13125215385494826, -151.9142157964569151 ) ) ;
#4177 = ORIENTED_EDGE ( 'NONE', *, *, #3837, .T. ) ;
#4178 = CARTESIAN_POINT ( 'NONE',  ( -48.80602627367026969, 51.66365941117422267, -309.6700397073736326 ) ) ;
#4179 = CARTESIAN_POINT ( 'NONE',  ( -129.9999999999999716, -8.548973597190480334, -27.13952120299446236 ) ) ;
#4180 = ADVANCED_FACE ( 'NONE', ( #3568 ), #2607, .F. ) ;
#4181 = VERTEX_POINT ( 'NONE', #1946 ) ;
#4182 = CARTESIAN_POINT ( 'NONE',  ( -56.45459054861325399, -2.462355812128065757, 50.00000000000000711 ) ) ;
#4183 = CARTESIAN_POINT ( 'NONE',  ( -650.0000000000001137, -3.814096539758224491, 11.00555075496571611 ) ) ;
#4184 = CARTESIAN_POINT ( 'NONE',  ( -130.0000000000000000, -8.952345252317240210, -165.0931140303837878 ) ) ;
#4185 = CARTESIAN_POINT ( 'NONE',  ( -29.00695723985375096, -22.93024942018039525, -102.1690249707703373 ) ) ;
#4186 = CARTESIAN_POINT ( 'NONE',  ( 56.79033842519582720, 8.199867323035910260, -1.069552278177495763 ) ) ;
#4187 = CARTESIAN_POINT ( 'NONE',  ( 3.043907211242334188E-14, -21.70915706264546330, -460.6472137588107216 ) ) ;
#4188 = DIRECTION ( 'NONE',  ( 0.000000000000000000, 0.000000000000000000, -1.000000000000000000 ) ) ;
#4189 = CARTESIAN_POINT ( 'NONE',  ( -82.25108385727604343, 16.79414291812022952, -343.9840676917643805 ) ) ;
#4190 = CARTESIAN_POINT ( 'NONE',  ( 130.0000000000000000, 28.37436810081033656, -244.7026453738753560 ) ) ;
#4191 = CARTESIAN_POINT ( 'NONE',  ( -130.0000000000001705, -5.432297863460815002, -12.86533490972755622 ) ) ;
#4192 = CARTESIAN_POINT ( 'NONE',  ( -64.96159366555853865, -24.34026741626548684, -274.6898732705921020 ) ) ;
#4193 = CARTESIAN_POINT ( 'NONE',  ( 649.9999999999992042, -5.553495781016109412, 119.4087473656232703 ) ) ;
#4194 = CARTESIAN_POINT ( 'NONE',  ( 15.44451961389082406, 47.00792278718586914, -144.4068889469214696 ) ) ;
#4195 = CARTESIAN_POINT ( 'NONE',  ( 40.45892415471666226, 32.29138752680021440, -407.9880403108610381 ) ) ;
#4196 = CARTESIAN_POINT ( 'NONE',  ( -130.0000000000000568, 15.80699813721672697, -76.55285179019753627 ) ) ;
#4197 = CARTESIAN_POINT ( 'NONE',  ( -650.0000000000004547, 3.214102264460922509, 149.3618422795891831 ) ) ;
#4198 = CARTESIAN_POINT ( 'NONE',  ( -650.0000000000006821, -3.954865763509386234, 12.34764579996642730 ) ) ;
#4199 = CARTESIAN_POINT ( 'NONE',  ( 111.7867539311903471, -3.319228465505930092, 19.97210797748741484 ) ) ;
#4200 = CARTESIAN_POINT ( 'NONE',  ( -43.91814631892590626, -23.26112294104817124, -165.1865651597146325 ) ) ;
#4201 = VERTEX_POINT ( 'NONE', #2051 ) ;
#4202 = CARTESIAN_POINT ( 'NONE',  ( -107.9737714039026173, 32.04092734635868567, -225.9767285651314239 ) ) ;
#4203 = FACE_OUTER_BOUND ( 'NONE', #3926, .T. ) ;
#4204 = CARTESIAN_POINT ( 'NONE',  ( -38.08902464217908346, -30.62344289195462821, -359.1996034285843962 ) ) ;
#4205 = PRODUCT_DEFINITION ( 'UNKNOWN', '', #2834, #2251 ) ;
#4206 = CARTESIAN_POINT ( 'NONE',  ( -17.39879688367781441, -21.38149489717502050, 47.23092665941991442 ) ) ;
#4207 = CARTESIAN_POINT ( 'NONE',  ( 650.0000000000000000, 2.500000000000002220, 159.9568563693341616 ) ) ;
#4208 = CARTESIAN_POINT ( 'NONE',  ( -649.9999999999998863, -5.533856192504184257, 127.0536829631036539 ) ) ;
#4209 = CARTESIAN_POINT ( 'NONE',  ( -108.4748994477421888, -11.10847183315629572, -67.49700441560077024 ) ) ;
#4210 = EDGE_CURVE ( 'NONE', #3904, #2763, #2320, .T. ) ;
#4211 = CARTESIAN_POINT ( 'NONE',  ( 24.73335365906612893, 15.69977436664903792, -10.24464316838494504 ) ) ;
#4212 = CARTESIAN_POINT ( 'NONE',  ( -67.60821685749715471, -19.05721341495908661, -374.4496315664844133 ) ) ;
#4213 = DIRECTION ( 'NONE',  ( -0.000000000000000000, -0.5399176832049001895, -0.8417178240732775540 ) ) ;
#4214 = CARTESIAN_POINT ( 'NONE',  ( 82.11852687421229291, 10.62097141246512422, -352.3723991406214395 ) ) ;
#4215 = CARTESIAN_POINT ( 'NONE',  ( -655.0000000000000000, -0.5836569176662512737, -1.677570890800155201 ) ) ;
#4216 = CARTESIAN_POINT ( 'NONE',  ( -110.4620121378111151, -6.470819294073270278, -14.46846812424624318 ) ) ;
#4217 = CARTESIAN_POINT ( 'NONE',  ( 36.66995161056576791, -29.62319007022934514, -318.9208463955198454 ) ) ;
#4218 = CARTESIAN_POINT ( 'NONE',  ( 650.0000000000001137, -4.656772858757602940, 27.62778761668477046 ) ) ;
#4219 = CARTESIAN_POINT ( 'NONE',  ( 28.90783256981318772, 39.28756718046538765, -107.9125364802400782 ) ) ;
#4220 = CARTESIAN_POINT ( 'NONE',  ( -82.81944713182558360, 27.88446678647459720, -321.5389300179837164 ) ) ;
#4221 =( NAMED_UNIT ( * ) PLANE_ANGLE_UNIT ( ) SI_UNIT ( $, .RADIAN. ) );
#4222 = CARTESIAN_POINT ( 'NONE',  ( 650.0000000000000000, -2.500000000000001776, 159.9568563693341332 ) ) ;
#4223 = CARTESIAN_POINT ( 'NONE',  ( -650.0000000000003411, -3.513585314668617343, 8.561481022092237936 ) ) ;
#4224 = CARTESIAN_POINT ( 'NONE',  ( 111.8971490806386981, -3.220449032459981265, 22.86081105900587929 ) ) ;
#4225 = CARTESIAN_POINT ( 'NONE',  ( 43.91814631892589205, -23.26112294104817835, -165.1865651597146325 ) ) ;
#4226 = VERTEX_POINT ( 'NONE', #1360 ) ;
#4227 = CARTESIAN_POINT ( 'NONE',  ( 129.9999999999998295, 28.97728509930463403, -226.3604033422502084 ) ) ;
#4228 = CARTESIAN_POINT ( 'NONE',  ( -130.0000000000000000, -9.115879925928998873, -81.87938465041405323 ) ) ;
#4229 = CARTESIAN_POINT ( 'NONE',  ( -66.09586074781786635, -25.52430595301348148, -318.1643562368402058 ) ) ;
#4230 = AXIS2_PLACEMENT_3D ( 'NONE', #2078, #3802, #1802 ) ;
#4231 = CARTESIAN_POINT ( 'NONE',  ( -649.9999999999998863, 10.45232203570203566, 109.4196346987202304 ) ) ;
#4232 = CARTESIAN_POINT ( 'NONE',  ( 650.0000000000000000, -2.541022349665869928, 1.707494875082272490 ) ) ;
#4233 = LINE ( 'NONE', #2252, #2004 ) ;
#4234 = CARTESIAN_POINT ( 'NONE',  ( -35.24347223997168044, 3.868378016552844745, 34.64500155190335562 ) ) ;
#4235 = CARTESIAN_POINT ( 'NONE',  ( 54.19688710716921776, -14.78010427743680388, -416.2517292114538918 ) ) ;
#4236 = CARTESIAN_POINT ( 'NONE',  ( -24.22979730690076039, -8.514086436644804579, 50.00000000000000000 ) ) ;
#4237 = CARTESIAN_POINT ( 'NONE',  ( 130.0000000000001705, 13.62396396833947421, -293.3645939909137610 ) ) ;
#4238 = CARTESIAN_POINT ( 'NONE',  ( -655.0000000000000000, -4.647574224469146031, 23.64293699311642882 ) ) ;
#4239 = EDGE_CURVE ( 'NONE', #2763, #3751, #2427, .T. ) ;
#4240 = CARTESIAN_POINT ( 'NONE',  ( 39.24599141517886380, -14.97380629904990279, -49.70573601176231904 ) ) ;
#4241 = CARTESIAN_POINT ( 'NONE',  ( -21.35146104214189577, -34.98860648362985870, -317.0402673897344812 ) ) ;
#4242 = CARTESIAN_POINT ( 'NONE',  ( 130.0000000000000000, -8.953950093280587552, -165.0991082180914589 ) ) ;
#4243 = CARTESIAN_POINT ( 'NONE',  ( 40.63521336860997479, 36.81734331462644150, -108.3740088802682067 ) ) ;
#4244 = CARTESIAN_POINT ( 'NONE',  ( 67.51035964859514138, 29.67882375351408797, -364.7010141316480940 ) ) ;
#4245 = CARTESIAN_POINT ( 'NONE',  ( -130.0000000000000284, 14.97763267825075673, -72.61141056472013133 ) ) ;
#4246 = CARTESIAN_POINT ( 'NONE',  ( -650.0000000000000000, -4.274551292684870774, 17.43085385426316947 ) ) ;
#4247 = CARTESIAN_POINT ( 'NONE',  ( -649.9999999999986358, -5.241968532099956057, 104.0931849191162542 ) ) ;
#4248 = CARTESIAN_POINT ( 'NONE',  ( 36.59843696972225047, -7.336605038256459821, 15.41138788430947670 ) ) ;
#4249 = CARTESIAN_POINT ( 'NONE',  ( 43.29519233175962256, -22.63285796913044479, -149.7937593236425755 ) ) ;
#4250 = EDGE_LOOP ( 'NONE', ( #859, #2503, #1728, #4070, #1004 ) ) ;
#4251 = CARTESIAN_POINT ( 'NONE',  ( 18.94143112649260274, 57.32884729764167986, -307.8757920332842559 ) ) ;
#4252 = CARTESIAN_POINT ( 'NONE',  ( -130.0000000000000000, -8.950199575128461760, -99.30097301143985078 ) ) ;
#4253 = CARTESIAN_POINT ( 'NONE',  ( -36.13122147934755191, -5.861374527285557967, 26.90416577035852796 ) ) ;
#4254 = CARTESIAN_POINT ( 'NONE',  ( -21.98509422784986000, -34.67116567392219650, -375.6576962235124597 ) ) ;
#4255 = EDGE_LOOP ( 'NONE', ( #3966, #2849, #2330, #1581, #3341 ) ) ;
#4256 = CARTESIAN_POINT ( 'NONE',  ( -649.9999999999997726, 15.94960066095438300, 60.37307887283198227 ) ) ;
#4257 = CARTESIAN_POINT ( 'NONE',  ( -130.0000000000000000, 2.501211595922931519, -0.01514668761077816138 ) ) ;
#4258 = FACE_OUTER_BOUND ( 'NONE', #231, .T. ) ;
#4259 = CARTESIAN_POINT ( 'NONE',  ( -130.0000000000000000, -4.464859893029351490, -293.2639325000545796 ) ) ;
#4260 = CARTESIAN_POINT ( 'NONE',  ( -649.9999999999997726, -5.848941126776869837, 142.9763654373284680 ) ) ;
#4261 = CARTESIAN_POINT ( 'NONE',  ( 54.53406195082437335, 20.82502631648143421, -409.7379651786064869 ) ) ;
#4262 = CARTESIAN_POINT ( 'NONE',  ( -655.0000000000000000, -1.591052431238389575, -0.6894684822842815919 ) ) ;
#4263 = CARTESIAN_POINT ( 'NONE',  ( -109.9100363905697151, -9.735752082227572046, -28.93980069616677753 ) ) ;
#4264 = CARTESIAN_POINT ( 'NONE',  ( -65.15063817926844081, -24.46556259194458960, -281.9270126653944430 ) ) ;
#4265 = CARTESIAN_POINT ( 'NONE',  ( 130.0000000000000568, -7.990924838750976811, -262.6130056043820673 ) ) ;
#4266 = CARTESIAN_POINT ( 'NONE',  ( 113.0855737256019466, 15.79006852969943786, -75.87711859152135219 ) ) ;
#4267 = CARTESIAN_POINT ( 'NONE',  ( -103.9617181484889130, 30.66730723011847104, -260.1320086386606931 ) ) ;
#4268 = CARTESIAN_POINT ( 'NONE',  ( -130.0000000000000284, 16.91245651927697580, -81.83574722773205679 ) ) ;
#4269 = CARTESIAN_POINT ( 'NONE',  ( -129.9999999999996874, 15.98394671045667081, -77.31033852753809299 ) ) ;
#4270 = CARTESIAN_POINT ( 'NONE',  ( -129.9999999999998295, -8.975630065670314295, -194.3232234310351600 ) ) ;
#4271 = CARTESIAN_POINT ( 'NONE',  ( 25.74308926714308754, -14.45864069727262802, -9.982708772951912835 ) ) ;
#4272 = CARTESIAN_POINT ( 'NONE',  ( -43.60666932534271467, -22.96233974362387897, -157.4900259078387421 ) ) ;
#4273 = ORIENTED_EDGE ( 'NONE', *, *, #4048, .F. ) ;
#4274 = CARTESIAN_POINT ( 'NONE',  ( 46.84811671155523527, 52.97980676458240623, -278.8321648785903335 ) ) ;
#4275 = CARTESIAN_POINT ( 'NONE',  ( -130.0000000000000284, -9.052624434209370463, -88.59186669562262750 ) ) ;
#4276 = CARTESIAN_POINT ( 'NONE',  ( 65.90681623410796419, -25.35371276351607861, -310.9298116032917392 ) ) ;
#4277 = LINE ( 'NONE', #1252, #3532 ) ;
#4278 = CARTESIAN_POINT ( 'NONE',  ( 34.71356025782137067, -5.014772347629538274, 40.79807350500218632 ) ) ;
#4279 = CARTESIAN_POINT ( 'NONE',  ( -82.15890332901554416, -8.141623629043175825, -349.0535124597817571 ) ) ;
#4280 = CARTESIAN_POINT ( 'NONE',  ( 130.0000000000001421, 19.48022640901156777, -281.4510114141614281 ) ) ;
#4281 = CARTESIAN_POINT ( 'NONE',  ( 18.54537121972082758, -30.64761735866195380, -58.21297160428657236 ) ) ;
#4282 = CARTESIAN_POINT ( 'NONE',  ( 650.0000000000006821, -4.826714885155049650, 88.77214088405463599 ) ) ;
#4283 = CARTESIAN_POINT ( 'NONE',  ( 27.06765411119808462, 28.39626285372554904, -61.28367254888644311 ) ) ;
#4284 = CARTESIAN_POINT ( 'NONE',  ( -20.02385335924569532, 54.65528648363886077, -344.0764304234535302 ) ) ;
#4285 = CARTESIAN_POINT ( 'NONE',  ( -130.0000000000000284, 6.425630915243083052, -29.26236872711814030 ) ) ;
#4286 = CARTESIAN_POINT ( 'NONE',  ( 23.16089951683300541, 1.426697659731254397, -475.6935894537892864 ) ) ;
#4287 = CARTESIAN_POINT ( 'NONE',  ( -650.0000000000014779, -4.812373855825597957, 58.19650882194468267 ) ) ;
#4288 = CARTESIAN_POINT ( 'NONE',  ( 25.31736735765899482, -13.15567646494332443, 2.006661295991035932 ) ) ;
#4289 = CARTESIAN_POINT ( 'NONE',  ( -20.17471369725562980, -35.67227342754340214, -208.5070489351080312 ) ) ;
#4290 = ORIENTED_EDGE ( 'NONE', *, *, #3837, .F. ) ;
#4291 = CARTESIAN_POINT ( 'NONE',  ( -110.9511372408149299, 30.89176103967527709, -197.4491742904158968 ) ) ;
#4292 = CARTESIAN_POINT ( 'NONE',  ( -130.0000000000000284, -8.886773477702565316, -107.0186411770608714 ) ) ;
#4293 = EDGE_CURVE ( 'NONE', #1071, #2131, #328, .T. ) ;
#4294 = CARTESIAN_POINT ( 'NONE',  ( 102.0719807797428018, -13.14092714064182310, -238.1385859056732386 ) ) ;
#4295 = ORIENTED_EDGE ( 'NONE', *, *, #417, .F. ) ;
#4296 = CARTESIAN_POINT ( 'NONE',  ( 130.0000000000000000, -8.844643660743271241, -123.8482695576496866 ) ) ;
#4297 = DIRECTION ( 'NONE',  ( 0.000000000000000000, 0.000000000000000000, 1.000000000000000000 ) ) ;
#4298 = CARTESIAN_POINT ( 'NONE',  ( 22.84502497988217584, -18.97255127694110044, -451.9145246691612101 ) ) ;
#4299 = CARTESIAN_POINT ( 'NONE',  ( 650.0000000000000000, 14.23496115839674125, 101.4400299739187972 ) ) ;
#4300 = COLOUR_RGB ( '',0.7921568627450980005, 0.8196078431372548767, 0.9333333333333333481 ) ;
#4301 = CARTESIAN_POINT ( 'NONE',  ( 39.09025291838734262, -14.53319150849578101, -45.86615947069638111 ) ) ;
#4302 = VECTOR ( 'NONE', #1633, 1000.000000000000114 ) ;
#4303 = CARTESIAN_POINT ( 'NONE',  ( 129.9999999999999432, -8.215218201884571414, -257.7360622988128398 ) ) ;
#4304 = CARTESIAN_POINT ( 'NONE',  ( -113.0330343408853508, 10.63025850739916400, -50.42548765202133154 ) ) ;
#4305 = CARTESIAN_POINT ( 'NONE',  ( 129.9999999999998579, 27.25663114647631957, -245.4585676214794034 ) ) ;
#4306 = CARTESIAN_POINT ( 'NONE',  ( -130.0000000000000284, 4.936382623866496289, -19.91696751479960525 ) ) ;
#4307 = CARTESIAN_POINT ( 'NONE',  ( 3.816391647148975608E-14, 0.000000000000000000, -490.5886635386124226 ) ) ;
#4308 = CARTESIAN_POINT ( 'NONE',  ( -650.0000000000002274, -2.812409971370488648, 4.153640095271645905 ) ) ;
#4309 = CARTESIAN_POINT ( 'NONE',  ( 129.9999999999997726, -2.147176546234863537, 11.09329296796009778 ) ) ;
#4310 = CARTESIAN_POINT ( 'NONE',  ( -44.85257729967525364, -24.11629321731141573, -188.2797864284526952 ) ) ;
#4311 = ORIENTED_EDGE ( 'NONE', *, *, #4101, .T. ) ;
#4312 = CARTESIAN_POINT ( 'NONE',  ( 1.909042856521742104E-14, 58.31929594359446156, -264.1611601930023880 ) ) ;
#4313 = CARTESIAN_POINT ( 'NONE',  ( -650.0000000000000000, -4.683260470129476438, 62.65225140358553091 ) ) ;
#4314 = CARTESIAN_POINT ( 'NONE',  ( -52.58758930698981260, -26.60092791101099863, -379.0598699003508614 ) ) ;
#4315 = VERTEX_POINT ( 'NONE', #2651 ) ;
#4316 = CARTESIAN_POINT ( 'NONE',  ( -130.0000000000000000, 22.73958496941650864, -112.0016372572615921 ) ) ;
#4317 = CARTESIAN_POINT ( 'NONE',  ( 650.0000000000000000, -2.811275179089735676, 4.409359795621303313 ) ) ;
#4318 = EDGE_CURVE ( 'NONE', #1706, #2196, #975, .T. ) ;
#4319 = CARTESIAN_POINT ( 'NONE',  ( 78.76262276177908461, -5.897965094537523711, 12.85733072487241024 ) ) ;
#4320 = CARTESIAN_POINT ( 'NONE',  ( 40.92717070540581403, -15.64012887598457979, -436.1609267894032769 ) ) ;
#4321 = CARTESIAN_POINT ( 'NONE',  ( 129.9999999999997726, 27.58533458697480256, -243.1739019695494903 ) ) ;
ENDSEC;
END-ISO-10303-21;
